Time,A1,A2,A3,A(mm/s2),A(in g)
0.0,-42036.234375,-76.78990173339844,147683.0,153549.07810247166,15.668273275762413
2.5025748827674607e-05,-66800.6469617851,-12.619835167408665,245883.79203595992,254796.32214701688,25.99962470887927
5.0051497655349214e-05,-91257.10562132427,44.35248992082989,344924.84162695496,356792.6676166984,36.407415062928415
7.507724648302382e-05,-114390.0020307793,92.03393228992617,441178.35171785305,455766.84725808573,46.506821148784255
0.00010010299531069843,-135090.07422123235,128.13677124338685,530426.8623384868,547359.1150811244,55.85297092664535
0.00012512874413837303,-151569.98991655133,145.8316322059751,606319.6827711376,624977.6322601691,63.773227781649915
0.00015015449296604765,-162105.14032831806,119.36948586794303,662366.9422502262,681914.992470276,69.58316249696695
0.00017518024179372224,-166348.64743825025,15.938140864575352,696800.9825991839,716382.2178901988,73.10022631532642
0.00020020599062139685,-165196.18572667384,-172.16368457427313,711976.690599084,730890.2909297692,74.5806419316091
0.00022523173944907147,-159939.92338764365,-424.38929215401953,711629.1287427647,729381.2282167928,74.42665594048907
0.00025025748827674606,-151756.73809636565,-703.9612731048715,699522.393089514,715794.7901119087,73.0402847052968
0.00027528323710442065,-141742.68766399485,-978.3934458573023,679427.7097211177,694056.1645122317,70.82205760328895
0.0003003089859320953,-131077.06488398986,-1226.6668847318692,655583.4737681893,668559.9395179595,68.22040199162853
0.0003253347347597699,-120945.0043291782,-1441.774547208196,632339.8684240223,643803.9157889982,65.69427712132637
0.0003503604835874445,-112187.29418224121,-1621.8339935235176,612870.2898168196,623055.8654419988,63.577129126734576
0.0003753862324151191,-105176.15654078001,-1763.5365260114672,598726.8428814067,607897.1675801908,62.03032322246844
0.0004004119812427937,-100014.01149134357,-1866.3381975154716,590492.4007898979,598905.3022836394,61.11278594731014
0.0004254377300704683,-96793.14184235099,-1934.7456507826914,588616.5098789885,596524.9795699118,60.86989587448079
0.00045046347889814294,-95627.36247405464,-1974.4496919832613,593530.1604950827,601187.6099213045,61.34567448176576
0.00047548922772581753,-96483.41336788205,-1995.627353230689,605210.3749016267,612856.1246101399,62.53633924593263
0.0005005149765534921,-99043.56211379051,-2013.790411374059,622784.6405417876,630614.2965734061,64.34839760953123
0.0005255407253811667,-102681.66871504464,-2041.1579715435614,644344.0705492955,652477.5648771443,66.57934335481065
0.0005505664742088413,-106624.04314341555,-2081.799313155161,667421.4000082348,675887.8203175308,68.96814493036028
0.000575592223036516,-110197.58626815482,-2135.5267005325086,689861.3342436496,698610.5703308824,71.28679289090637
0.0006006179718641906,-112966.82206393743,-2200.8897204600253,710285.8416924971,719216.4651282728,73.38943521717069
0.0006256437206918652,-114720.69391404453,-2280.9378338931697,728042.4316161466,737029.0513425949,75.20704605536682
0.0006506694695195398,-115355.61160061332,-2383.0683259180164,742847.4729567725,751754.5904219178,76.70965208386916
0.0006756952183472144,-114766.03741472772,-2509.282919178738,754404.4441106122,763088.2027253186,77.86614313523658
0.000700720967174889,-112882.64865473328,-2655.630816127463,762444.9573808155,770760.5709802494,78.64903785512747
0.0007257467160025636,-109796.06140277276,-2817.0332742404394,767169.1048036211,774991.3200422107,79.08074694308273
0.0007507724648302382,-105620.87181802033,-2981.4862023817636,768803.6922817642,776030.7823071457,79.18681452113732
0.0007757982136579128,-100381.79305307123,-3127.671841734721,767250.4407537127,773795.5321299321,78.95872776836042
0.0008008239624855874,-94030.92092473,-3221.007469226456,762144.1961299744,767929.6612801934,78.36016951838708
0.000825849711313262,-86571.7444822031,-3220.8110955964307,753234.6396038695,758200.1469711113,77.36736193582767
0.0008508754601409366,-78236.58090650513,-3105.2270426088126,741018.5313997548,745143.6565558938,76.03506699549938
0.0008759012089686112,-69431.64322628714,-2879.9977872813797,726624.4359075945,729939.804590943,74.48365352968807
0.0009009269577962859,-60596.32780190979,-2576.9733242697885,711373.9165572802,713954.7638978481,72.85252692835184
0.0009259527066239605,-52147.258704933236,-2234.712974664753,696660.3333049177,698612.8760145087,71.28702816474578
0.0009509784554516351,-44433.69482195137,-1882.8670620687565,683734.798218367,685179.664554473,69.91629230147684
0.0009760042042793097,-37694.43910704713,-1546.081419022691,673447.4108836375,674503.2811877773,68.82686542732422
0.0010010299531069842,-32043.168047424107,-1248.8363009056459,666151.3191529447,666922.71232862,68.05333799271632
0.001026055701934659,-27473.545970250154,-1014.2318811659849,661712.9682322758,662283.8339573253,67.57998305686992
0.0010510814507623334,-23871.279221185116,-861.6322228438728,659538.4576686125,659970.8762707792,67.34396696640603
0.0010761071995900081,-21039.521908219613,-802.9016273645094,658657.0201154707,658993.4569330633,67.24423029929218
0.0011011329484176826,-18752.944494594845,-843.7678786909303,657970.456819043,658238.1840322773,67.16716163594666
0.0011261586972453573,-16804.50565416964,-980.5593130840182,656545.2809856684,656761.0363681478,67.01643228246405
0.001151184446073032,-15029.947553095017,-1192.6701092766593,653799.7627055137,653973.5862397373,66.73199859589155
0.0011762101949007065,-13320.975286137698,-1446.5096880612548,649566.5550328788,649704.7407785606,66.29640212026128
0.0012012359437283812,-11621.526347466108,-1698.688266009106,644012.846076721,644119.9355153498,65.72652403217853
0.0012262616925560557,-9920.219146448419,-1902.3076072398242,637535.5832230336,637615.5968902276,65.0628160092069
0.0012512874413837304,-8227.153532502296,-2017.6932068617166,630592.5851085472,630649.4791364743,64.35198766698718
0.0012763131902114048,-6550.733627545566,-2025.8416972217804,623497.1511567328,623534.8535937713,63.626005468752176
0.0013013389390390795,-4890.402238234354,-1934.0613513942678,616351.7825050103,616374.2178453538,62.895328351566704
0.0013263646878667542,-3233.924772360245,-1767.3164949651493,609072.5517545578,609083.7011263681,62.15139807411919
0.0013513904366944287,-1575.7559488582688,-1559.8955346553446,601567.3801783419,601571.4663907562,61.38484350926084
0.0013764161855221034,73.106085475243,-1342.9544315944504,593880.2712567404,593881.7941805656,60.60018307964955
0.001401441934349778,1686.727457986454,-1139.3650870589022,586239.3903657221,586242.9240670574,59.820706537454846
0.0014264676831774526,3229.779625109045,-966.3440811530206,579011.5487514891,579021.3630643691,59.08381255758867
0.0014514934320051273,4669.359912539847,-839.419590693374,572550.7852372893,572570.440402828,58.42555514314572
0.0014765191808328018,5990.6875446551785,-766.3114653472078,567053.5991076588,567085.7605613709,57.865893934833764
0.0015015449296604765,7195.232784662824,-741.9585518348338,562605.6381589101,562652.1358401533,57.41348324899525
0.001526570678488151,8281.995351293092,-753.1979944959231,559333.0070343126,559394.8261400639,57.081104708169775
0.0015515964273158257,9237.725301819179,-781.5435770952569,557460.2624755475,557537.3445953337,56.89156577503406
0.0015766221761435001,10044.343714581535,-809.5821604807365,557239.2668762003,557330.373129487,56.870446237702765
0.0016016479249711748,10685.203913987332,-824.9280062849316,558874.57948029,558977.3248336376,57.03850253404465
0.0016266736737988495,11161.066175998318,-815.6286333308735,562406.9114549252,562518.2385492283,57.39982026012534
0.001651699422626524,11496.134118359967,-771.2666065923214,567689.7850494275,567806.6995037241,57.93945913303307
0.0016767251714541987,11735.143075281982,-687.6316875323611,574445.8741767508,574566.1396036373,58.6291979187385
0.0017017509202818732,11940.641413801271,-565.5947609838906,582294.5359359881,582417.2262182108,59.43032920593986
0.001726776669109548,12177.390344402835,-409.7744292903054,590832.1621171611,590957.7823692008,60.30181452746947
0.0017518024179372224,12497.706097981662,-233.582748869729,599704.7087119753,599834.9646943958,61.20764945861182
0.001776828166764897,12938.09423164814,-59.413196639115235,608627.4661912177,608764.9714090143,62.11887463357289
0.0018018539155925718,13507.980150122707,91.71994207123242,617443.3661389293,617591.114192275,63.01950144819133
0.0018268796644202463,14170.593471925771,209.95389948820713,626184.2701291202,626344.6255514084,63.91271689300086
0.001851905413247921,14829.744191798563,300.3574583957206,635039.561097441,635212.7641083996,64.817628990653
0.0018769311620755954,15317.782534202948,379.5420975624213,644312.4966421042,644494.6639369105,65.76476162621535
0.0019019569109032701,15401.908252611413,465.34908507220575,654262.9831878947,654444.4105479926,66.78004189265229
0.0019269826597309448,14786.81279643523,569.1312298198169,665008.1196913962,665172.7392178583,67.87476930794473
0.0019520084085586193,13108.066922392805,696.4946000388826,676534.8161714287,676662.1490930617,69.04715807072058
0.001977034157386294,9933.392351156848,850.9688282766685,688682.8836302971,688755.0440010492,70.28112693888257
0.0020020599062139685,4771.544784174835,1037.168457897028,701135.8109945958,701152.8141689064,71.54620552743944
0.002027085655041643,-2912.075914328512,1259.5236018576734,713516.1349396908,713523.189119073,72.80848868561968
0.002052111403869318,-13661.346936592421,1519.2979444787977,725516.6292436483,725646.8286813549,74.04559476340357
0.0020771371526969924,-27968.173463291263,1814.937416919731,736985.7624006723,737518.4924501817,75.25698902552875
0.002102162901524667,-46201.14946305117,2141.638020402553,747958.2860234315,749386.9030457352,76.46805133119747
0.0021271886503523418,-68557.34845352297,2489.191066840928,758657.6478982553,761753.0655085403,77.72990464372859
0.0021522143991800162,-95021.26169316117,2846.65811885341,769399.065534585,775249.679565593,79.1071101597544
0.0021772401480076907,-125292.74995601618,3207.5700163998727,780423.8045262533,790423.8586783676,80.6554957835069
0.002202265896835365,-158673.44654453115,3569.927447245873,791798.2257262178,807548.4117254332,82.40289915565646
0.00222729164566304,-194018.02321416506,3944.185171031765,803436.107200957,826539.852809268,84.34080130706816
0.0022523173944907146,-229782.90771379333,4353.531453493242,815132.2060302984,846911.8320249037,86.41957469641876
0.002277343143318389,-264203.88970190013,4823.515085782282,826649.0399625808,867856.8988602754,88.55682641431383
0.002302368892146064,-295558.4344966764,5375.285803859381,837766.0751360611,888389.3732727863,90.65197686457002
0.0023273946409737385,-322434.55727656686,6021.55833895958,848279.1757937041,907511.9078901671,92.6032559071599
0.002352420389801413,-343933.32909159194,6768.778124548734,857936.2050247904,924332.4526946433,94.31963803006565
0.0023774461386290874,-359724.53490327625,7628.090147050805,866435.3890036894,938173.8709261067,95.73202764552109
0.0024024718874567624,-369920.07650350925,8619.07694505798,873422.3275306185,948568.2441018951,96.79267796958113
0.002427497636284437,-374897.8473079069,9766.013233413567,878539.8105308182,955236.0805677266,97.47306944568639
0.0024525233851121113,-375199.57208997797,11091.512989833971,881528.1632622527,958117.7606022266,97.76711842879863
0.0024775491339397862,-371485.96523063484,12602.602283501377,882326.515731091,957424.0065455892,97.6963271985295
0.0025025748827674607,-364489.3306139429,14283.59928341916,881103.6326499592,953624.7190629826,97.30864480234517
0.002527600631595135,-354987.0241741778,16107.64686842589,878259.7408399973,947425.6783513792,96.67608962769177
0.0025526263804228097,-343776.8592953788,18049.66071445063,874414.1369309063,939738.4753756535,95.89168116078098
0.0025776521292504846,-331587.7608772685,20094.149366377704,870242.3520862802,931491.2610255211,95.05012867607358
0.002602677878078159,-319022.8494986619,22237.185540503877,866346.3063491503,923485.7841059574,94.2332432761181
0.0026277036269058336,-306562.34391577175,24485.611425913907,863231.6702114891,916378.1601095145,93.50797552137902
0.0026527293757335085,-294554.6631550056,26847.15268935246,861248.12305673,910621.5177892505,92.92056303971944
0.002677755124561183,-283230.19153421104,29322.1502714406,860610.7903721574,906493.2776353586,92.49931404442434
0.0027027808733888574,-272725.9484089195,31899.60557420816,861440.9906274253,904144.6831714755,92.25966154810976
0.0027278066222165324,-263074.3300064683,34562.369473435174,863756.7775125908,903591.9605571466,92.20326128134148
0.002752832371044207,-254205.64147723856,37294.81364556556,867492.2056256507,904739.8179093808,92.32038958258985
0.0027778581198718813,-245996.25075792585,40093.642580069914,872571.9256493144,907470.8926426498,92.59907067782142
0.002802883868699556,-238317.57125580442,42963.33262495287,878947.185404525,911695.8195851198,93.030185671951
0.0028279096175272307,-231051.14977771053,45914.35106144041,886594.7180375148,917356.504037408,93.6078065344294
0.002852935366354905,-224078.3032363622,48967.415026477676,895480.0028332727,924388.0836478234,94.32531465794116
0.0028779611151825797,-217259.04917396285,52157.73067595548,905489.1917374034,932648.1649959227,95.16818010162476
0.0029029868640102546,-210411.2486898438,55531.7939588303,916331.9340975329,941817.8630515275,96.10386357668646
0.002928012612837929,-203310.37885139807,59139.303145014295,927536.6675582307,951397.3076444558,97.08135792290366
0.0029530383616656036,-195724.85332087957,63030.57577416222,938567.9432416864,960828.2134548024,98.04369525049006
0.002978064110493278,-187471.17877275855,67253.09745765587,949004.3251083839,969679.1382010765,98.94685083684455
0.003003089859320953,-178469.2560488847,71839.90965758702,958641.8756918326,977755.8456971233,99.77100466297178
0.0030281156081486274,-168784.06659615962,76803.13906128997,967528.5865959066,985138.7461599468,100.52436185305577
0.003053141356976302,-158612.76442403853,82115.26912604191,975907.6523395085,992117.2674425407,101.23645586148376
0.003078167105803977,-148252.50048211927,87692.65845474668,984167.6670486729,999127.020508352,101.95173678656653
0.0031031928546316513,-138028.56392160562,93405.55393787185,992742.7276352122,1006635.2890882866,102.71788664166189
0.003128218603459326,-128241.13495063465,99092.48884374021,1001993.1103704325,1015014.9276135708,103.57295179730315
0.0031532443522870003,-119129.55063369717,104579.45991729265,1012133.033482952,1024471.5665831651,104.53791495746583
0.003178270101114675,-110847.62993495018,109705.77759876486,1023217.6515840277,1035034.7420322924,105.61579000329516
0.0032032958499423497,-103453.90969672173,114352.63437696123,1035195.5196542524,1046617.8864956702,106.79774351996635
0.003228321598770024,-96918.44494812143,118457.84440895652,1047958.0633812848,1059075.799213666,108.06895910343529
0.003253347347597699,-91153.40896959108,122008.48247130704,1061379.0193012743,1072250.1743419229,109.4132830961146
0.0032783730964253736,-86036.38926558373,125015.09984226758,1075332.7493477522,1085988.7463902733,110.8151782030891
0.003303398845253048,-81420.82405329627,127492.1254735372,1089682.2643980784,1100132.278406002,112.25839575571449
0.0033284245940807225,-77163.23311488173,129457.06595756281,1104309.40359168,1114545.8964669954,113.72917310887706
0.0033534503429083974,-73154.72409518555,130932.95483829586,1119160.500187802,1129165.7440342735,115.22099428921159
0.003378476091736072,-69316.2151503178,131958.40151636067,1134242.7113150011,1143994.8800516645,116.73417143384333
0.0034035018405637464,-65581.65828339708,132605.05383326788,1149604.323337871,1159083.7564397873,118.27385269793749
0.0034285275893914213,-61894.50984775059,133011.34534547754,1165323.9373032122,1174522.382584115,119.84922271266478
0.003453553338219096,-58208.52796421828,133418.61990034135,1181493.3213879834,1190426.4905268932,121.47209087009114
0.0034785790870467703,-54482.70145125967,134134.80094789734,1198191.8235243345,1206906.8545432275,123.15376066767627
0.0035036048358744448,-50675.76723024504,135361.40406082539,1215405.3273461808,1223969.3022439575,124.89482675958752
0.0035286305847021197,-46734.93315121671,137165.63601466452,1232980.9716873502,1241467.1329612134,126.68031968991973
0.003553656333529794,-42590.68089960275,139512.46925150958,1250606.6882172998,1259084.8993573848,128.4780509548352
0.0035786820823574686,-38145.78431979822,142292.8835092572,1267813.7055601415,1276343.9808942259,130.2391817239006
0.0036037078311851435,-33297.71888446701,145350.8226749563,1284120.476544787,1292749.3949010866,131.91320356133537
0.003628733580012818,-27968.981188057558,148501.33167041285,1299190.063207374,1307948.6724462104,133.46415024961334
0.0036537593288404925,-22098.49101288658,151544.93618011472,1312783.237904485,1321686.0598152129,134.8659244709401
0.003678785077668167,-15610.600934848677,154290.48900152484,1324618.2182579297,1333665.126633608,136.08827822791918
0.003703810826495842,-8436.71051997583,156587.57811684455,1334428.7991008835,1343611.20402242,137.1031840839204
0.0037288365753235164,-563.1351428809573,158354.5921624501,1342133.5273231817,1351443.2652327016,137.90237400333692
0.003753862324151191,7955.990615846267,159589.91241183315,1347894.31703471,1357332.4308455454,138.5033092699536
0.003778888072978866,17016.746867236274,160353.63961646982,1352072.7859256011,1361654.7572174082,138.94436298136816
0.0038039138218065403,26505.934877545613,160738.98816380813,1355090.0144123854,1364847.4398481294,139.2701469232785
0.0038289395706342147,36321.76526216027,160847.05630480815,1357351.2850147064,1367330.814793732,139.52355252997262
0.0038539653194618897,46359.63525691864,160771.4118766607,1359267.8941030412,1369527.6085553917,139.74771515871345
0.003878991068289564,56488.707035187304,160605.7728027631,1361304.1200738638,1371908.923948738,139.99070652538143
0.0039040168171172386,66593.18804817778,160450.130561639,1363883.6903707334,1374902.7667258885,140.29620068631516
0.003929042565944913,76593.90458337865,160362.41927312745,1367281.011356655,1378782.1059768773,140.69205163029363
0.003954068314772588,86488.9229029414,160372.85531276677,1371558.409813774,1383608.4193283895,141.18453258452953
0.003979094063600262,96340.42661469751,160506.05102010322,1376587.9110756963,1389258.05635033,141.76102615819693
0.004004119812427937,106259.03879468418,160793.9166568725,1382118.1420096138,1395491.3921026683,142.3970808268029
0.004029145561255612,116373.74635148194,161267.13420500394,1387881.6668377842,1402057.580329335,143.0671000336056
0.004054171310083286,126824.76943851152,161943.78471953137,1393596.3053620693,1408694.7766884787,143.74436496821207
0.004079197058910961,137745.72440352317,162831.9987140396,1398939.0500911917,1415103.7454075753,144.3983413681199
0.004104222807738636,149223.13815809268,163937.68831734554,1403602.0634681124,1421000.3037240065,145.00003099224557
0.00412924855656631,161277.45493793915,165271.0748885713,1407357.4818173212,1426176.716712897,145.52823639927522
0.004154274305393985,173843.37142204272,166835.3110152565,1410159.6963273194,1430596.34695939,145.97921907748878
0.00417930005422166,186806.89299781405,168630.99957045572,1412127.6635713081,1434377.1357323932,146.3650138502442
0.004204325803049334,200038.7525473842,170648.12528664616,1413406.322143138,1437655.6321540182,146.69955430143045
0.004229351551877009,213447.11050601385,172861.8178780519,1414013.0515876357,1440442.2192941252,146.98389992797195
0.0042543773007046835,226993.65348041954,175225.31641174012,1413786.4121494798,1442574.7985497543,147.20151005609736
0.004279403049532358,240693.6857853081,177668.63650527122,1412422.826636873,1443758.23321594,147.32226869550408
0.0043044287983600325,254578.9635276844,180102.85746636637,1409618.4629485265,1443700.6957889905,147.31639752948882
0.004329454547187707,268641.0978592236,182435.5980619446,1405231.5695999428,1442264.3832199005,147.16983502243883
0.0043544802960153815,282789.7858467315,184586.20434557393,1399388.3341019456,1439558.9044677126,146.8937657620115
0.004379506044843056,296871.14256198495,186494.74407177113,1392408.982474223,1435867.521510392,146.51709403167266
0.00440453179367073,310705.811851548,188122.50028647194,1384691.301977175,1431536.9986125012,146.07520394005115
0.004429557542498405,324120.4301521047,189448.78039939416,1376650.7853655228,1426924.0619174854,145.6044961140291
0.00445458329132608,336972.4572505804,190466.7907609882,1368669.5240285858,1422351.679906945,145.1379265211168
0.004479609040153754,349159.4362412659,191171.09081405474,1361045.5621844498,1418063.3696060572,144.70034383735276
0.004504634788981429,360617.2421714462,191549.84801527555,1353983.0007305995,1414215.721130409,144.30772664596012
0.004529660537809104,371307.73471688124,191588.04819210418,1347638.1807455295,1410923.1305336393,143.9717480136367
0.004554686286636778,381208.8648983622,191281.5826253781,1342151.7067225513,1408289.7593835562,143.70303667179144
0.004579712035464453,390306.9073025897,190646.51260375645,1337651.6714667205,1406413.0150258727,143.51153214549723
0.004604737784292128,398600.39052633673,189715.5515318932,1334227.700703571,1405360.3876384231,143.4041211875942
0.004629763533119802,406103.61741413124,188532.3984710562,1331909.3817604952,1405150.2462634859,143.38267819015164
0.004654789281947477,412842.8171370375,187149.5743504563,1330679.0217027839,1405763.427337899,143.44524768754076
0.004679815030775152,418843.97474001435,185621.8821537301,1330488.759013454,1407155.320556947,143.58727760785177
0.004704840779602826,424128.0270788141,183998.19023980372,1331248.203875147,1409241.5327702297,143.80015640512548
0.004729866528430501,428721.6437121325,182310.480050776,1332800.6863040742,1411877.1293331038,144.06909482990855
0.004754892277258175,432668.6841528037,180565.72335089758,1334910.1918925028,1414846.7730160982,144.37211969552024
0.00477991802608585,436026.539935653,178746.83367133795,1337283.8976523506,1417884.973118849,144.68214011416828
0.004804943774913525,438850.83953409217,176818.81824435736,1339625.218875149,1420721.8872430052,144.97162114724543
0.004829969523741199,441173.6412759631,174738.26917839758,1341705.5521744855,1423144.9094203315,145.21886830819707
0.004854995272568874,442984.2900335914,172462.2725928857,1343396.3961699982,1425023.576621441,145.4105690430042
0.004880021021396549,444226.56683517306,169957.07555161923,1344669.579569141,1426309.5486011659,145.54179067358837
0.004905046770224223,444814.8753575487,167201.96284131688,1345561.13361536,1427007.8955678889,145.61305056815192
0.004930072519051898,444655.92090510746,164181.56136775124,1346111.0028866031,1427126.2400998,145.62512654079595
0.0049550982678795725,443676.205910453,160875.8555162201,1346288.1967661174,1426611.904244214,145.5726432902259
0.0049801240167072465,441847.00122871227,157261.78481438392,1345959.936596421,1425330.906274144,145.44192921164736
0.0050051497655349214,439171.7343513388,153316.61000072394,1344945.9409888398,1423115.378083767,145.21585490650685
0.005030175514362596,435678.2429445867,149024.31806367027,1343073.948814488,1419813.8648191108,144.87896579786843
0.00505520126319027,431412.9934157224,144381.01501332896,1340211.2225474515,1415319.4584357727,144.42035290160948
0.005080227012017945,426428.8659119879,139397.46439444437,1336288.0131437718,1409588.1968973367,143.83553029564663
0.005105252760845619,420787.03178320033,134098.210630695,1331300.365724216,1402642.0498438517,143.12673977998486
0.005130278509673294,414561.67772633187,128519.752181456,1325300.1294989595,1394560.556085274,142.30209755972186
0.005155304258500969,407849.3554048584,122710.9484449591,1318376.5900593502,1385465.952952017,141.37407683183847
0.005180330007328643,400765.4733486686,116727.3573631624,1310638.5112683552,1375504.106793062,140.35756191765938
0.005205355756156318,393430.8610107715,110628.96959266784,1302223.8837002125,1364849.315708009,139.27033833755195
0.005230381504983993,385954.9557012932,104476.80004105011,1293298.2175095114,1353697.4953769033,138.13239748743914
0.005255407253811667,378417.9420136678,98322.16754042564,1283999.4927274669,1342207.9141445137,136.9599912392361
0.005280433002639342,370864.7627357592,92199.30476367756,1274374.8360110715,1330440.7565522972,135.7592608726834
0.005305458751467017,363301.05686291016,86128.76878943291,1264390.8574596923,1318366.437359375,134.5271874856505
0.005330484500294691,355688.7435461732,80126.41680764931,1253995.6361132667,1305924.8754600638,133.25764035306773
0.005355510249122366,347944.10398112633,74207.38294986107,1243193.909985163,1293098.1915553948,131.94879505667294
0.005380535997950041,339947.0415961521,68385.95085656988,1232087.1675994967,1279952.8967621143,130.6074384451137
0.005405561746777715,331564.7735027198,62673.05679611296,1220861.6861503823,1266635.846557749,129.24855577119888
0.00543058749560539,322683.128309015,57067.32705496825,1209725.5381230875,1253322.3682278143,127.89003757426678
0.005455613244433065,313237.02511384443,51546.89477108934,1198855.113858691,1240172.6090701574,126.54822541532218
0.005480638993260739,303226.3011445643,46070.09543546862,1188371.570826026,1227312.3619297089,125.2359552989499
0.005505664742088414,292725.539932369,40580.37308784193,1178313.9106866368,1214808.0838210147,123.96000855316478
0.005530690490916088,281897.6504803724,35012.50458322495,1168632.8900939042,1202661.6284861364,122.72057433532005
0.005555716239743763,270979.54496448475,29301.70953567291,1159210.2886540582,1190821.983880167,121.5124473347109
0.0055807419885714376,260237.5170744316,23395.228073002716,1149888.8982200518,1179201.1619054568,120.32664917402623
0.005605767737399112,249910.6578904891,17262.05148946759,1140514.7267984052,1167701.6559852604,119.15323020257759
0.0056307934862267865,240151.4432728241,10897.203528315365,1130995.1523958186,1156261.8645842671,117.98590454941505
0.0056558192350544614,230997.96596120417,4325.079015095112,1121351.546645487,1144905.261474048,116.82706749735186
0.0056808449838821355,222402.7003424188,-2407.690439882451,1111684.1948574441,1133715.3554529864,115.68524035234556
0.00570587073270981,214293.88024089107,-9241.631416394048,1102075.635199261,1122754.6395176714,114.56679995078282
0.005730896481537485,206591.784613244,-16111.2592881906,1092558.784649427,1112036.1667042612,113.4730782351287
0.005755922230365159,199211.23242522677,-22950.928654673182,1083125.0727303536,1101531.5626109645,112.40117985826168
0.005780947979192834,192080.00082832726,-29700.076483985227,1073735.2752858375,1091184.7976651804,111.3453875168551
0.005805973728020509,185145.57357713507,-36310.45519665312,1064349.0475428915,1080942.2868856648,110.30023335568008
0.005830999476848183,178366.19482928351,-42750.081689217455,1054959.5181426364,1070785.531216056,109.26382971592408
0.005856025225675858,171714.57938092548,-49001.31422358371,1045598.8281966881,1060737.4487091238,108.23851517440039
0.005881050974503532,165188.50633346965,-55058.35628080098,1036337.9694718883,1050863.9551252667,107.23101582910884
0.005906076723331207,158812.29799938138,-60922.33251260439,1027286.7891902983,1041273.7506729921,106.25242353806041
0.005931102472158882,152616.31932616307,-66596.45929736966,1018610.678642194,1032131.0691764605,105.31949685474083
0.005956128220986556,146632.67429011417,-72080.23270295694,1010520.3144003862,1023644.4729161719,104.45351764450733
0.005981153969814231,140901.98510446554,-77366.21525864264,1003242.5685695221,1016038.656774382,103.67741395656958
0.006006179718641906,135474.99075367404,-82439.24368722686,996994.2462345536,1009528.2210197774,103.01308377752831
0.00603120546746958,130419.82753187799,-87279.18274076135,991942.465094382,1004279.2645527608,102.47747597477151
0.006056231216297255,125833.76777204602,-91862.68500887931,988155.8618074023,1000362.3829559026,102.07779417917374
0.00608125696512493,121824.21249236344,-96161.10298755516,985618.8660354548,997763.82253639,101.81263495269285
0.006106282713952604,118489.61614116053,-100137.91709469016,984265.8542225529,996416.9124226123,101.67519514516452
0.006131308462780279,115902.79492994853,-103751.58996815827,984005.3924342738,996225.10640486,101.65562310253674
0.006156334211607954,114099.1776948899,-106962.70075894435,984728.2281658406,997070.3711628756,101.7418746084567
0.006181359960435628,113061.30542059572,-109747.1437388507,986294.4282282529,998801.2782811625,101.91849778379209
0.006206385709263303,112714.8592952524,-112106.55546404506,988525.7910171743,1001227.126475378,102.1660333138141
0.006231411458090977,112960.2123908179,-114061.98728801722,991225.5544875329,1004140.5511165336,102.46332154250342
0.006256437206918652,113693.36322599705,-115643.65092451344,994225.9481225975,1007365.311473966,102.79237872183326
0.0062814629557463265,114816.59924086533,-116887.4740583667,997396.4749076844,1010764.6913161209,103.1392542159307
0.0063064887045740006,116255.80538010805,-117839.17119797855,1000597.3905983947,1014197.5254483545,103.48954341309741
0.0063315144534016755,117974.48233245705,-118554.7357498085,1003637.8481158977,1017478.3211553126,103.82431848523598
0.00635654020222935,119957.080301456,-119095.17731378021,1006287.5646836007,1020386.2137498015,104.1210422193675
0.0063815659510570244,122181.708452006,-119524.46344538087,1008311.9329642316,1022696.1530191001,104.35675030807144
0.006406591699884699,124597.83205442993,-119913.67178487017,1009513.0467497983,1024217.0180150522,104.51194061378085
0.006431617448712374,127106.95570191025,-120352.4002456248,1009768.817979093,1024828.7389586577,104.57436111823039
0.006456643197540048,129558.21841374642,-120963.83540219333,1009039.1694413304,1024488.9588964217,104.53968968330835
0.006481668946367723,131752.71871153908,-121915.9785686619,1007359.3482924292,1023227.8051881056,104.41100052939852
0.006506694695195398,133438.1437472709,-123422.37800749158,1004851.0522836535,1021158.3906890324,104.19983578459512
0.006531720444023072,134316.0080567069,-125737.39887754804,1001687.4810935531,1018444.1532436849,103.92287277996786
0.006556746192850747,134066.49505086825,-129144.13012789373,998034.0642988689,1015245.795333635,103.59650972792194
0.006581771941678422,132376.62763930685,-133930.77941059376,994013.3096174336,1011693.3749487796,103.23401785191629
0.006606797690506096,128968.92620792237,-140353.7154159489,989707.8658991016,1007895.7332880981,102.8465033967447
0.006631823439333771,123639.38053832395,-148589.64718805157,985194.8871142755,1003979.3550015404,102.44687295934085
0.006656849188161445,116315.89336791662,-158672.2462538142,980600.2312451323,1000141.5311340408,102.05525827898376
0.00668187493698912,107147.063604167,-170408.84308523155,976113.0161524002,996652.5409288845,101.69923887029434
0.006706900685816795,96623.76036186727,-183277.54271163064,971951.0737012755,993788.558194867,101.40699573417011
0.006731926434644469,85592.54637053265,-196437.8755813258,968298.4618592553,991723.6682648266,101.19629268008434
0.006756952183472144,74877.93499443414,-209106.17639937776,965214.1175063672,990439.4937547097,101.0652544647663
0.006781977932299819,65073.82763276884,-220747.70204009925,962612.0126320339,989740.3891233726,100.99391725748701
0.006807003681127493,56504.959685425805,-231101.82103344073,960286.9267565432,989318.8787510877,100.95090599500895
0.006832029429955168,49283.69453764277,-240108.87210891914,957959.6828064052,988821.4737231182,100.90015037991002
0.006857055178782843,43376.3946529539,-247833.7754819958,955334.1841921345,987910.1656370533,100.80715975888299
0.006882080927610517,38668.800638851935,-254412.94704677621,952139.5185686678,986301.6204939577,100.64302249938345
0.006907106676438192,35003.59013346716,-260014.46419559227,948192.4097802223,983819.9118115893,100.38978691954993
0.0069321324252658665,32204.50185140812,-264809.19379310514,943420.9985024466,980410.2301951352,100.04186022399341
0.0069571581740935405,30099.532208584304,-268951.5989832436,937899.1497037888,976163.7974492261,99.60855076012511
0.0069821839229212155,28538.67048865616,-272562.4216276899,931856.9680596612,971319.7919932939,99.11426448911163
0.0070072096717488895,27403.771734115646,-275708.45792522066,925672.2799999106,966248.0480890182,98.59673960092023
0.007032235420576564,26632.677170742114,-278378.97160454193,919806.6878815914,961378.4345388175,98.099840259063
0.007057261169404239,26218.988911869514,-280506.62267510715,914692.9224560836,957096.9350772775,97.66295255890586
0.007082286918231913,26145.75111990961,-282072.4746627696,910608.8130108563,953654.492778679,97.3116829365999
0.007107312667059588,26383.7343915682,-283110.212407944,907653.6610528381,951148.0758706534,97.05592610925034
0.007132338415887263,26903.196313369524,-283684.4020485766,905776.5002377247,949542.8849295935,96.89213111526465
0.007157364164714937,27681.413937618745,-283873.1862027281,904806.220464137,948696.2333186703,96.80573809374188
0.007182389913542612,28704.76798665485,-283754.29493905563,904490.6882204181,948390.1458150033,96.77450467500034
0.007207415662370287,29952.175562332737,-283396.05850836873,904625.671760668,948450.3491524684,96.78064787270087
0.007232441411197961,31369.789494713506,-282851.71130577696,905141.6119585013,948825.8491317362,96.81896419711595
0.007257467160025636,32859.37633531196,-282158.14620187937,906071.4311396572,949556.9474278223,96.89356606406349
0.007282492908853311,34297.825749280026,-281342.6876743773,907437.3820311942,950669.5803836713,97.00710003915016
0.007307518657680985,35563.30209656941,-280426.3346660081,909224.1260782223,952151.3477767502,97.15830079354593
0.00733254440650866,36554.60627752241,-279424.3246296914,911425.4829208939,953997.1715641768,97.34665015960985
0.007357570155336334,37216.96039370025,-278339.5205319022,914075.5882211234,956238.5538205205,97.575362634747
0.007382595904164009,37564.21908395841,-277155.1053871233,917236.5923589686,958931.1702935909,97.85011941771334
0.007407621652991684,37676.73351881406,-275836.61216523196,920952.4349811961,962111.6153321924,98.17465462573391
0.007432647401819358,37670.201486307145,-274345.9769886971,925234.4782572723,965786.5182979017,98.54964472427567
0.007457673150647033,37660.78481770722,-272658.8601222877,930003.6838665579,969880.4259918041,98.96739040732695
0.007482698899474708,37743.85585980792,-270774.10987442976,935053.4535354711,974201.3027098164,99.40829619487923
0.007507724648302382,37994.323494237586,-268710.94928994204,940069.5267618154,978457.8979351075,99.84264264643956
0.007532750397130057,38471.97195146216,-266505.521451253,944673.117193146,982299.6406073867,100.2346572048354
0.007557776145957732,39229.613474379614,-264207.1028297773,948479.2080734915,985371.5867156659,100.54812109343528
0.007582801894785406,40311.40273585395,-261869.8216782533,951162.1450108218,987375.4295087067,100.75259484782721
0.0076078276436130805,41738.66384443087,-259544.2785522919,952518.1613848326,988127.6214927096,100.82934913190915
0.0076328533924407554,43499.65512770346,-257266.42815697438,952516.3220001415,987605.9835428066,100.77612076967415
0.0076578791412684295,45555.97571039955,-255049.6013698483,951294.8716960518,985945.0182423675,100.60663451452731
0.007682904890096104,47863.268300463285,-252883.87463136812,949090.4590980774,983368.6216530821,100.34373690337571
0.007707930638923779,50383.45525356329,-250741.5941754602,946113.1486637187,980071.3900973218,100.00728470380835
0.007732956387751453,53082.41766893228,-248580.89647786366,942445.960352462,976122.222543862,99.60430842284303
0.007757982136579128,55938.04599888951,-246344.9105566117,938024.973485694,971445.176440758,99.1270588204855
0.007783007885406802,58960.20368285209,-243963.06075969015,932683.0343622703,965863.3046247723,98.55748006375227
0.007808033634234477,62193.37723677734,-241361.45778786673,926231.091684239,959180.5902332413,97.8755704319634
0.007833059383062151,65698.11367852989,-238478.2829358717,918556.524337809,951280.306731214,97.06941905420551
0.007858085131889826,69526.14647050913,-235280.10824445283,909690.311443113,942192.6963757734,96.14211187507892
0.007883110880717501,73691.27703020578,-231770.65894476956,899812.0333681975,932099.639541954,95.11220811652592
0.007908136629545176,78143.48151166187,-227984.66306060512,889218.2032665896,921299.3125644682,94.01013393514982
0.007933162378372851,82767.36836059506,-223974.34811594986,878285.0162354296,910164.5541469671,92.8739340966293
0.007958188127200524,87395.2601191127,-219800.7701644843,867416.7369822442,899089.5982426936,91.7438365553769
0.007983213876028199,91827.9966221578,-215532.87689208981,856955.9424144772,888403.2244446217,90.6533902494512
0.008008239624855874,95857.78873458519,-211245.74687751103,847108.0883820765,878296.9854345162,89.622141370869
0.008033265373683549,99285.3330122188,-207011.28525030465,837937.0275472027,868820.8743510976,88.65519126031609
0.008058291122511224,101934.63251871672,-202891.1960182161,829397.9039065753,859916.5016017385,87.74658179609575
0.008083316871338899,103659.2440996158,-198943.8999119763,821361.9730872922,851445.4797806347,86.88219181435048
0.008108342620166572,104327.51919955244,-195236.89686842973,813661.6262517162,843235.9807273922,86.04448782932575
0.008133368368994247,103799.57707909384,-191856.58968776517,806155.119882451,835146.3228207632,85.21901253273093
0.008158394117821922,101905.40978847975,-188909.49259033063,798800.1350524011,827135.5177316001,84.401583442
0.008183419866649597,98437.24896620572,-186516.90182247382,791694.1106780283,819303.3696523356,83.6023846584016
0.008208445615477272,93176.3029831327,-184800.4199991609,785043.9851997221,811866.415971108,82.84351183378651
0.008233471364304946,85954.91029856203,-183859.83456019894,779084.8489687454,805087.5028594134,82.1517860060626
0.00825849711313262,76749.49256555802,-183745.45197059528,773972.5584325867,799178.5764022691,81.54883432676216
0.008283522861960295,65728.8699266642,-184469.66510010703,769685.0661964258,794206.8009765156,81.0415103037261
0.00830854861078797,53239.25261146203,-186016.49745515196,766089.7648847178,790145.6088098206,80.62710293977761
0.008333574359615644,39825.48315866066,-188344.6116693635,763017.3391593415,786927.7106007423,80.29874597966757
0.00835860010844332,26254.96026072149,-191402.37835969447,760241.2093586451,784404.7997553945,80.04130609748924
0.008383625857270992,13449.324461506703,-195113.48700046865,757537.5085436025,782376.6574368004,79.83435279967352
0.008408651606098667,2286.0356811038682,-199383.19386812943,754689.3183532001,780586.2227398996,79.6516553816224
0.008433677354926342,-6537.09264775198,-204067.4646050986,751567.1325367691,778806.4062409376,79.47004145315691
0.008458703103754017,-12602.25847286283,-208964.15285916536,748118.0339536757,776856.1171783584,79.2710323651386
0.008483728852581692,-15956.742455195797,-213838.93706106662,744381.1737290543,774651.5606769586,79.04607762009782
0.008508754601409367,-17194.63001156993,-218494.46546753932,740447.0705802711,772202.9209252194,78.79621642094077
0.00853378035023704,-17340.79948083955,-222789.26147553787,736446.879331895,769603.6411258252,78.5309837883495
0.008558806099064715,-17628.569263300647,-226616.4051678616,732519.1101184133,766974.5812253302,78.26271236993166
0.00858383184789239,-19282.576405441432,-229905.0845659743,728752.4916515284,764400.6539339222,78.00006672795124
0.008608857596720065,-23353.753917041704,-232629.67154889685,725171.4334221112,761928.8482385091,77.74784165699073
0.00863388334554774,-30608.033535723644,-234810.3018329073,721767.0104527036,759618.5535755167,77.51209730362415
0.008658909094375415,-41410.47567817051,-236506.007934437,718519.364680525,757575.0766713503,77.30357925217861
0.008683934843203088,-55590.354903199135,-237798.96984760466,715419.1606073676,755951.8590142722,77.1379447973747
0.008708960592030763,-72321.86238821191,-238775.30571702306,712484.1638775051,754902.4983638835,77.03086717998812
0.008733986340858438,-90272.18831399239,-239514.8553361212,709716.7719498678,754462.9416149376,76.98601445050384
0.008759012089686113,-107959.96378799649,-240089.41926765905,707058.5641358764,754473.3898438156,76.98708059630772
0.008784037838513788,-124120.83457958003,-240554.16713396306,704386.4004565305,754607.5073897843,77.00076606018209
0.00880906358734146,-137960.3823969859,-240937.4368201137,701539.8983718508,754481.3746155931,76.98789536893807
0.008834089336169136,-149129.89535560238,-241240.9967083854,698353.8432960416,753747.3281135865,76.9129926646517
0.00885911508499681,-157608.26234333447,-241452.3514459566,694664.4963947813,752129.2208751133,76.747879681134
0.008884140833824486,-163589.15565019628,-241560.2411920065,690332.3257906041,749447.4511131344,76.47422970542188
0.00890916658265216,-167394.2283551708,-241563.14726036394,685269.8429094417,745632.8449103478,76.0849841745253
0.008934192331479835,-169411.84798038437,-241471.23924164404,679502.9286142605,740765.1204067725,75.5882775925278
0.008959218080307509,-170059.0708618727,-241299.1473055266,673251.5952950522,735127.9321607008,75.01305430211234
0.008984243829135184,-169747.73966651064,-241053.4097183344,666941.9725533623,729199.9974009747,74.40816300009948
0.009009269577962858,-168850.51700338503,-240729.75656579385,661115.5536577323,723557.2458873173,73.8323720293181
0.009034295326790533,-167678.78312734753,-240317.33432666495,656311.7826460226,718758.4792743104,73.34270196676636
0.009059321075618208,-166472.72631828615,-239804.78129225646,652967.878698571,715252.7891244848,72.98497848209027
0.009084346824445881,-165405.28487573838,-239191.1050800833,651365.4122098706,713335.96098726,72.78938377421021
0.009109372573273556,-164590.23057785037,-238500.2130567299,651599.9338536105,713130.2611912525,72.76839399910739
0.009134398322101231,-164089.84644694417,-237788.8501793382,653572.3792545241,714580.9050775538,72.91641888546467
0.009159424070928906,-163925.6246594462,-237140.3816874853,657027.2250331244,717490.0316231637,73.2132685329759
0.009184449819756581,-164080.45409108876,-236642.0175483628,661592.1434660663,721544.1803369173,73.62695717723648
0.009209475568584256,-164503.01045466395,-236359.29923201544,666837.8608357833,726360.5794836279,74.11842647792122
0.00923450131741193,-165120.9377140949,-236324.79244779094,672353.8498535436,731555.8973930347,74.64856095847293
0.009259527066239604,-165857.62810158692,-236534.85004689544,677824.1648627963,736819.575309655,75.18567094996479
0.009284552815067279,-166647.6357692088,-236952.29223626567,683071.8060391935,741960.1845841907,75.71022291675415
0.009309578563894954,-167444.08726208602,-237513.6543103165,688058.9381986995,746910.5440263129,76.21536163533804
0.009334604312722629,-168211.88655173953,-238141.8208365121,692809.828515319,751659.6464463929,76.69996392310131
0.009359630061550304,-168918.99138070736,-238758.99019267203,697322.6784219934,756173.5243242125,77.16056370655228
0.009384655810377977,-169527.6788695049,-239301.02649417933,701487.3779763035,760321.7454764695,77.58385157923159
0.009409681559205652,-169985.62809905445,-239729.43046003603,705024.4503245702,763822.4853617223,77.9410699348696
0.009434707308033327,-170232.88973813783,-240026.9121652147,707553.6346292191,766305.6186595326,78.1944508836258
0.009459733056861002,-170219.25291365664,-240183.5574253648,708743.7192874637,767450.581437874,78.31128382019122
0.009484758805688677,-169920.282657611,-240189.04857614337,708449.0502946759,767113.9018280809,78.27692875796745
0.00950978455451635,-169347.00067341956,-240039.13501836493,706757.42219341,765377.8457749283,78.09978018111512
0.009534810303344025,-168547.68611184732,-239742.14674686303,703967.4852776419,762531.8614646081,77.80937361883755
0.0095598360521717,-167595.64008288083,-239313.7637631536,700515.3826043052,759000.116842273,77.44899151451766
0.009584861800999375,-166567.19381027066,-238770.38768401832,696862.5000479869,755230.6085306101,77.06434780924594
0.00960988754982705,-165527.46376410231,-238125.47600275592,693416.3106123586,751617.7641627918,76.69569022069304
0.009634913298654724,-164533.6492818373,-237390.37945527566,690532.2484954204,748505.3775465065,76.3780997496435
0.009659939047482398,-163644.3814418327,-236579.84047524515,688543.4820047477,746218.2194963396,76.14471627513669
0.009684964796310072,-162919.0064453174,-235717.25148926122,687742.1176176411,745046.6063650122,76.02516391479716
0.009709990545137747,-162411.69081262918,-234833.9520105604,688356.228260891,745224.019550179,76.04326730103868
0.009735016293965422,-162159.9952601816,-233964.03728556042,690521.8160692574,746897.1905641727,76.21399903716049
0.009760042042793097,-162168.0206123592,-233130.66707265313,694238.2678916559,750076.7610333147,76.53844500339946
0.009785067791620772,-162405.8666196776,-232328.5263538039,699388.246945027,754649.6734513699,77.00506871952754
0.009810093540448445,-162817.79272971264,-231520.33089787065,705752.9723088234,760393.6843309234,77.59119227866566
0.00983511928927612,-163325.4324804781,-230652.24723932828,712994.3152863539,766965.8073767838,78.26181707926365
0.009860145038103795,-163842.16240519795,-229670.83821525285,720726.0114693873,773976.053704854,78.97714833723
0.00988517078693147,-164292.01777153046,-228535.85657022925,728607.3508026564,781082.0548935168,79.70225049933846
0.009910196535759145,-164611.13915391997,-227234.77788380062,736319.2427772792,787971.1280880835,80.40521715184525
0.009935222284586818,-164739.55013086827,-225791.0309019608,743492.9054548182,794293.6544358855,81.05037290162097
0.009960248033414493,-164615.31116156408,-224264.92284247768,749660.7782195382,799615.0565701249,81.5933731194005
0.009985273782242168,-164191.6335137882,-222740.0027802691,754364.2134399455,803515.6301334744,81.99139082994637
0.010010299531069843,-163444.19835939124,-221310.29795784046,757235.0355225786,805665.6583108499,82.21078146029079
0.010035325279897518,-162374.18781984158,-220065.06162453545,758060.9359114404,805884.8495733989,82.23314791565295
0.010060351028725193,-161010.85159072932,-219083.52640184094,756789.2589913099,804146.7953028994,82.05579543907136
0.010085376777552866,-159419.3369645945,-218428.47611157352,753553.0849402819,800604.6315118911,81.69435015427462
0.01011040252638054,-157697.9174183296,-218137.86279206612,748685.5029783279,795602.1258839115,81.18389039631751
0.010135428275208216,-155951.24989299523,-218222.31320219726,742627.0201991983,789580.0538601312,80.5693932510338
0.01016045402403589,-154267.606344099,-218664.60608573354,735831.8194580562,782982.2289455398,79.89614581076935
0.010185479772863566,-152715.6711082193,-219431.56712196808,728706.8323810998,776199.6756090488,79.20404853153559
0.010210505521691239,-151346.64154389588,-220481.5962933273,721584.3798217814,769546.5921017029,78.52516245935745
0.010235531270518914,-150204.20550378732,-221758.98598081918,714781.3442315973,763315.6105302827,77.88934801329415
0.010260557019346589,-149335.9983299982,-223181.0811513197,708685.3959533816,757856.2039231103,77.33226570643983
0.010285582768174263,-148783.67350347675,-224638.1019701535,703689.1708850348,753509.99168838,76.8887746620796
0.010310608517001938,-148562.82864386804,-226015.0130570955,700049.7214068776,750482.0534991461,76.5798013774639
0.010335634265829613,-148648.50488540577,-227222.07946173626,697779.0663358986,748746.8709887569,76.40274193762826
0.010360660014657287,-148976.6948509386,-228206.98809107032,696645.236576307,748055.5264602517,76.33219657757671
0.010385685763484961,-149449.73013093026,-228952.61321141277,696205.4580383992,747968.2885896874,76.32329475404974
0.010410711512312636,-149950.71715421765,-229479.82229441323,695872.7874540592,747920.5457362295,76.31842303430915
0.010435737261140311,-150361.6157960025,-229847.67774056597,694999.5673082968,747303.799686543,76.25548976393294
0.010460763009967986,-150576.17733395027,-230139.07396783595,692963.7815155378,745544.0839002565,76.07592692859762
0.010485788758795661,-150515.5046814203,-230438.69145379929,689290.8524102991,742212.0902321447,75.73592757470864
0.010510814507623334,-150144.42995262326,-230810.6735464508,683786.9763103153,737144.1825323595,75.21879413595506
0.01053584025645101,-149473.17298259737,-231278.07881582459,676584.0031434416,730477.7152631499,74.53854237379083
0.010560866005278684,-148548.57230661757,-231816.8187565922,668089.8865051323,722599.3441969384,73.73462695887127
0.010585891754106359,-147444.60431378838,-232360.97006013128,658905.0899393945,714064.0372474034,72.8636772701432
0.010610917502934034,-146254.16062199138,-232804.75031141052,649732.5285308309,705507.3988975047,71.99055090790864
0.010635943251761707,-145076.33631451204,-232994.01542163413,641272.9147017096,697541.6157532914,71.17771589319301
0.010660969000589382,-143995.31012315865,-232710.05268252647,634101.623553115,690632.6715056218,70.47272158220629
0.010685994749417057,-143069.33234266238,-231644.3411816977,628632.30116541,685059.4899182029,69.90402958349009
0.010711020498244732,-142330.735859888,-229381.56493224218,625150.3531460105,680945.5960203022,69.48424449186757
0.010736046247072407,-141792.2952822311,-225405.6108480234,623863.7973001915,678320.5598952051,69.21638366277602
0.010761071995900082,-141455.2187407212,-219134.82163023413,624924.9297858591,677171.1872098052,69.09910073569442
0.010786097744727755,-141306.81960972294,-209980.55341561497,628376.3953939984,677433.6457850707,69.1258822229664
0.01081112349355543,-141306.25550486497,-197424.72501631305,634036.1831941261,678929.9385634919,69.27856515954
0.010836149242383105,-141382.59522129915,-181127.8228267336,641429.0904239943,681342.5017204043,69.52474507351064
0.01086117499121078,-141463.14242495177,-161087.14027647983,649887.976864436,684335.6409936522,69.83016744833186
0.010886200740038455,-141500.07513850747,-137807.99899708675,658761.7639590299,687735.6884537018,70.17711106670427
0.01091122648886613,-141466.5213956511,-112265.49287748896,667489.6467954073,691490.2357765619,70.5602281404655
0.010936252237693803,-141355.4678651179,-85455.29728362242,675614.6603275886,695513.5841518445,70.97077389304533
0.010961277986521478,-141171.32388118847,-58051.63044001066,682771.8329126042,699626.1221794985,71.39042063056107
0.010986303735349152,-140932.84343426424,-30548.34755822231,688760.174747884,703694.4264612161,71.80555372053225
0.011011329484176827,-140683.62266442235,-3527.784171848574,693624.669514033,707756.6736472552,72.22006873951584
0.011036355233004502,-140498.21699617515,22198.110981544265,697676.9042446049,712029.1900887188,72.6560398049713
0.011061380981832175,-140459.4680566929,45712.911821732516,701350.7334684291,716736.6211771998,73.13638991604078
0.01108640673065985,-140634.4368838291,66200.99447806041,705034.4066016191,721965.4639682107,73.66994530287865
0.011111432479487525,-141068.22964576172,83171.46839161443,708975.9035192454,727643.1614057859,74.24930218426387
0.0111364582283152,-141778.54788748006,96552.3528104059,713261.3147359228,733597.4486254461,74.85688251280062
0.011161483977142875,-142745.92054650275,106577.30476438956,717881.303411652,739654.4365239878,75.47494250244773
0.01118650972597055,-143928.0743784813,113684.59465866546,722883.4512681154,745788.148059524,76.1008314346453
0.011211535474798223,-145266.9530236094,118412.92990767364,728350.2277830618,752075.9030321137,76.74243908490955
0.011236561223625898,-146669.58198596278,121323.61175178224,734258.7989682656,758529.7416128651,77.4009940421291
0.011261586972453573,-148001.84375591716,122970.92002843194,740462.0785182695,765055.8689739,78.0669254055
0.011286612721281248,-149113.33721385212,123881.06535218304,746805.4712108759,771556.684578816,78.7302739366139
0.011311638470108923,-149850.76466607416,124531.63629740881,753174.8803020825,777969.0099405897,79.38459285108057
0.011336664218936596,-150049.1391683519,125345.29601389274,759440.3793437377,784203.9767656104,80.02081395567451
0.011361689967764271,-149532.10393825689,126686.19617225508,765431.1230760248,790122.8047497664,80.62477599487411
0.011386715716591946,-148122.94181308645,128842.18255313297,770934.1728202255,795537.6878084897,81.17731508249895
0.01141174146541962,-145691.143902799,131989.94187811547,775776.4646385828,800297.6804022453,81.66302861247401
0.011436767214247296,-142215.72015773892,136160.01343373096,779925.0133587697,804392.868417205,82.08090494053113
0.01146179296307497,-137835.16317742836,141205.77834394012,783470.1464777591,807937.5436457518,82.44260649446446
0.011486818711902644,-132892.2253392273,146775.4122650487,786556.1817656443,811094.3177577812,82.7647263018144
0.011511844460730319,-127815.59628015826,152432.40140525872,789281.5255660624,813964.2438376761,83.05757590180367
0.011536870209557994,-122878.72484368624,157908.7990065043,791768.3948802111,816658.7787936496,83.33252844833162
0.011561895958385669,-118193.68976927764,163105.0800735114,794131.2886188328,819278.6577107445,83.59986303170862
0.011586921707213343,-113769.25085303848,168031.16510440042,796445.08835307,821889.7089214852,83.866296828723
0.011611947456041018,-109566.66186385271,172761.66958593827,798769.737040283,824551.1146544514,84.13786884229097
0.011636973204868692,-105545.74857019562,177383.13317788954,801151.9209409385,827314.3788176237,84.4198345732269
0.011661998953696366,-101710.85487536462,181934.69513183762,803622.6293468309,830213.6241422652,84.71567593288421
0.011687024702524041,-98175.71556091488,186346.64896346093,806266.6156657536,833324.3067573494,85.03309252626015
0.011712050451351716,-95222.81528436489,190382.2292956802,809304.2659432382,836831.0299326777,85.3909214217018
0.011737076200179391,-93175.96801030997,193741.86141051463,813028.9746055437,840971.92784368,85.8134620248653
0.011762101949007064,-92208.22216782946,196263.195779356,817674.705997318,845939.4322764525,86.32035023229106
0.01178712769783474,-92339.6048886287,197923.22925059265,823303.1495838807,851779.4805128565,86.91627352172006
0.011812153446662414,-93483.63543238213,198793.24868482482,829819.7060752107,858404.7357787284,87.59231997742125
0.01183717919549009,-95484.13189341672,198987.95682528516,837042.8934227619,865652.4890725743,88.3318866400586
0.011862204944317764,-98136.54281802497,198637.44879769342,844670.7125438405,873244.6562810288,89.1065975796968
0.011887230693145439,-101199.66080910749,197891.59971001913,852245.3943300645,880752.3311010612,89.87268684704705
0.011912256441973112,-104396.6068330718,196937.91089028813,859167.0225798332,887609.8044472529,90.5724290252299
0.011937282190800787,-107429.98996489629,196001.5477147184,864803.6280270279,893220.6471550495,91.14496399541322
0.011962307939628462,-110007.02045347219,195322.17867150344,868639.4080658641,897099.0576733075,91.54072017074567
0.011987333688456137,-111864.15047891556,195126.41064207468,870393.6871760677,898984.468702191,91.73310905124399
0.012012359437283812,-112786.26599504262,195618.89411920105,870063.9552238587,898887.5233939193,91.7232166728489
0.012037385186111487,-112607.03982060848,196984.83883289286,867876.2540652981,897046.578787019,91.53536518234888
0.01206241093493916,-111221.15685582958,199384.66887433606,864257.2494349976,893904.3489808837,91.21472948784526
0.012087436683766835,-108599.18865879897,202937.98353142323,859788.4788871676,890063.9512844465,90.82285217188232
0.01211246243259451,-104794.99497114468,207700.50927133308,855080.1365925446,886162.2495503158,90.42471934186896
0.012137488181422185,-99970.07005233978,213631.37620386068,850677.167918834,882770.6518758935,90.07863794651973
0.01216251393024986,-94429.90753082579,220551.7338625351,846995.4615993463,880318.9119032633,89.82846039829217
0.012187539679077533,-88587.03864824225,228185.50584458388,844274.5723389687,879042.5712241677,89.69822155348648
0.012212565427905208,-82819.63126165133,236294.036401736,842537.3097849613,878955.6765390381,89.68935474888144
0.012237591176732883,-77492.1709132457,244635.71419089616,841594.6127661259,879848.3741568727,89.78044634253806
0.012262616925560558,-72901.50575933166,252988.9457256312,841018.96319436,881266.6637521127,89.92516977062377
0.012287642674388232,-69165.66498411474,261262.59236000222,840210.2543149227,882607.105575095,90.06194954847909
0.012312668423215907,-66261.87267076147,269456.6489305066,838473.182368862,883195.7874423427,90.12201912676967
0.01233769417204358,-64086.42308331042,277600.21830379457,835202.1416543083,882457.6863481732,90.04670268858911
0.012362719920871255,-62492.82686608898,285703.3543669662,829946.974363015,879968.033749589,89.79265650506008
0.01238774566969893,-61338.23813618808,293733.6907404646,822481.6868935678,875510.12888547,89.33776825361939
0.012412771418526605,-60508.25761375618,301626.59612289025,812794.4593449527,869065.4094478388,88.68014382120805
0.01243779716735428,-59914.14124062592,309311.3705488378,800993.7743338934,860728.9089515231,87.82948050525746
0.012462822916181953,-59496.45707169568,316732.59178945975,787310.9790333807,850716.134039839,86.80776877957541
0.012487848665009628,-59227.45159857399,323870.779118596,772159.710936214,839422.8921270956,85.65539715582608
0.012512874413837303,-59099.037281935845,330746.62360960146,756111.3151440733,827399.7499193834,84.42854591014118
0.012537900162664978,-59120.45314585116,337408.0722342393,739839.531133934,815292.5653493272,83.19311891319664
0.012562925911492653,-59308.01148546202,343906.3791992783,724016.3956785838,803734.271383002,82.01370116153082
0.012587951660320328,-59659.21904630514,350282.98194419267,709101.7964593064,793147.3681247869,80.93340491069256
0.012612977409148001,-60132.0372736884,356561.6311458178,695205.7041241567,783621.7389271609,79.96140193134296
0.012638003157975676,-60644.731325573775,362739.554677188,682119.832913606,774948.5366800937,79.07638129388711
0.012663028906803351,-61094.39661712212,368789.75574714656,669448.0079901651,766745.7497269056,78.2393622170312
0.012688054655631026,-61389.97710384887,374677.87850058806,656808.4740283232,758649.8622241298,77.4132512473602
0.0127130804044587,-61485.70889704941,380369.2548580592,643997.1285767293,750462.2336243395,76.57777894125914
0.012738106153286376,-61385.52809665689,385829.3640365891,631032.4026519086,742182.1705758091,75.73287454855193
0.012763131902114049,-61133.244197835775,391033.15483898646,618154.4967568427,734002.1687029446,74.8981804798923
0.012788157650941724,-60799.97478814732,395962.2923910832,605780.0778019794,726259.0974415785,74.10807116750802
0.012813183399769399,-60470.11609033483,400605.5556839323,594409.7052579947,719349.9453825735,73.40305565128303
0.012838209148597074,-60223.52156699073,404963.9422476138,584517.9253159605,713641.2769231957,72.82053846155058
0.012863234897424749,-60110.25928843813,409053.3874520655,576460.8069540977,709397.6169835093,72.38751193709278
0.012888260646252422,-60131.14078813408,412902.21860860504,570422.8909375754,706743.4263840748,72.1166761616403
0.012913286395080097,-60234.44609895262,416545.6755317402,566422.0505862614,705671.6146233586,72.00730761462842
0.012938312143907772,-60342.48144723809,420030.4504153711,564359.0250619809,706093.4099110451,72.05034795010664
0.012963337892735446,-60395.992420818795,423410.60188283963,564099.7933473375,707907.3318904219,72.2354420296349
0.012988363641563121,-60368.26541518301,426731.54683079134,565500.6584578911,711009.940328445,72.55203472739235
0.013013389390390796,-60250.76223290288,430016.9469523182,568369.6711744106,715254.368827411,72.98513967626643
0.01303841513921847,-60045.48068592715,433265.17785458907,572451.0115542217,720433.4353159952,73.51361584857094
0.013063440888046144,-59757.722790078435,436454.2253455867,577414.8734832208,726272.1338282106,74.10940141104192
0.01308846663687382,-59389.96011069959,439540.8737967279,582863.0702574614,732429.317934629,74.73768550353357
0.013113492385701494,-58946.51217125274,442465.3274335333,588378.170859338,738538.5089639771,75.36107234326298
0.013138518134529169,-58431.27829955941,445151.89962953056,593548.3900567577,744227.1960663301,75.94155061901326
0.013163543883356844,-57838.11928201346,447504.1835596237,597912.0743419196,749068.8159232043,76.43559346155146
0.013188569632184517,-57155.453774347494,449417.4579885433,600978.2940583316,752607.2729986138,76.79666051006264
0.013213595381012192,-56369.57747351295,450806.5320709916,602321.9501348353,754450.6546064314,76.98476067412565
0.013238621129839867,-55476.8076076316,451627.77512447146,601691.5799679674,754372.6405782298,76.97680005900304
0.013263646878667542,-54497.01040112162,451881.12031048705,599077.9305280312,752370.1468549757,76.77246396479345
0.013288672627495217,-53464.988794000994,451601.14735377877,594682.8472965449,748631.9457422443,76.39101487165757
0.01331369837632289,-52436.71695327357,450846.8055192213,588915.4276351009,743527.9633174154,75.87020033851178
0.013338724125150565,-51497.448707709205,449695.5184605769,582402.5746850987,737611.5546410196,75.26648516745097
0.01336374987397824,-50740.81269884807,448232.53402841906,575890.2801985713,731530.3476042789,74.64595383717133
0.013388775622805915,-50249.253686821605,446533.259570492,570137.4994367575,725929.5473132115,74.07444360338891
0.01341380137163359,-50071.82790091509,444652.64896048664,565820.244853334,721370.7199929765,73.60925714214046
0.013438827120461265,-50205.366424522814,442619.0387316579,563440.0788956408,718259.6430055165,73.29180030668536
0.013463852869288938,-50583.19509573247,440431.52613353234,563241.7169242813,716784.361241417,73.141261351165
0.013488878618116613,-51082.20906193851,438074.257174248,565187.1241789875,716906.501728293,73.15372466615236
0.013513904366944288,-51572.957824885496,435533.9651717336,569052.2680335266,718449.7815171493,73.31120219562747
0.013538930115771963,-51965.10424561244,432807.8812132956,574539.2961509648,721192.3716611784,73.59105833277331
0.013563955864599637,-52223.064337189455,429906.49747027335,581360.4048588392,724932.2487831318,73.97267844725835
0.01358898161342731,-52366.26676219391,426848.48763952794,589292.8201828845,729525.7947531842,74.44140762787593
0.013614007362254986,-52450.98931507528,423652.58005994104,598159.584288537,734865.6361007957,74.98628939804037
0.01363903311108266,-52539.20017644368,420322.3408110056,607763.2059507326,740815.3294119763,75.59340096040575
0.013664058859910335,-52672.392112173424,416833.93052663986,617829.8433703111,747153.6802622728,76.24017145533396
0.01368908460873801,-52867.7380047244,413142.0005387313,628011.1091823872,753577.6427047611,76.89567782701643
0.013714110357565685,-53128.66817737144,409195.97687401704,637944.5005027351,759761.2708135082,77.52666028709267
0.013739136106393358,-53462.01187262739,404961.9808020258,647345.417387282,765446.5898859424,78.10679488632067
0.013764161855221033,-53878.11140270261,400433.339323994,656138.7902577618,770563.3148866993,78.62890968231625
0.013789187604048708,-54369.026285735534,395627.7961061909,664435.0208876164,775210.4495259237,79.103107094482
0.013814213352876383,-54889.62042322818,390585.47393603256,672456.6146862337,779594.6264247983,79.55047208416309
0.013839239101704058,-55354.17607214797,385365.55636298796,680447.2768363965,783951.0146943278,79.99500149942122
0.013864264850531733,-55666.094379584625,380033.22754744586,688644.6004098336,788514.6503013257,80.46067860217609
0.013889290599359406,-55760.292754919086,374647.580386117,697265.0735280956,793504.0028250497,80.96979620663772
0.013914316348187081,-55611.5860964943,369256.9003922784,706463.0748710092,799082.8387049743,81.53906517397697
0.013939342097014756,-55219.12659633174,363892.86993158323,716281.8033675537,805311.6133661409,82.1746544251164
0.013964367845842431,-54587.48676446128,358585.5101549582,726617.895031222,812118.7888532323,82.86926416869717
0.013989393594670106,-53727.795004131294,353376.09833588346,737287.4298770964,819362.0061290414,83.60836797235118
0.014014419343497779,-52658.57635218183,348317.887352816,748101.7470776428,826894.4916084842,84.37698893964122
0.014039445092325454,-51392.84814659058,343485.710587108,758821.8169943563,834526.337577681,85.15574873241644
0.014064470841153129,-49937.60042381781,338969.56459624396,769111.2316352212,841977.5628365108,85.91607784046028
0.014089496589980804,-48302.94972753578,334842.9092389194,778571.0223692441,848896.8050899743,86.62212296836472
0.014114522338808479,-46510.001780244784,331142.1837885957,786799.6348291091,854910.5166853282,87.23576700870697
0.014139548087636154,-44600.97351922312,327870.5851298204,793472.4772855565,859701.657332313,87.72465891146051
0.014164573836463827,-42629.86233220289,325008.6725475251,798386.9143559745,863058.2873709023,88.06717218070432
0.014189599585291502,-40631.73006066731,322522.51860256394,801444.7665376497,864861.5070075552,88.25117418444441
0.014214625334119177,-38611.10664275071,320345.0041278873,802667.7241372482,865093.7605810018,88.27487352867365
0.014239651082946852,-36562.11371178745,318361.35676757584,802225.109981382,863861.0239677667,88.14908407834355
0.014264676831774526,-34483.449383379506,316425.92754567467,800404.2085089495,861371.7971359027,87.89508134039822
0.014289702580602201,-32388.134171963295,314390.28480603406,797572.6935806511,857911.6760841033,87.54200776368401
0.014314728329429875,-30313.912613042463,312121.60123195604,794166.7216655434,853838.1632677979,87.12634319059163
0.01433975407825755,-28316.61406258042,309520.3864121687,790658.3410196967,849555.950164888,86.68938266988654
0.014364779827085224,-26442.9187577094,306540.6944633489,787472.3662731142,845446.1265873159,86.27001291707306
0.0143898055759129,-24706.15269050204,303198.33054177224,784900.7862568814,841789.086346069,85.89684554551724
0.014414831324740574,-23077.748733423483,299563.50744831836,783011.0688403392,838675.8679086181,85.57917019475694
0.014439857073568247,-21504.274007689688,295750.7029569159,781648.0678919406,836005.1519755557,85.30664816077099
0.014464882822395922,-19939.5510179406,291900.3192137807,780556.797356976,833590.004709449,85.06020456218869
0.014489908571223597,-18366.264228475513,288147.7168430857,779518.7549946083,831273.6708032894,84.82384395951932
0.014514934320051272,-16795.421523307763,284601.55521778914,778433.6175247015,828998.8108035992,84.59171538812235
0.014539960068878947,-15256.417699109728,281348.3073613393,777314.737083823,826805.7987393037,84.36793864686773
0.014564985817706622,-13788.342895210522,278458.63171874004,776233.2097115935,824783.1980801981,84.16155082451002
0.014590011566534295,-12419.509935857282,275986.74880370864,775176.9459112968,822935.1294082609,83.97297238859805
0.01461503731536197,-11158.300976241762,273960.73873825656,774014.5373797675,821144.0178949233,83.79020590764524
0.014640063064189645,-9999.41146818696,272373.13537480746,772549.586420979,819219.1261098542,83.59378837855655
0.01466508881301732,-8940.063536215284,271170.91559212067,770642.0315608295,817008.403266295,83.36820441492807
0.014690114561844995,-7997.616984781269,270255.38834254653,768358.7452165033,814541.0352808528,83.1164321715156
0.014715140310672668,-7214.30016859884,269507.7053090987,766004.9692952819,812065.3066920073,82.8638068053069
0.014740166059500343,-6641.805411637256,268822.7703296044,763995.0143579814,809937.144098527,82.64664735699255
0.014765191808328018,-6324.56506913801,268116.179470523,762717.0935719569,808494.6818898115,82.49945733569507
0.014790217557155693,-6296.25332199724,267311.15216597164,762434.599995121,807961.2702028485,82.44502757171925
0.014815243305983368,-6571.469590895316,266339.42834732373,763196.8801917428,808362.1423845615,82.48593289638382
0.014840269054811043,-7134.773782725359,265161.16460702417,764811.4794026504,809504.7543016408,82.60252594914701
0.014865294803638716,-7952.447998417658,263773.7488851142,766906.9039838013,811040.092354219,82.75919309736929
0.01489032055246639,-8970.001501759405,262206.45372179465,768939.8680018081,812466.1260026819,82.90470673496753
0.014915346301294066,-10091.35027592027,260516.266815593,770201.4580725748,813130.2765487959,82.97247719885672
0.01494037205012174,-11190.6509746617,258768.04376064322,770045.1387285829,812438.0879933453,82.90184571360668
0.014965397798949415,-12138.817727210273,257015.3454659724,768177.5237708911,810124.0316934123,82.66571751973595
0.01499042354777709,-12808.158946138854,255300.7878084779,764747.7587116299,806338.4374106188,82.27943238883864
0.015015449296604763,-13067.139922349088,253662.1601627167,760287.0513406204,801593.1898914652,81.79522345831279
0.015040475045432438,-12766.474514145593,252136.85405487756,755571.1590566752,796632.758830715,81.28905702354234
0.015065500794260113,-11709.40329651004,250764.5947452646,751415.3442858015,792240.501193981,80.84086746877357
0.015090526543087788,-9624.606640395803,249587.18759287754,748424.159283936,789002.6105564873,80.51047046494769
0.015115552291915463,-6174.949101531412,248635.5708706754,746870.008388387,787192.8521906562,80.32580124394451
0.015140578040743136,-999.3207638737126,247911.19183754304,746783.680056111,786858.8326084877,80.29171761311099
0.015165603789570811,6235.862136202131,247373.848245788,748075.371328489,787940.0154457844,80.40204239242698
0.015190629538398486,15769.922849541468,246934.57784733953,750589.727749455,790322.9185450505,80.64519576990311
0.015215655287226161,27666.875236401607,246453.52930318614,754092.7426631313,793826.5948743912,81.00271376269296
0.015240681036053836,41727.85287071461,245747.99210849742,758309.7222177068,798227.3637761667,81.45177181389457
0.015265706784881511,57502.20217040241,244614.50248366548,763025.2060027162,803336.9299389052,81.97315611621481
0.015290732533709184,74415.6238228603,242838.66029215825,768072.0385805843,808976.4870071306,82.5486211231766
0.015315758282536859,91876.88320144436,240202.9627783142,773323.3505938577,814964.9252408352,83.15968624906483
0.015340784031364534,109372.14075601123,236526.60746875408,778748.1424329384,821191.6772243269,83.79506910452317
0.015365809780192209,126459.2418449566,231729.68415055264,784429.4188113551,827659.4103468608,84.45504187212863
0.015390835529019884,142624.95095227152,225872.1735413598,790485.5088229147,834402.4539451377,85.14310754542221
0.015415861277847559,157274.03681981587,219132.42405835743,797046.1138711512,841449.1367385384,85.86215681005494
0.015440887026675232,169851.3700700825,211789.3158792085,804188.5734480254,848777.6291733813,86.6099621605491
0.015465912775502907,179924.02584671744,204211.21425418992,811881.4927070605,856286.4201517341,87.3761653216055
0.015490938524330582,187189.5876233169,196804.55799264534,820011.3286874783,863823.2197082688,88.14522650084373
0.015515964273158257,191501.69558217007,189952.4068968891,828285.7048667389,871098.1719802007,88.88756856940823
0.015540990021985931,192952.45872592542,183932.88670390658,836173.7143964553,877637.9884772556,89.55489678339343
0.015566015770813605,191923.13003654525,178872.3934505053,842969.2455794639,882851.6126540045,90.08689925040865
0.01559104151964128,189010.81437813706,174775.00109374858,847876.8761405178,886096.2622884879,90.4179859478049
0.015616067268468955,184892.46326681876,171576.8849827485,850254.6200308847,886880.3579397117,90.49799570813384
0.015641093017296628,180203.56340969788,169186.67410039686,849852.1122249048,885068.3971315371,90.31310174811604
0.015666118766124303,175468.34745770445,167508.27962174866,846894.4392695944,880953.0952122286,89.89317298083965
0.015691144514951978,171055.86854101904,166443.96653441197,842051.5912647353,875222.5925476014,89.30842781097977
0.015716170263779652,167183.18935559457,165894.85088247719,836331.5422523409,868862.341756517,88.659422628216
0.015741196012607327,163950.69710736605,165765.72831626254,830918.5947256807,863008.5856059025,88.06210057203087
0.015766221761435002,161377.75515989916,165962.44398624808,826986.8101292308,858774.4155489192,87.63004240295093
0.015791247510262677,159424.07450672888,166366.1901915011,825441.5610531927,856999.1338889059,87.44889121315367
0.015816273259090352,158010.1494338996,166800.9187296117,826686.8196955395,858021.4750634659,87.55321174116999
0.015841299007918027,157041.60274819314,167012.3003563449,830534.9925579247,861593.6091504969,87.91771521943846
0.015866324756745702,156411.81845222152,166667.04749008064,836303.1065269777,866974.8829454907,88.46682479035618
0.015891350505573377,155982.83929653457,165386.73193527063,843077.3206473506,873191.1508080799,89.10113783755916
0.01591637625440105,155553.51244029097,162801.60915338813,850003.4508728292,879321.9692965011,89.72673156086748
0.015941402003228723,154847.8249280579,158585.99804618635,856460.913038515,884676.5867790768,90.2731210999058
0.015966427752056398,153596.3475094576,152439.4703337528,862132.5644538801,888876.925555779,90.70172709752846
0.015991453500884073,151614.73632235435,144093.21480138207,866930.5809488028,891806.3214452593,91.00064504543464
0.016016479249711748,148859.22419241208,133355.0262325909,870817.3551215619,893457.0486235658,91.16908659424142
0.016041504998539423,145459.19078347943,120170.70693661984,873720.8412089801,893860.9978477989,91.21030590283662
0.016066530747367098,141657.29691653835,104677.5784586918,875574.5113165065,893115.2837346286,91.1342126259825
0.016091556496194773,137758.67564550633,87259.42722650536,876325.1622944407,891368.302284189,90.95594921267235
0.016116582245022448,134105.80883167783,68529.7807217641,875937.3689579514,888789.6111276014,90.69281746200014
0.016141607993850123,131029.03960366105,49095.767150262116,874409.8528422151,885534.6376831927,90.36067731461151
0.016166633742677797,128895.46610953222,29310.628160184497,871732.4725429178,881697.5999888305,89.9691428560031
0.016191659491505472,128031.61176720129,9202.498889063208,867864.3337779082,877305.694511237,89.5209892358405
0.016216685240333144,128615.29188448953,-11404.586518983851,862816.0533266552,872423.9218508863,89.0228491684578
0.01624171098916082,130671.40135808836,-32676.06823050335,856678.9009178783,867203.2516274609,88.49012771708784
0.016266736737988494,134093.6937818785,-54530.593757991504,849529.357353947,861774.2357547268,87.93614650558438
0.01629176248681617,138648.4274545988,-76439.66952586651,841335.4912738443,856102.6913589819,87.35741748561041
0.016316788235643843,143993.0323339321,-97506.28631155308,832139.3595347533,850116.0998674083,86.74654080279676
0.01634181398447152,149725.51317263808,-116744.29743228594,822246.035470475,843881.2137644254,86.11032793514545
0.016366839733299193,155428.99936932616,-133346.01082814363,812149.480616519,837571.5559239704,85.46648529836433
0.016391865482126868,160709.44093289904,-146900.20023843035,802481.6356450154,831495.0202289844,84.84643063561066
0.016416891230954543,165253.23729819575,-157394.57804302394,793936.241132387,826085.0080635966,84.29438857791803
0.016441916979782218,168872.12541104024,-165093.446517523,787114.7047775156,821780.5055716628,83.8551536297615
0.016466942728609893,171536.0530757323,-170423.32035561715,782334.5750156571,818850.482621398,83.55617169606103
0.016491968477437564,173385.83931102324,-173877.58762298583,779509.777218852,817270.7981668207,83.39497940477763
0.01651699422626524,174684.1799193919,-175940.63603207702,778173.6237919126,816715.2863050794,83.33829452092648
0.016542019975092914,175737.92454756823,-177033.97225704175,777532.376910014,816566.8635206433,83.32314933884115
0.01656704572392059,176845.66018114443,-177488.5592424153,776525.6090680255,815946.4429270922,83.25984111500942
0.016592071472748264,178238.2939564349,-177532.67203581633,773980.792359508,813838.4397513181,83.0447387501345
0.01661709722157594,180021.82842587205,-177289.00113556045,768845.2883361052,809297.4274258139,82.5813701454912
0.016642122970403614,182177.38279084463,-176811.4515364637,760469.1502967573,801725.774023569,81.80875245138458
0.01666714871923129,184573.966929417,-176120.4490339816,748759.4211921009,791028.8443918265,80.71722901957415
0.016692174468058964,186989.75880608318,-175220.6721838369,734144.8859294159,777583.5436636041,79.34525955751063
0.01671720021688664,189161.91057777638,-174117.5055148989,717416.1832019726,762092.5889223085,77.76454989003147
0.016742225965714314,190825.32617663642,-172837.45971130978,699644.8751984249,745513.2755369956,76.07278321806078
0.016767251714541985,191743.14722075866,-171431.317397503,681996.7947727271,728885.2853307169,74.37604952354255
0.01679227746336966,191713.64354058294,-169963.82290196465,665592.4536945607,713200.6286004104,72.77557434698065
0.016817303212197335,190581.0217698907,-168506.72218535887,651401.9436658706,699314.0449660706,71.35857601694597
0.01684232896102501,188263.25490156974,-167131.96017681714,640141.7951408669,687864.5674444605,70.19026198412863
0.016867354709852685,184769.61633978502,-165901.03619422656,632164.6613949498,679187.1053318841,69.30480666651879
0.01689238045868036,180180.6868552572,-164862.4175506648,627493.2896813033,673344.2843305289,68.70860044189071
0.016917406207508034,174634.75076962632,-164050.6543354153,625920.0917895428,670213.3053344397,68.38911278922856
0.01694243195633571,168324.54753196955,-163479.4324774873,627101.5464377444,669563.3111737329,68.32278685446256
0.016967457705163384,161468.04555228172,-163138.69209243174,630632.0129183598,671105.7281131846,68.48017633808006
0.01699248345399106,154281.65293997005,-162997.6387467035,636121.6470940007,674553.04352122,68.83194321645102
0.017017509202818734,146995.804709325,-163005.0015000153,643152.011329864,679575.5343227645,69.34444227783311
0.017042534951646406,139847.67108178049,-163092.68295196793,651255.1139417114,685776.7988074247,69.97722436810457
0.01706756070047408,133044.10380263094,-163184.41561811752,659975.6805093886,692746.5524469527,70.6884237190768
0.017092586449301755,126735.83815637823,-163210.92280301263,668947.45988075,700136.0453779219,71.44245360999203
0.01711761219812943,120995.19403668545,-163125.523435107,678007.257049574,707773.7025054676,72.22180637810895
0.017142637946957105,115813.70804669407,-162908.99548285207,687176.0135131804,715655.6639523153,73.0260881583995
0.01716766369578478,111143.31223987916,-162565.26531661022,696457.0565135197,723762.8982714259,73.85335696647202
0.017192689444612455,106943.4413054735,-162114.12328840603,705663.97503466,731901.3145818408,74.68380761039191
0.01721771519344013,103174.47686838132,-161582.0926255851,714430.1660473266,739705.4869871864,75.48015173338638
0.017242740942267805,99785.61325937133,-160985.5077233228,722236.577367127,746658.6743537225,76.18966064833901
0.01726776669109548,96733.46221137447,-160317.15261277583,728420.8528103362,752100.9845360075,76.74499842204158
0.017292792439923155,93981.70135286589,-159559.18874698028,732347.7942041343,755397.237606574,77.08135077618101
0.01731781818875083,91509.74331018861,-158707.005589709,733562.8544402758,756092.8568385945,77.15233233046884
0.0173428439375785,89322.06579856551,-157771.99068519985,731894.8071864939,754016.2075636162,76.94042934322614
0.017367869686406176,87439.04239210312,-156756.3966916272,727494.7011380513,749310.8128288856,76.46028702335568
0.01739289543523385,85903.92561075815,-155642.37864170724,720724.2318329545,742325.705344801,75.7475209535511
0.017417921184061526,84785.94428922211,-154408.06859779742,711997.469716853,733464.9990836546,74.84336725343415
0.0174429469328892,84128.09123424874,-153036.31470212253,701742.0597022126,723145.6061596255,73.79036797547197
0.017467972681716876,83895.01373815558,-151514.09609756843,690467.0492147261,711856.4747883562,72.63841579473022
0.01749299843054455,83997.19775780303,-149837.43992277505,678701.3144525709,700101.6082512303,71.43893961747247
0.017518024179372226,84337.01785689338,-148012.58089444618,666884.3311575688,688298.7489632493,70.23456622073972
0.0175430499281999,84833.0751044788,-146054.08620352557,655331.124374469,676747.6112288319,69.05587869681959
0.017568075677027575,85440.42403047354,-143987.34355737147,644232.129808925,665633.1258588745,67.92174753661985
0.01759310142585525,86164.2197049335,-141845.80137706094,633666.7825126885,655040.5295768294,66.84087036498259
0.01761812717468292,87052.83373277813,-139666.41007908448,623638.9163264096,644988.6820138239,65.81517163406366
0.017643152923510597,88174.27671333306,-137490.473404929,614118.5271913257,635468.2515979325,64.84369914264619
0.01766817867233827,89593.01883794107,-135370.38335638575,605041.5177175095,626440.1710261485,63.92246643123965
0.017693204421165946,91354.34484896316,-133375.02693923644,596310.7303398638,617835.7396951623,63.04446323420024
0.01771823016999362,93497.05735252814,-131581.108011255,587781.6600669803,609542.9169785714,62.19825683454812
0.017743255918821296,96059.02350168722,-130056.16154537475,579260.5824711549,601402.3308585858,61.36758478148835
0.01776828166764897,99047.3094023053,-128844.52341692854,570559.7105433214,593253.4568077544,60.53606702119944
0.017793307416476646,102396.70970603856,-127961.05950265055,561574.156444268,584999.7026274459,59.69384720688223
0.01781833316530432,105944.71221694066,-127393.65288656113,552306.8688050206,576624.9232873346,58.83927788646272
0.017843358914131996,109444.92722825489,-127108.44788299229,542849.3248616122,568172.6314511521,57.97679912766859
0.01786838466295967,112613.78953913468,-127052.05161834651,533326.5557332925,559697.5115705604,57.1119909765878
0.017893410411787342,115184.72595254917,-127156.05766894331,523858.8635576154,551238.8711214123,56.2488644001441
0.017918436160615017,116953.92708430067,-127349.112713776,514526.00937730446,542801.0979060502,55.38786713327041
0.017943461909442692,117795.24727575755,-127569.29475038896,505369.8409661625,534367.2158714203,54.527266925655134
0.017968487658270367,117656.56037567371,-127776.8505355711,496419.74735385843,525930.1810060116,53.66634500061342
0.017993513407098042,116558.1405739386,-127970.70371580293,487676.7957372984,517485.22514317394,52.80461481052795
0.018018539155925717,114586.42910400576,-128199.95993110038,479092.35364084574,509013.5192527517,51.94015502579099
0.018043564904753392,111870.57190530152,-128559.13885105144,470606.3709072566,500512.57064780366,51.0727112905922
0.018068590653581067,108562.88176762694,-129171.23418824992,462192.0916248133,492029.1013781951,50.20705116104032
0.01809361640240874,104852.32444008514,-130167.12605518496,453837.5483228579,483638.3058708059,49.35084753783734
0.018118642151236417,100964.51122336775,-131659.78526961,445524.9968179611,475416.2958476387,48.51186692322843
0.01814366790006409,97127.63549877214,-133725.39826389632,437262.7688935278,467455.86827663094,47.699578395574584
0.018168693648891763,93516.95161750395,-136397.8662200858,429161.5873112195,459923.3264161979,46.93095167512222
0.018193719397719438,90223.78115583175,-139679.78955331602,421453.3662929843,453071.42293384334,46.231777850392184
0.018218745146547113,87278.26857583002,-143554.00873164463,414412.7193041899,447172.39570558857,45.629836296488634
0.018243770895374788,84676.79176012016,-147987.4303445719,408271.6690555722,442443.43632626213,45.14728942104716
0.018268796644202463,82382.4098079369,-152926.90096251754,403206.04742122913,439031.45120724716,44.7991276742089
0.018293822393030137,80336.89523357905,-158300.2860273883,399313.61060148844,436994.6875323186,44.591294646154964
0.018318848141857812,78503.2469411783,-164019.30798425068,396547.4886083336,436251.0789908341,44.515416223554496
0.018343873890685487,76883.41904371249,-169981.10875355365,394702.4795457188,436571.51167846523,44.548113436578085
0.018368899639513162,75482.75098768942,-176086.7558313595,393494.1831684255,437654.95938765915,44.65866932527135
0.018393925388340837,74263.46149105424,-182252.92080269268,392665.3426634696,439223.4740483527,44.81872184166864
0.018418951137168512,73123.51957919927,-188415.5270825322,392051.51776155975,441080.3243876237,45.00819636608405
0.018443976885996187,71916.81153727202,-194527.90814795258,391585.663978941,443116.7646009253,45.215996387849515
0.01846900263482386,70478.30098497077,-200555.1944018996,391276.8478325048,445294.45154103043,45.43820934092147
0.018494028383651533,68627.50584164196,-206469.40658388598,391206.02334951074,447639.92576351814,45.67754344525695
0.018519054132479208,66174.44041542186,-212247.37580822816,391525.9822679856,450245.04425549135,45.94337186280523
0.018544079881306883,62947.62770307352,-217874.8376585376,392437.12648753467,453253.51291417924,46.25035846063053
0.018569105630134558,58839.898952419986,-223339.3587290733,394126.25279691373,456812.9879873477,46.613570202790584
0.018594131378962233,53824.796353905505,-228631.1537733121,396729.12771466,461045.8914091123,47.045499123378804
0.018619157127789908,47940.6349853127,-233746.72825245542,400332.79188934393,466049.5485917339,47.55607638691162
0.018644182876617583,41272.855516472024,-238691.2169515937,404987.3083166457,471902.1779340716,48.15328346266036
0.018669208625445258,33956.30226625184,-243473.6769366844,410685.0211508182,478638.3273339845,48.840645646324944
0.018694234374272933,26204.374665976102,-248103.62608492826,417300.3352704835,486190.95868632686,49.61132231493132
0.018719260123100608,18312.23707034776,-252597.06823361994,424563.86078046216,494363.3166245613,50.44523639026136
0.01874428587192828,10597.704904873071,-256976.81622123515,432122.7207774067,502871.19746942393,51.31338749687999
0.018769311620755954,3334.94530433185,-261266.96151220007,439621.5181908011,511408.473054577,52.18453806679358
0.01879433736958363,-3258.4814401091426,-265494.5341213593,446733.03075758216,519681.0234165833,53.02867585883502
0.018819363118411304,-9000.56961883266,-269678.4833095276,453128.6039048337,527383.1873243283,53.814610951462086
0.01884438886723898,-13746.22093238179,-273816.81241970614,458457.7193309629,534179.8253116622,54.50814543996553
0.018869414616066654,-17393.67858138584,-277879.9506492018,462354.302375397,539714.0983461526,55.072867178178846
0.01889444036489433,-19890.999457212187,-281817.49662306765,464466.82647183764,543641.5971593558,55.47363236319956
0.018919466113722003,-21262.08483850265,-285574.119142224,464548.49501277145,545719.6697811062,55.6856805899088
0.01894449186254968,-21629.57185537021,-289107.5172518575,462552.4099036038,545899.0078908023,55.70398039702065
0.018969517611377353,-21204.265875798457,-292407.65141686465,458641.7460348517,544338.2282138516,55.54471716467874
0.018994543360205028,-20254.811669689778,-295504.4626857963,453131.1918109046,541351.1077202214,55.23990895104301
0.0190195691090327,-19073.461162075222,-298461.2138504719,446433.8130662322,537350.9491622845,54.831729506355565
0.019044594857860375,-17933.868093440076,-301365.2169212369,438997.86119567935,532786.7675965857,54.365996693529155
0.01906962060668805,-17060.544014119932,-304314.71763216786,431237.65147995384,528076.1513316727,53.8853215644564
0.019094646355515724,-16622.934632071192,-307401.6288965336,423541.93634900305,523602.7647089674,53.428853541731364
0.0191196721043434,-16743.378239432943,-310702.85112713114,416250.5386591278,519693.2877789839,53.02992732438611
0.019144697853171074,-17521.902781175533,-314274.31293154723,409616.6812952942,516586.0881240357,52.71286613510568
0.01916972360199875,-19063.716286013874,-318138.8248530418,403819.25361663883,514437.29138563224,52.49360116179921
0.019194749350826424,-21486.305634095996,-322276.87073560985,399005.03294379107,513350.81482965895,52.38273620710805
0.0192197750996541,-24906.836029548605,-326632.2630706973,395299.8880409241,513391.6509115371,52.386903154238475
0.019244800848481774,-29417.01524737066,-331129.3446659069,392804.37562429596,514594.2879523782,52.50962121963042
0.01926982659730945,-35059.32547263816,-335684.35619203007,391584.14189223584,516963.5223576409,52.75137983241234
0.01929485234613712,-41797.6410055707,-340202.92310429056,391654.3315269497,520459.5922103796,53.10812165412037
0.019319878094964795,-49488.51003749008,-344586.0232747282,392931.5955916545,524960.8355921891,53.567432203284596
0.01934490384379247,-57877.16665782159,-348733.0488468591,395203.8979509472,530236.3875974534,54.10575383647484
0.019369929592620145,-66628.54933224988,-352553.622651625,398121.5391268499,535942.3292841909,54.68799278410111
0.01939495534144782,-75373.78667846821,-355969.67539490096,401270.3853948733,541676.6006400683,55.27312251429267
0.019419981090275495,-83770.1472850437,-358924.5147434107,404261.2553047161,547057.0422047266,55.82214716374761
0.01944500683910317,-91546.69621400708,-361379.74698578776,406793.65452724474,551776.4008026092,56.30371436761318
0.019470032587930845,-98520.61603015228,-363313.61424902006,408673.7720835124,555623.3851160146,56.69626378734842
0.01949505833675852,-104613.55472622474,-364725.28179223125,409867.6783455573,558533.8313371665,56.99324809562924
0.019520084085586194,-109854.26163160446,-365640.52391181525,410521.08050443477,560614.4031790794,57.205551344804036
0.01954510983441387,-114351.74671465441,-366114.2059199477,410892.28387522185,562092.8772906535,57.35641605006669
0.019570135583241544,-118254.13074747492,-366216.48640518583,411278.6655625389,563248.3422926036,57.47432064210241
0.019595161332069216,-121730.68444614354,-366012.69539345085,411993.19242792437,564377.5716126891,57.589548123743775
0.01962018708089689,-124961.62249370165,-365543.95877464715,413320.5868119949,565748.7961724611,57.72946899718991
0.019645212829724566,-128104.89102365388,-364822.5044791212,415427.0863767469,567526.1993728256,57.9108366706965
0.01967023857855224,-131240.26166690016,-363835.35836161417,418282.88430482894,569702.3306719535,58.132890884893214
0.019695264327379915,-134345.26731895137,-362557.0401605522,421666.5753474403,572100.4797843801,58.37759997799797
0.01972029007620759,-137312.81582964872,-360950.8446620041,425276.4289614544,574456.5803377947,58.618018401815775
0.019745315825035265,-140000.0750838023,-358967.97166051506,428856.8610527514,576520.80012307,58.828653073782654
0.01977034157386294,-142276.93150482708,-356558.1302252762,432246.78837796487,578112.1963274196,58.99104044157343
0.019795367322690615,-144040.44892695404,-353686.56480411725,435345.3441852718,579109.1483789086,59.09277024274577
0.01982039307151829,-145215.83480438535,-350346.7401500333,438100.84506751026,579450.4529755943,59.12759724240759
0.019845418820345965,-145762.254065212,-346571.0162003767,440495.0633506068,579132.1134379667,59.09511361611906
0.019870444569173636,-145668.42903499422,-342438.0479698002,442480.1033409927,578162.3904909586,58.996162294995784
0.01989547031800131,-144934.09987706,-338057.3909975262,443954.32327791955,576527.6524884352,58.829352294738285
0.019920496066828986,-143550.4485763233,-333545.86315379717,444744.5885784162,574157.9252941448,58.58754339736172
0.01994552181565666,-141513.29360574062,-328994.9582592556,444677.7126981181,570965.8159635836,58.26181795546771
0.019970547564484336,-138850.2337876365,-324461.93647469196,443673.2736438414,566922.3133569605,57.84921564866944
0.01999557331331201,-135624.58602191796,-319984.15114460874,441780.1931617679,562097.5221388141,57.35689001416471
0.020020599062139686,-131908.96244345795,-315603.2642683993,439105.58663636143,556613.9694703337,56.79734382350345
0.02004562481096736,-127765.69697843601,-311377.81349981826,435729.58626910276,550581.9543137163,56.18183207282819
0.020070650559795036,-123259.9458800617,-307371.00161869475,431706.12144258874,544095.6921272833,55.51996858441667
0.02009567630862271,-118476.67799493781,-303621.507222725,427102.25067309354,537251.408002174,54.821572245119775
0.020120702057450385,-113517.14332648696,-300118.5605694768,422000.8186239277,530133.9294471111,54.095298923174596
0.020145727806278057,-108511.76925348536,-296802.80059890775,416529.7270209879,522841.9646509508,53.351220882750084
0.020170753555105732,-103634.21906372074,-293582.4677548709,410926.2367900415,515549.3078483154,52.60707222941993
0.020195779303933407,-99074.38032308976,-290356.1025139917,405521.40216897294,508497.7942203118,51.887530022480796
0.02022080505276108,-94980.28977232266,-287035.9730833796,400639.2758388442,501919.05187063257,51.21622978271761
0.020245830801588757,-91405.06509319023,-283559.4651886259,396484.6774641029,495944.5086756065,50.60658251791904
0.02027085655041643,-88293.3190322915,-279894.5598134117,393114.45420779055,490587.04518457025,50.059902569854096
0.020295882299244106,-85496.97730841777,-276034.6621452536,390440.6772762072,485745.6024613476,49.56587780217832
0.02032090804807178,-82819.77795572211,-271992.1181053083,388234.24315182294,481211.6535279434,49.10322995183096
0.020345933796899456,-80082.43701666758,-267793.9179809059,386165.1918142719,476707.80840735824,48.643653919118194
0.02037095954572713,-77150.61912393749,-263482.5699476288,383805.8766856197,471892.18437168776,48.152263711396714
0.020395985294554806,-73925.20065059957,-259114.234251531,380650.3963930286,466368.78749588615,47.5886517852945
0.020421011043382477,-70346.52267894802,-254739.7877304419,376241.70043498493,459781.2630534799,46.9164554136204
0.020446036792210152,-66396.70130809113,-250394.0072901241,370165.36704524787,451805.356088031,46.10258735592154
0.020471062541037827,-62120.895429047254,-246084.2964776667,362208.9177312642,442280.2128883491,45.130633968198886
0.020496088289865502,-57621.65816539689,-241786.50277579436,352480.83939674986,431304.66093558323,44.01067968730442
0.020521114038693177,-53024.735482922115,-237459.89335383472,341306.6876853609,419152.8105334284,42.77069495239065
0.020546139787520852,-48444.28437500841,-233055.9420660467,329051.30621158844,406123.974836043,41.44122192204521
0.020571165536348527,-43985.10366472413,-228530.7215617826,316050.98214185564,392491.02325621655,40.050104413899646
0.020596191285176202,-39768.326547993274,-223861.78140342084,302667.21523803554,378553.9065518837,38.6279496481514
0.020621217034003877,-35933.17408703614,-219050.02837911792,289311.9857539807,364658.1042957458,37.210010642423036
0.02064624278283155,-32612.217087622386,-214115.38805626344,276411.8259762945,351158.7299917205,35.83252346854291
0.020671268531659227,-29913.315142372616,-209095.61523334275,264387.22999995353,338402.7040534184,34.53088816871617
0.0206962942804869,-27895.968331911594,-204035.4088653397,253613.92250715982,326693.51815765555,33.336073281393425
0.020721320029314573,-26544.59909245146,-198970.4708920738,244349.31264043011,316228.4785031085,32.268212092153924
0.020746345778142248,-25764.377532650284,-193922.04858346836,236698.1055025386,307075.8167375619,31.334267014036925
0.020771371526969923,-25411.367994331675,-188896.55806299511,230646.8904122433,299208.34769187693,30.531464050191527
0.020796397275797598,-25336.606208583722,-183892.56266439817,226135.20328484228,292567.1690074756,29.853792755864852
0.020821423024625273,-25421.52928168202,-178901.90297901566,223112.38694708757,287108.48515416164,29.296784199404254
0.020846448773452948,-25595.61436394648,-173910.47233388314,221538.4205656645,282806.04598390375,28.857759794275893
0.020871474522280622,-25821.730331345447,-168902.87918525058,221308.23768033335,279593.06220025447,28.52990430614842
0.020896500271108297,-26088.06893549607,-163865.85586122453,222238.3627668263,277349.05076040374,28.300923546979977
0.020921526019935972,-26407.587003295408,-158787.07573783328,224080.51400399843,275903.5571010725,28.15342419398699
0.020946551768763647,-26794.48001470039,-153655.68954330892,226500.1116871981,275009.66472306405,28.06221068602694
0.020971577517591322,-27221.148827417328,-148462.40687411677,229063.28749780564,274321.1017411855,27.99194915726383
0.020996603266418994,-27595.462564282105,-143199.51151096338,231257.27229089112,273399.9554791824,27.897954640732898
0.02102162901524667,-27791.307672235256,-137865.68109285878,232597.90390711295,271810.7571706725,27.735791548027805
0.021046654764074343,-27706.441705393943,-132467.4499360435,232769.15735469208,269252.2104383839,27.474715350855504
0.02107168051290202,-27291.97988776953,-127022.13148681518,231669.52403510062,265612.95605684025,27.10336286294288
0.021096706261729693,-26547.50823190716,-121566.67514174448,229371.23729565094,260949.02028621372,26.62745104961364
0.021121732010557368,-25496.878227576715,-116152.39551534358,226050.5907977781,255421.8850950024,26.06345766275535
0.021146757759385043,-24161.6246679399,-110836.13789172526,221925.01127166837,249237.12443247708,25.432359635967046
0.021171783508212718,-22541.25629839334,-105669.71471692869,217188.13690897843,242579.64395782462,24.753024893655574
0.021196809257040393,-20602.352157910726,-100687.23451134966,211938.9583597627,235542.9858479657,24.034998555914868
0.021221835005868068,-18293.0758698252,-95900.37165895353,206166.49162473358,228114.31383610982,23.276970799603042
0.021246860754695743,-15580.016313312168,-91296.13347570406,199796.70815458614,220219.0851932293,22.47133522379891
0.021271886503523414,-12481.717476310394,-86840.01284101955,192752.56400418075,211779.44193146523,21.6101471358638
0.02129691225235109,-9068.395124538294,-82480.1618273665,184972.7290637235,202731.6536426252,20.686903432920936
0.021321938001178764,-5448.074965461814,-78161.51393459957,176449.85343919753,193063.34338834384,19.700341162075905
0.02134696375000644,-1755.370380177196,-73840.93178352974,167290.47541908815,182870.6310553992,18.660268475040734
0.021371989498834114,1860.3349122222257,-69499.23248397138,157730.2040316645,172372.91380967267,17.5890728377217
0.02139701524766179,5238.9224448521645,-65151.57011761231,148116.65697455165,161897.24353624502,16.520126891453575
0.021422040996489464,8208.935447915828,-60845.51249813881,138890.85131610456,151855.9567259349,15.495505788360704
0.02144706674531714,10615.618932112107,-56652.29351083344,130495.35251153844,142657.6697884639,14.556905080455499
0.021472092494144814,12359.419825675724,-52654.874960092806,123250.65849745879,134595.7500774422,13.734260211983898
0.02149711824297249,13401.904247017315,-48924.11770856024,117311.33780883369,127808.96020197887,13.041730632854987
0.021522143991800163,13754.731237114558,-45502.31995359332,112683.48484584305,122299.71998803651,12.479563264085359
0.021547169740627835,13487.301694410573,-42402.613320819604,109231.80970260313,117946.92523821992,12.035400534512236
0.02157219548945551,12722.554072339184,-39620.4592745108,106717.50681109207,114543.74900506601,11.688137653578165
0.021597221238283185,11595.769177674494,-37141.171917880165,104888.77324797167,111873.06766969156,11.415619149968524
0.02162224698711086,10209.81817082508,-34939.70740457434,103551.54708462101,109763.13790890649,11.200320194786377
0.021647272735938534,8614.549169767395,-32980.10484725425,102605.94329258891,108119.73628313837,11.032626151340647
0.02167229848476621,6824.425553013009,-31220.021722556914,102017.75469569518,106905.96246588447,10.908771680192292
0.021697324233593884,4847.41449227528,-29618.50348947695,101761.89870060161,106095.4155473508,10.826062810954163
0.02172234998242156,2708.8898501805675,-28145.92933862151,101778.25530920552,105633.06621061498,10.77888430720561
0.021747375731249234,465.39504351692034,-26786.06752375209,101946.10556890357,105407.39276396277,10.755856404485993
0.02177240148007691,-1796.1258634074675,-25531.20564579333,102084.06760852403,105243.64775947852,10.739147730559033
0.021797427228904584,-3972.7931474688075,-24375.79388063704,101979.07417069962,104927.08886587663,10.706845802640473
0.02182245297773226,-5963.961752258074,-23309.31328691351,101419.97124607739,104234.8477884979,10.63620895800999
0.02184747872655993,-7684.724422292804,-22315.575650779498,100228.46561193846,102969.82676427532,10.507125180028092
0.021872504475387605,-9061.920219285503,-21380.410966440853,98261.95608305746,100968.57127760432,10.302915436490238
0.02189753022421528,-10017.37367403524,-20499.53381831853,95393.77637214912,98084.40871650698,10.008613134337446
0.021922555973042955,-10461.573409078046,-19681.697468242277,91513.75339228433,94189.06939421188,9.611129530021621
0.02194758172187063,-10298.430240967798,-18946.021597468465,86531.64197876997,89178.10529068693,9.099806662314991
0.021972607470698305,-9442.840812258602,-18316.124857880073,80396.04413235624,82995.00938996054,8.468878509179648
0.02199763321952598,-7856.478325813819,-17809.639985036738,73141.54816484515,75687.47318946166,7.723211549945067
0.022022658968353655,-5567.022953366974,-17428.576515260065,64907.24273155926,67436.61604185183,6.8812873512093695
0.02204768471718133,-2662.6143074756383,-17153.391015391815,55910.84638811819,58543.58281428335,5.973834981049321
0.022072710466009005,709.1051533606063,-16944.585946655654,46441.78552893869,49441.493205494495,5.045050327091275
0.02209773621483668,4350.041587174862,-16751.067777130203,36843.23976888056,40705.59464933242,4.1536321070747375
0.02212276196366435,8032.6811774973885,-16519.06232098844,27471.146001497385,33046.44081251554,3.3720857971954628
0.022147787712492026,11523.081651164188,-16200.433985454178,18660.558755068218,27266.314211417663,2.782276960348742
0.0221728134613197,14599.02667132883,-15759.510900409636,10712.970446468255,24005.448125858493,2.4495355230467855
0.022197839210147376,17069.899120943126,-15175.649514341032,3874.846901308705,23166.704898660755,2.363949479455179
0.02222286495897505,18800.86856345368,-14443.685152170421,-1691.9096997955526,23768.78747248042,2.4253864767837165
0.022247890707802725,19736.101833062057,-13576.091644371143,-5929.884342241656,24677.672104142344,2.5181298065451374
0.0222729164566304,19911.383058346833,-12605.85611600596,-8888.011335723186,25186.653720757207,2.570066706199715
0.022297942205458075,19451.423299195918,-11581.660886370675,-10723.337717461185,25049.6049968295,2.556082142533622
0.02232296795428575,18533.951795270845,-10552.811299672088,-11664.715551246896,24309.150219512292,2.480525532603295
0.022347993703113425,17336.671567624704,-9554.610282845868,-11951.359422170575,23123.272932457745,2.359517646169158
0.0223730194519411,16001.224712736604,-8602.777126110277,-11794.3235649807,21659.94078299638,2.210198039081263
0.02239804520076877,14621.618878874177,-7693.881736265332,-11365.509617199501,20053.986225094126,2.046325125009605
0.022423070949596446,13254.272418831073,-6812.113018740403,-10803.751016944045,18406.565599194797,1.8782209795096727
0.02244809669842412,11927.535605490126,-5939.214273740927,-10209.027845262,16785.845867466065,1.7128414150475575
0.022473122447251796,10654.87383886624,-5062.917103083944,-9645.483702387204,15237.940222169596,1.5548918594050611
0.02249814819607947,9458.00189465253,-4180.260125072443,-9167.84982045899,13819.47338406157,1.4101503453124051
0.022523173944907146,8390.155635691382,-3297.443157611225,-8859.571685452578,12639.614450554227,1.289756576587166
0.02254819969373482,7540.0922929367625,-2428.6472981693382,-8845.37270347652,11874.00258203226,1.2116329165339041
0.022573225442562496,7016.457220449352,-1593.88857950029,-9275.308104942194,11738.930699949973,1.1978500714234666
0.02259825119139017,6920.342974917284,-813.6456184101261,-10290.228722213642,12427.468516542529,1.268109032300258
0.022623276940217846,7309.938629865536,-101.13473830907822,-11973.634306577822,14029.018125529408,1.431532461788715
0.02264830268904552,8171.840839885931,538.4684618505555,-14302.736579583614,16481.41998980409,1.681777549980009
0.022673328437873192,9411.233559627555,1101.1952738042398,-17121.538062165204,19568.623191793722,1.9967982848769104
0.022698354186700867,10867.891437837232,1580.980631497618,-20162.598787760977,22959.550386755716,2.342811263954665
0.022723379935528542,12367.917807117576,1973.0311439877732,-23137.491331659407,26309.727248683135,2.6846660457839935
0.022748405684356217,13749.983465724805,2274.6447745466,-25781.10097309578,29307.016592347667,2.9905118971783335
0.022773431433183892,14896.260007656898,2487.730276352735,-27905.797827881637,31730.441480614496,3.237800151083112
0.022798457182011567,15756.985768274477,2621.245248290475,-29444.597272582236,33498.32586409015,3.4181965167438935
0.02282348293083924,16353.164151770927,2691.0481242130118,-30454.935337302446,34672.33485331693,3.5379933523792784
0.022848508679666917,16759.820912312538,2717.3035805084833,-31087.442724028984,35421.80727855442,3.6144701304647366
0.02287353442849459,17089.26895756841,2722.274842779357,-31555.169751480564,35988.645874423615,3.6723108035126146
0.022898560177322266,17470.57505444593,2727.791433306337,-32096.282660294466,36644.68855713222,3.7392539344012463
0.02292358592614994,18028.498007015987,2752.821886503592,-32936.33609006973,37648.46615423646,3.8416802198200477
0.022948611674977616,18862.832690554376,2811.190767393164,-34251.636837888895,39203.11054892931,4.00031740295197
0.022973637423805288,20026.84082385302,2909.1784117776983,-36131.188696158504,41412.5641443108,4.225771851460286
0.022998663172632963,21510.52272396423,3043.847684325967,-38547.732988098905,44248.11086488794,4.515113353559993
0.023023688921460637,23244.934938628125,3204.524316846769,-41367.05353058491,47558.691047983375,4.852927657957487
0.023048714670288312,25125.677546681472,3377.1862002024855,-44392.03919086053,51121.01527114395,5.216430129708567
0.023073740419115987,27044.56963236221,3550.045245471308,-47421.29924170774,54706.40903585937,5.582286636312181
0.023098766167943662,28916.292176048297,3718.547067257263,-50299.18822224447,58137.66319090767,5.932414611317108
0.023123791916771337,30693.275999245754,3888.738179084085,-52945.228451550516,61322.07344805909,6.257354433475417
0.023148817665599012,32361.791461248373,4078.057741163237,-55350.86241369477,64246.66583908042,6.555782228477594
0.023173843414426687,33927.56829271225,4314.641444833279,-57557.50031635598,66951.93696793787,6.831830302850804
0.023198869163254362,35402.863274895644,4634.531522005619,-59628.85202123088,69501.3784311398,7.091977390932633
0.023223894912082037,36808.37934913843,5079.4495153715225,-61646.26201903712,71978.60250542189,7.344755357696113
0.023248920660909708,38179.657187984485,5693.49904619564,-63709.957803675876,74492.01888518753,7.6012264168558685
0.023273946409737383,39563.433170758675,6516.445779985799,-65919.34503132832,77156.2658434885,7.873088351376378
0.023298972158565058,41005.146114310606,7573.929370407581,-68338.16111165847,80055.54745525634,8.16893341380167
0.023323997907392733,42537.09371893531,8867.76101669333,-70968.96937112579,83214.39864187011,8.491265167537767
0.023349023656220408,44168.41077491872,10366.195077748458,-73738.22182924888,86577.31729596714,8.834420132241544
0.023374049405048083,45876.174312221636,11994.395663284013,-76491.61395852466,89996.97718093733,9.183365018462993
0.023399075153875758,47608.86069035954,13654.981146308704,-79018.8998825444,93257.96837071073,9.516119221501095
0.023424100902703433,49295.854092236514,15277.02351773337,-81085.74392862737,96116.4218351255,9.807798146441378
0.023449126651531108,50854.52999865173,16818.68430683197,-82465.60904903531,98334.26686712894,10.034108863992751
0.023474152400358782,52199.62475841191,18258.605122431898,-82961.88204270623,99703.81818001042,10.173858997960247
0.023499178149186457,53261.22180005432,19590.557733671358,-82447.00304246432,100090.23933314614,10.213289727872054
0.02352420389801413,54007.33868134989,20820.84209030928,-80905.15565860583,99478.36101251632,10.150853164542482
0.023549229646841804,54467.167364654626,21964.79398095981,-78481.07869556172,98022.46785400143,10.00229263816341
0.02357425539566948,54739.48350954038,23041.673317821816,-75490.55913980019,96052.87235671615,9.801313505787364
0.023599281144497154,54975.90274906646,24074.291685270942,-72341.38025064439,93995.72703847908,9.59140071821215
0.02362430689332483,55366.01068539169,25083.413619493618,-69486.73197877813,92319.97996548565,9.420406118927104
0.023649332642152503,56103.61206484755,26084.03898766878,-67354.34794229518,91458.1902613026,9.332468394010467
0.02367435839098018,57360.80733101165,27085.189026351607,-66301.7029417623,91759.38913235976,9.36320297268977
0.023699384139807853,59267.95052315738,28091.387159720933,-66580.17754615807,93459.8097263844,9.53671527820249
0.023724409888635528,61889.216240189824,29099.756746601965,-68304.37252284313,96656.90991938776,9.862949991774261
0.023749435637463203,65200.610844199786,30098.27240075504,-71417.01879271766,101278.90318048185,10.334581957192027
0.023774461386290878,69090.88640145457,31067.67883981454,-75695.67295737808,107091.48498785678,10.927702549781303
0.02379948713511855,73369.69307870603,31981.672494656177,-80782.28291581223,113717.70517709543,11.603847467050555
0.023824512883946224,77775.09264624048,32806.5449050691,-86206.91296579258,120651.8390547595,12.31141214844485
0.0238495386327739,81999.71806774473,33504.510109132265,-91438.9188282867,127309.00139710153,12.990714428275666
0.023874564381601574,85741.60482508063,34039.398891388075,-95970.70121689836,133119.04058933764,13.583575570340576
0.02389959013042925,88759.75051925283,34384.00373115464,-99400.09068434632,137626.05513851112,14.04347501413379
0.023924615879256924,90909.01543816485,34523.71520206229,-101483.18806784648,140553.09836433124,14.342152894319513
0.0239496416280846,92153.06757473417,34459.5957396272,-102161.97606067173,141833.42678743796,14.472798651779383
0.023974667376912274,92555.53154525493,34212.34682403337,-101558.85584384929,141602.30328155283,14.449214620566618
0.02399969312573995,92257.65025751495,33824.14816883493,-99935.52379094616,140152.25986750054,14.301251006887812
0.024024718874567624,91444.99079537022,33355.62172382569,-97621.47832335687,137857.6688917059,14.067109070582232
0.0240497446233953,90301.32525494197,32877.36684832403,-94924.33838573362,135077.31346312093,13.783399332971522
0.024074770372222973,88982.05293925687,32463.245271361935,-92093.34690067767,132109.2448751967,13.480535191346602
0.024099796121050645,87591.71656720608,32180.704454502047,-89304.18764197697,129163.2474065134,13.179923204746265
0.02412482186987832,86162.65378659416,32079.893530099398,-86637.02036909507,126329.31478682565,12.890746406818943
0.024149847618705995,84644.52809009471,32189.529425019748,-84056.03720933104,123556.78586168218,12.607835292008385
0.02417487336753367,82920.02826374861,32524.47957339786,-81421.37064857443,120677.30713927886,12.314010932579475
0.024199899116361345,80834.12730562664,33096.15141303145,-78525.2970228574,117455.24103973308,11.985228677523784
0.02422492486518902,78221.68558166256,33919.6237623372,-75132.5667217948,113640.1142023407,11.59593002064701
0.024249950614016694,74938.16151256365,35015.96717523301,-71026.37110007941,109025.64557100054,11.125065874591893
0.02427497636284437,70898.28096435212,36410.11321940325,-66060.37452223973,103519.25268078741,10.56318904905994
0.024300002111672044,66122.27083703631,38125.01633310952,-60230.463411221244,97228.49529225192,9.921275029821624
0.02432502786049972,60763.867055215174,40166.09593184215,-53728.227388163665,90511.2436915673,9.23584119301707
0.024350053609327394,55094.7815880172,42509.55496253983,-46892.074016238555,83912.8348792158,8.562534171348553
0.024375079358155066,49465.64648732323,45105.34749756007,-40129.19658485188,78049.31101438282,7.964215409630901
0.02440010510698274,44234.09961621613,47889.2335741892,-33831.10829282562,73447.79203405353,7.494672656536075
0.024425130855810415,39702.45668743777,50782.34281063495,-28317.64398401762,70406.11015708186,7.18429695480427
0.02445015660463809,36052.53332441269,53686.2385824514,-23767.64222026585,68897.73734671592,7.030381361909789
0.024475182353465765,33324.583696834066,56488.70816415993,-20193.84953197937,68624.29307030214,7.002478884724708
0.02450020810229344,31441.816666152146,59073.93842113624,-17478.063811741933,69165.02547501169,7.057655660715479
0.024525233851121115,30253.340428603184,61336.21715632405,-15419.754804184486,70108.2375875879,7.153901794651826
0.02455025959994879,29582.273525062683,63192.236452244084,-13796.347268426422,71124.60088094724,7.257612334790533
0.024575285348776465,29262.084919767567,64593.70375267743,-12412.699751935848,71990.9111959527,7.346011346525786
0.02460031109760414,29148.050987160237,65536.14613978607,-11107.039004030328,72580.72500891193,7.40619642948081
0.024625336846431815,29113.351179421443,66065.61849343238,-9723.795796589406,72847.823368079,7.433451364089696
0.024650362595259486,29048.805124548355,66280.46129586834,-8091.108556464801,72817.57112589941,7.43036440060198
0.02467538834408716,28868.51956067467,66320.73415960923,-6026.263842902845,72582.00227042225,7.406326762287985
0.024700414092914836,28510.55780764008,66345.23715809474,-3352.5914191826505,72289.572345394,7.376486974019795
0.02472543984174251,27938.290757836192,66504.03763100757,70.33574334263076,72134.1808941632,7.360630703486041
0.024750465590570186,27149.010924531904,66914.44927266239,4299.977977893058,72340.1834480657,7.381651372251601
0.02477549133939786,26176.461390618486,67641.89027614857,9273.69686121009,73120.68029720252,7.461293907877807
0.024800517088225536,25087.6500514422,68689.42152399638,14789.248898014026,74607.96670830638,7.613057827378203
0.02482554283705321,23971.739569013807,69999.09833885146,20516.603332029747,76781.82771625074,7.83488037920926
0.024850568585880885,22917.74933741857,71463.34362719399,26058.053278541367,79443.40651415748,8.10647005246505
0.02487559433470856,21996.415143698032,72940.97338834789,31022.453896846822,82259.47077476763,8.393823548445678
0.024900620083536235,21253.76012017678,74279.2859890434,35092.207326194766,84856.33542152277,8.65880973689008
0.024925645832363907,20713.580823981214,75339.96176413212,38065.91160459967,86914.76225224121,8.86885329104502
0.02495067158119158,20381.245419621817,76030.90547894449,39883.899062474484,88242.95527901348,9.004383191736068
0.024975697330019257,20235.737482565004,76344.49565195643,40670.636748058605,88837.31074988139,9.06503170917157
0.02500072307884693,20211.662109375,76397.5078125,40799.24609375,88936.31972935984,9.075134666261208
