run,design,loc,base_run,X1,X2,X3,dz_mm,center_gap_mm,sphere_pen_mm,lift_mm,surf_z_mm,grid_rank,source_dataset,source_run,source_loc,source_subset
1,0,1,1,780.1084,855.3432,722.5654,108.9004,2.0056,-1.8514,0.0000,638.0598,1,HoodImpact_600_EuroNCAP,1,1,selected_50
2,0,2,1,779.9595,-544.6568,722.5528,108.8878,2.0056,-1.8503,0.0000,638.0471,2,HoodImpact_600_EuroNCAP,2,2,selected_50
3,0,3,1,160.1135,755.3432,645.6073,31.9423,2.0056,-0.3051,0.0000,561.1017,3,HoodImpact_600_EuroNCAP,3,3,selected_50
4,0,4,1,-265.2894,555.3432,533.9590,-79.7060,2.0056,1.6501,2.7664,446.6869,4,HoodImpact_600_EuroNCAP,4,4,selected_50
5,0,5,1,283.4247,-544.6568,665.4919,51.8269,2.0056,-0.7811,0.0000,580.9863,5,HoodImpact_600_EuroNCAP,5,5,selected_50
6,0,6,1,-265.2296,-244.6568,533.9465,-79.7185,2.0056,1.6509,2.7339,446.7070,6,HoodImpact_600_EuroNCAP,6,6,selected_50
7,0,7,1,510.8000,555.3432,713.9460,100.2810,2.0056,-1.5164,0.0000,629.4404,7,HoodImpact_600_EuroNCAP,7,7,selected_50
8,0,8,1,510.8630,-244.6568,713.9525,100.2875,2.0056,-1.5389,0.0000,629.4469,8,HoodImpact_600_EuroNCAP,8,8,selected_50
9,0,9,1,94.3893,455.3432,651.5279,37.8629,2.0056,-0.0261,0.0000,567.0223,9,HoodImpact_600_EuroNCAP,9,9,selected_50
10,0,10,1,-33.5021,-444.6568,595.7718,-17.8932,2.0056,1.5817,0.0000,511.2662,10,HoodImpact_600_EuroNCAP,10,10,selected_50
11,0,11,1,481.4907,855.3432,694.1675,80.5025,2.0056,-1.5248,0.0000,609.6619,11,HoodImpact_600_EuroNCAP,11,11,selected_50
12,0,12,1,-128.1311,755.3432,565.0968,-48.5682,2.0056,1.6502,1.6090,478.9822,12,HoodImpact_600_EuroNCAP,12,12,selected_50
13,0,13,1,-306.7720,255.3432,537.0431,-76.6219,2.0056,1.6502,2.5408,449.9967,13,HoodImpact_600_EuroNCAP,13,13,selected_50
14,0,14,1,576.5633,355.3432,725.3049,111.6399,2.0056,-1.7397,0.0000,640.7993,14,HoodImpact_600_EuroNCAP,14,14,selected_50
15,0,15,1,576.5583,-44.6568,725.3044,111.6394,2.0056,-1.7381,0.0000,640.7988,15,HoodImpact_600_EuroNCAP,15,15,selected_50
16,0,16,1,278.6628,355.3432,690.2729,76.6079,2.0056,-1.0443,0.0000,605.7672,16,HoodImpact_600_EuroNCAP,16,16,selected_50
17,0,17,1,-205.2068,-44.6568,569.9969,-43.6681,2.0056,1.6508,1.5666,483.9247,17,HoodImpact_600_EuroNCAP,17,17,selected_50
18,0,18,1,556.6869,-444.6568,696.0199,82.3549,2.0056,0.8049,0.0000,611.5143,18,HoodImpact_600_EuroNCAP,18,18,selected_50
19,0,19,1,260.5862,-344.6568,669.7750,56.1100,2.0056,1.1642,0.0000,585.2694,19,HoodImpact_600_EuroNCAP,19,19,selected_50
20,0,20,1,-110.8354,355.3432,601.9975,-11.6675,2.0056,1.6508,0.4950,516.9969,20,HoodImpact_600_EuroNCAP,20,20,selected_50
21,0,21,1,377.7089,-44.6568,704.0001,90.3351,2.0056,-1.3514,0.0000,619.4945,21,HoodImpact_600_EuroNCAP,21,21,selected_50
22,0,22,1,312.7224,555.3432,686.4424,72.7774,2.0056,-1.0792,0.0000,601.9368,22,HoodImpact_600_EuroNCAP,22,22,selected_50
23,0,23,1,-77.2524,-244.6568,599.4379,-14.2271,2.0056,1.6501,0.1049,514.8274,23,HoodImpact_600_EuroNCAP,23,23,selected_50
24,0,24,1,-77.3130,555.3432,599.3848,-14.2802,2.0056,1.6502,0.0705,514.8087,24,HoodImpact_600_EuroNCAP,24,24,selected_50
25,0,25,1,657.1662,655.3432,722.9742,109.3092,2.0056,-1.5653,0.0000,638.4685,25,HoodImpact_600_EuroNCAP,25,25,selected_50
26,0,26,1,565.5359,155.3432,725.3718,111.7068,2.0056,-1.6729,0.0000,640.8661,26,HoodImpact_600_EuroNCAP,26,26,selected_50
27,0,27,1,357.7544,755.3432,675.6093,61.9443,2.0056,-0.7090,0.0000,591.1036,27,HoodImpact_600_EuroNCAP,27,27,selected_50
28,0,28,1,270.4669,55.3432,691.5633,77.8983,2.0056,-1.1981,0.0000,607.0577,28,HoodImpact_600_EuroNCAP,28,28,selected_50
29,0,29,1,-306.7556,55.3432,537.0754,-76.5896,2.0056,1.6502,2.5664,450.0034,29,HoodImpact_600_EuroNCAP,29,29,selected_50
30,0,30,1,160.1126,-444.6568,645.6116,31.9466,2.0056,-0.3600,0.0000,561.1059,30,HoodImpact_600_EuroNCAP,30,30,selected_50
31,0,31,1,656.8107,-344.6568,722.9409,109.2759,2.0056,-1.5690,0.0000,638.4353,31,HoodImpact_600_EuroNCAP,31,31,selected_50
32,0,32,1,66.2616,-344.6568,626.1068,12.4418,2.0056,1.6503,3.3946,538.2066,32,HoodImpact_600_EuroNCAP,32,32,selected_50
33,0,33,1,66.6051,655.3432,626.2189,12.5539,2.0056,1.6503,3.4094,538.3038,33,HoodImpact_600_EuroNCAP,33,33,selected_50
34,0,34,1,291.0172,-144.6568,687.9254,74.2604,2.0056,-1.0005,0.0000,603.4198,34,HoodImpact_600_EuroNCAP,34,34,selected_50
35,0,35,1,171.6919,255.3432,675.8705,62.2055,2.0056,-0.7921,0.0000,591.3648,35,HoodImpact_600_EuroNCAP,35,35,selected_50
36,0,36,1,389.9592,455.3432,702.4287,88.7637,2.0056,-1.4117,0.0000,617.9230,36,HoodImpact_600_EuroNCAP,36,36,selected_50
37,0,37,1,-23.5537,255.3432,632.8642,19.1992,2.0056,0.6783,0.0000,548.3586,37,HoodImpact_600_EuroNCAP,37,37,selected_50
38,0,38,1,481.3422,-544.6568,694.1494,80.4844,2.0056,-1.5308,0.0000,609.6437,38,HoodImpact_600_EuroNCAP,38,38,selected_50
39,0,39,1,556.6876,755.3432,696.0364,82.3714,2.0056,0.8348,0.0000,611.5308,39,HoodImpact_600_EuroNCAP,39,39,selected_50
40,0,40,1,-2.7459,-144.6568,627.7982,14.1332,2.0056,0.9576,0.0000,543.2926,40,HoodImpact_600_EuroNCAP,40,40,selected_50
41,0,41,1,357.7543,-444.6568,675.6092,61.9442,2.0056,-0.7091,0.0000,591.1036,41,HoodImpact_600_EuroNCAP,41,41,selected_50
42,0,42,1,283.5723,855.3432,665.5166,51.8516,2.0056,-0.9840,0.0000,581.0110,42,HoodImpact_600_EuroNCAP,42,42,selected_50
43,0,43,1,-193.0211,455.3432,567.9550,-45.7100,2.0056,1.6501,1.5423,481.9070,43,HoodImpact_600_EuroNCAP,43,43,selected_50
44,0,44,1,468.9423,255.3432,715.9602,102.2952,2.0056,-1.7589,0.0000,631.4546,44,HoodImpact_600_EuroNCAP,44,44,selected_50
45,0,45,1,-217.2723,155.3432,575.3034,-38.3616,2.0056,1.6502,1.5384,489.2593,45,HoodImpact_600_EuroNCAP,45,45,selected_50
46,0,46,1,468.9599,55.3432,715.9621,102.2971,2.0056,-1.7614,0.0000,631.4564,46,HoodImpact_600_EuroNCAP,46,46,selected_50
47,0,47,1,457.9314,-344.6568,701.9258,88.2608,2.0056,-0.9385,0.0000,617.4202,47,HoodImpact_600_EuroNCAP,47,47,selected_50
48,0,48,1,458.2863,655.3432,701.9652,88.3002,2.0056,-1.1187,0.0000,617.4596,48,HoodImpact_600_EuroNCAP,48,48,selected_50
49,0,49,1,260.9358,655.3432,669.8476,56.1826,2.0056,1.1726,0.0000,585.3420,49,HoodImpact_600_EuroNCAP,49,49,selected_50
50,0,50,1,-125.5168,-344.6568,566.6832,-46.9818,2.0056,1.6501,0.6332,481.5444,50,HoodImpact_600_EuroNCAP,50,50,selected_50
51,0,51,1,214.2609,-244.6568,669.3444,55.6794,2.0056,-0.5950,0.0000,584.8388,51,HoodImpact_1104_EuroNCAP_Remaining,1,1,remaining_92
52,0,52,1,-219.4391,655.3432,534.7853,-78.8797,2.0056,1.6507,1.9682,448.3115,52,HoodImpact_1104_EuroNCAP_Remaining,2,2,remaining_92
53,0,53,1,-23.5365,55.3432,632.8684,19.2034,2.0056,0.6946,0.0000,548.3628,53,HoodImpact_1104_EuroNCAP_Remaining,3,3,remaining_92
54,0,54,1,179.9834,-44.6568,674.0653,60.4003,2.0056,-0.7711,0.0000,589.5597,54,HoodImpact_1104_EuroNCAP_Remaining,4,4,remaining_92
55,0,55,1,116.1159,555.3432,649.8636,36.1986,2.0056,-0.1625,0.0000,565.3579,55,HoodImpact_1104_EuroNCAP_Remaining,5,5,remaining_92
56,0,56,1,489.1986,-144.6568,714.7092,101.0442,2.0056,-1.6208,0.0000,630.2036,56,HoodImpact_1104_EuroNCAP_Remaining,6,6,remaining_92
57,0,57,1,-286.1735,-144.6568,532.7077,-80.9573,2.0056,1.6503,2.6519,445.5502,57,HoodImpact_1104_EuroNCAP_Remaining,7,7,remaining_92
58,0,58,1,81.9348,355.3432,654.4663,40.8013,2.0056,-0.0822,0.0000,569.9607,58,HoodImpact_1104_EuroNCAP_Remaining,8,8,remaining_92
59,0,59,1,588.7217,455.3432,724.4534,110.7884,2.0056,-1.6904,0.0000,639.9478,59,HoodImpact_1104_EuroNCAP_Remaining,9,9,remaining_92
60,0,60,1,-298.3486,355.3432,534.7772,-78.8878,2.0056,1.6501,2.7163,447.5553,60,HoodImpact_1104_EuroNCAP_Remaining,10,10,remaining_92
61,0,61,1,-15.1327,-44.6568,630.4512,16.7862,2.0056,0.9164,0.0000,545.9455,61,HoodImpact_1104_EuroNCAP_Remaining,11,11,remaining_92
62,0,62,1,267.4594,155.3432,691.7349,78.0699,2.0056,-1.3393,0.0000,607.2293,62,HoodImpact_1104_EuroNCAP_Remaining,12,12,remaining_92
63,0,63,1,680.4156,855.3432,714.7480,101.0830,2.0056,-1.7868,0.0000,630.2424,63,HoodImpact_1104_EuroNCAP_Remaining,13,13,remaining_92
64,0,64,1,680.2686,-544.6568,714.7103,101.0453,2.0056,-1.8029,0.0000,630.2047,64,HoodImpact_1104_EuroNCAP_Remaining,14,14,remaining_92
65,0,65,1,610.4081,-244.6568,723.4530,109.7880,2.0056,-1.7548,0.0000,638.9474,65,HoodImpact_1104_EuroNCAP_Remaining,15,15,remaining_92
66,0,66,1,610.3450,555.3432,723.4477,109.7827,2.0056,-1.7371,0.0000,638.9421,66,HoodImpact_1104_EuroNCAP_Remaining,16,16,remaining_92
67,0,67,1,568.4976,55.3432,725.5597,111.8947,2.0056,-1.8641,0.0000,641.0541,67,HoodImpact_1104_EuroNCAP_Remaining,17,17,remaining_92
68,0,68,1,568.4800,255.3432,725.5581,111.8931,2.0056,-1.8632,0.0000,641.0525,68,HoodImpact_1104_EuroNCAP_Remaining,18,18,remaining_92
69,0,69,1,477.0333,355.3432,715.6325,101.9675,2.0056,-1.6919,0.0000,631.1269,69,HoodImpact_1104_EuroNCAP_Remaining,19,19,remaining_92
70,0,70,1,588.7204,-144.6568,724.4533,110.7883,2.0056,-1.6912,0.0000,639.9477,70,HoodImpact_1104_EuroNCAP_Remaining,20,20,remaining_92
71,0,71,1,457.2813,755.3432,685.3132,71.6482,2.0056,-0.8417,0.0000,600.8075,71,HoodImpact_1104_EuroNCAP_Remaining,21,21,remaining_92
72,0,72,1,457.2813,-444.6568,685.3131,71.6481,2.0056,-0.8417,0.0000,600.8075,72,HoodImpact_1104_EuroNCAP_Remaining,22,22,remaining_92
73,0,73,1,369.5754,255.3432,704.7385,91.0735,2.0056,-1.5130,0.0000,620.2329,73,HoodImpact_1104_EuroNCAP_Remaining,23,23,remaining_92
74,0,74,1,580.8567,855.3432,705.3987,91.7337,2.0056,-1.7095,0.0000,620.8930,74,HoodImpact_1104_EuroNCAP_Remaining,24,24,remaining_92
75,0,75,1,580.7079,-544.6568,705.3832,91.7182,2.0056,-1.7052,0.0000,620.8775,75,HoodImpact_1104_EuroNCAP_Remaining,25,25,remaining_92
76,0,76,1,557.6210,655.3432,713.4521,99.7871,2.0056,-1.4439,0.0000,628.9465,76,HoodImpact_1104_EuroNCAP_Remaining,26,26,remaining_92
77,0,77,1,557.2657,-344.6568,713.4169,99.7519,2.0056,-1.3327,0.0000,628.9113,77,HoodImpact_1104_EuroNCAP_Remaining,27,27,remaining_92
78,0,78,1,477.0283,-44.6568,715.6319,101.9669,2.0056,-1.6941,0.0000,631.1262,78,HoodImpact_1104_EuroNCAP_Remaining,28,28,remaining_92
79,0,79,1,489.1998,455.3432,714.7096,101.0446,2.0056,-1.6146,0.0000,630.2039,79,HoodImpact_1104_EuroNCAP_Remaining,29,29,remaining_92
80,0,80,1,411.6493,-244.6568,701.4658,87.8008,2.0056,-1.2185,0.0000,616.9602,80,HoodImpact_1104_EuroNCAP_Remaining,30,30,remaining_92
81,0,81,1,369.5929,55.3432,704.7406,91.0756,2.0056,-1.5123,0.0000,620.2350,81,HoodImpact_1104_EuroNCAP_Remaining,31,31,remaining_92
82,0,82,1,377.7139,355.3432,704.0007,90.3357,2.0056,-1.3516,0.0000,619.4951,82,HoodImpact_1104_EuroNCAP_Remaining,32,32,remaining_92
83,0,83,1,389.9580,-144.6568,702.4282,88.7632,2.0056,-1.4241,0.0000,617.9226,83,HoodImpact_1104_EuroNCAP_Remaining,33,33,remaining_92
84,0,84,1,291.0185,455.3432,687.9254,74.2604,2.0056,-1.1056,0.0000,603.4198,84,HoodImpact_1104_EuroNCAP_Remaining,34,34,remaining_92
85,0,85,1,411.5864,555.3432,701.4579,87.7929,2.0056,-1.2784,0.0000,616.9523,85,HoodImpact_1104_EuroNCAP_Remaining,35,35,remaining_92
86,0,86,1,655.4782,755.3432,711.5162,97.8512,2.0056,-0.0407,0.0000,627.0105,86,HoodImpact_1104_EuroNCAP_Remaining,36,36,remaining_92
87,0,87,1,382.3621,855.3432,681.0093,67.3443,2.0056,-1.1609,0.0000,596.5037,87,HoodImpact_1104_EuroNCAP_Remaining,37,37,remaining_92
88,0,88,1,382.2140,-544.6568,680.9879,67.3229,2.0056,-1.1609,0.0000,596.4823,88,HoodImpact_1104_EuroNCAP_Remaining,38,38,remaining_92
89,0,89,1,655.4760,-444.6568,711.5155,97.8505,2.0056,-0.0621,0.0000,627.0098,89,HoodImpact_1104_EuroNCAP_Remaining,39,39,remaining_92
90,0,90,1,171.7092,55.3432,675.8738,62.2088,2.0056,-0.7662,0.0000,591.3682,90,HoodImpact_1104_EuroNCAP_Remaining,40,40,remaining_92
91,0,91,1,270.4494,255.3432,691.5608,77.8958,2.0056,-1.1992,0.0000,607.0551,91,HoodImpact_1104_EuroNCAP_Remaining,41,41,remaining_92
92,0,92,1,278.6578,-44.6568,690.2721,76.6071,2.0056,-1.0441,0.0000,605.7665,92,HoodImpact_1104_EuroNCAP_Remaining,42,42,remaining_92
93,0,93,1,312.7848,-244.6568,686.4534,72.7884,2.0056,-0.8852,0.0000,601.9477,93,HoodImpact_1104_EuroNCAP_Remaining,43,43,remaining_92
94,0,94,1,258.5349,-444.6568,663.1984,49.5334,2.0056,-0.7400,0.0000,578.6927,94,HoodImpact_1104_EuroNCAP_Remaining,44,44,remaining_92
95,0,95,1,258.5295,755.3432,663.2350,49.5700,2.0056,-0.7665,0.0000,578.7293,95,HoodImpact_1104_EuroNCAP_Remaining,45,45,remaining_92
96,0,96,1,359.2979,655.3432,687.8098,74.1448,2.0056,-0.5196,0.0000,603.3042,96,HoodImpact_1104_EuroNCAP_Remaining,46,46,remaining_92
97,0,97,1,358.9454,-344.6568,687.7528,74.0878,2.0056,-0.5141,0.0000,603.2472,97,HoodImpact_1104_EuroNCAP_Remaining,47,47,remaining_92
98,0,98,1,185.2867,855.3432,647.1045,33.4395,2.0056,-0.2806,0.0000,562.5989,98,HoodImpact_1104_EuroNCAP_Remaining,48,48,remaining_92
99,0,99,1,185.1405,-544.6568,647.0732,33.4082,2.0056,-0.2140,0.0000,562.5676,99,HoodImpact_1104_EuroNCAP_Remaining,49,49,remaining_92
100,0,100,1,116.1776,-244.6568,649.8783,36.2133,2.0056,-0.1275,0.0000,565.3727,100,HoodImpact_1104_EuroNCAP_Remaining,50,50,remaining_92
101,0,101,1,214.1987,555.3432,669.3322,55.6672,2.0056,-0.6264,0.0000,584.8266,101,HoodImpact_1104_EuroNCAP_Remaining,51,51,remaining_92
102,0,102,1,179.9884,355.3432,674.0662,60.4012,2.0056,-0.7707,0.0000,589.5605,102,HoodImpact_1104_EuroNCAP_Remaining,52,52,remaining_92
103,0,103,1,192.4299,455.3432,671.1990,57.5340,2.0056,-0.6001,0.0000,586.6933,103,HoodImpact_1104_EuroNCAP_Remaining,53,53,remaining_92
104,0,104,1,62.7183,755.3432,622.9677,9.3027,2.0056,0.5220,0.0000,538.4621,104,HoodImpact_1104_EuroNCAP_Remaining,54,54,remaining_92
105,0,105,1,-2.7445,455.3432,627.7978,14.1328,2.0056,0.9492,0.0000,543.2922,105,HoodImpact_1104_EuroNCAP_Remaining,55,55,remaining_92
106,0,106,1,73.5620,255.3432,656.6594,42.9944,2.0056,-0.1760,0.0000,572.1538,106,HoodImpact_1104_EuroNCAP_Remaining,56,56,remaining_92
107,0,107,1,163.2816,655.3432,649.7084,36.0434,2.0056,1.6502,1.3744,563.8283,107,HoodImpact_1104_EuroNCAP_Remaining,57,57,remaining_92
108,0,108,1,162.9343,-344.6568,649.6261,35.9611,2.0056,1.6502,1.3751,563.7454,108,HoodImpact_1104_EuroNCAP_Remaining,58,58,remaining_92
109,0,109,1,62.7184,-444.6568,622.9668,9.3018,2.0056,0.5103,0.0000,538.4612,109,HoodImpact_1104_EuroNCAP_Remaining,59,59,remaining_92
110,0,110,1,18.8582,-244.6568,626.9138,13.2488,2.0056,0.6276,0.0000,542.4082,110,HoodImpact_1104_EuroNCAP_Remaining,60,60,remaining_92
111,0,111,1,18.7971,555.3432,626.8954,13.2304,2.0056,0.5888,0.0000,542.3898,111,HoodImpact_1104_EuroNCAP_Remaining,61,61,remaining_92
112,0,112,1,-29.4757,655.3432,597.8684,-15.7966,2.0056,1.6502,2.7370,510.6257,112,HoodImpact_1104_EuroNCAP_Remaining,62,62,remaining_92
113,0,113,1,-98.5662,-144.6568,599.5792,-14.0858,2.0056,1.6501,0.3544,514.7191,113,HoodImpact_1104_EuroNCAP_Remaining,63,63,remaining_92
114,0,114,1,-119.2835,55.3432,604.4130,-9.2520,2.0056,1.6510,0.3629,519.5444,114,HoodImpact_1104_EuroNCAP_Remaining,64,64,remaining_92
115,0,115,1,-119.3001,255.3432,604.4300,-9.2350,2.0056,1.6501,0.3861,519.5383,115,HoodImpact_1104_EuroNCAP_Remaining,65,65,remaining_92
116,0,116,1,-15.1278,355.3432,630.4519,16.7869,2.0056,0.9164,0.0000,545.9463,116,HoodImpact_1104_EuroNCAP_Remaining,66,66,remaining_92
117,0,117,1,-29.8161,-344.6568,597.7377,-15.9273,2.0056,1.6502,2.7114,510.5207,117,HoodImpact_1104_EuroNCAP_Remaining,67,67,remaining_92
118,0,118,1,-33.5019,755.3432,595.7717,-17.8933,2.0056,1.5880,0.0000,511.2661,118,HoodImpact_1104_EuroNCAP_Remaining,68,68,remaining_92
119,0,119,1,-128.1312,-444.6568,565.0961,-48.5689,2.0056,1.6502,1.6083,478.9822,119,HoodImpact_1104_EuroNCAP_Remaining,69,69,remaining_92
120,0,120,1,-98.5645,455.3432,599.6840,-13.9810,2.0056,1.6501,0.4604,514.7180,120,HoodImpact_1104_EuroNCAP_Remaining,70,70,remaining_92
121,0,121,1,-110.8401,-44.6568,602.0099,-11.6551,2.0056,1.6508,0.5091,516.9953,121,HoodImpact_1104_EuroNCAP_Remaining,71,71,remaining_92
122,0,122,1,-125.1790,655.3432,566.7915,-46.8735,2.0056,1.6501,0.6305,481.6554,122,HoodImpact_1104_EuroNCAP_Remaining,72,72,remaining_92
123,0,123,1,-219.7703,-344.6568,534.6976,-78.9674,2.0056,1.6502,2.0098,448.1822,123,HoodImpact_1104_EuroNCAP_Remaining,73,73,remaining_92
124,0,124,1,-172.0244,555.3432,568.6828,-44.9822,2.0056,1.6502,1.4330,482.7441,124,HoodImpact_1104_EuroNCAP_Remaining,74,74,remaining_92
125,0,125,1,-171.9654,-244.6568,568.6266,-45.0384,2.0056,1.6506,1.3536,482.7673,125,HoodImpact_1104_EuroNCAP_Remaining,75,75,remaining_92
126,0,126,1,-286.1733,455.3432,532.7451,-80.9199,2.0056,1.6504,2.6865,445.5530,126,HoodImpact_1104_EuroNCAP_Remaining,76,76,remaining_92
127,0,127,1,-193.0224,-144.6568,568.0870,-45.5780,2.0056,1.6503,1.6748,481.9065,127,HoodImpact_1104_EuroNCAP_Remaining,77,77,remaining_92
128,0,128,1,-205.2019,355.3432,569.9713,-43.6937,2.0056,1.6501,1.5398,483.9259,128,HoodImpact_1104_EuroNCAP_Remaining,78,78,remaining_92
129,0,129,1,-298.3532,-44.6568,534.8283,-78.8367,2.0056,1.6501,2.7693,447.5533,129,HoodImpact_1104_EuroNCAP_Remaining,79,79,remaining_92
130,0,130,1,-213.6607,55.3432,572.6377,-41.0273,2.0056,1.6502,1.6272,486.5049,130,HoodImpact_1104_EuroNCAP_Remaining,80,80,remaining_92
131,0,131,1,-213.6773,255.3432,572.6131,-41.0519,2.0056,1.6502,1.6086,486.4988,131,HoodImpact_1104_EuroNCAP_Remaining,81,81,remaining_92
132,0,132,1,-310.2512,155.3432,539.7429,-73.9221,2.0056,1.6501,2.7680,452.4693,132,HoodImpact_1104_EuroNCAP_Remaining,82,82,remaining_92
133,0,133,1,-26.9038,155.3432,634.8376,21.1726,2.0056,0.6373,0.0000,550.3320,133,HoodImpact_1104_EuroNCAP_Remaining,83,83,remaining_92
134,0,134,1,168.6219,155.3432,676.5526,62.8876,2.0056,-0.9044,0.0000,592.0470,134,HoodImpact_1104_EuroNCAP_Remaining,84,84,remaining_92
135,0,135,1,465.9969,155.3432,715.7879,102.1229,2.0056,-1.5995,0.0000,631.2822,135,HoodImpact_1104_EuroNCAP_Remaining,85,85,remaining_92
136,0,136,1,81.9298,-44.6568,654.4656,40.8006,2.0056,-0.0851,0.0000,569.9600,136,HoodImpact_1104_EuroNCAP_Remaining,86,86,remaining_92
137,0,137,1,94.3878,-144.6568,651.5287,37.8637,2.0056,-0.0036,0.0000,567.0231,137,HoodImpact_1104_EuroNCAP_Remaining,87,87,remaining_92
138,0,138,1,192.4285,-144.6568,671.1994,57.5344,2.0056,-0.6079,0.0000,586.6937,138,HoodImpact_1104_EuroNCAP_Remaining,88,88,remaining_92
139,0,139,1,73.5793,55.3432,656.6632,42.9982,2.0056,-0.1545,0.0000,572.1576,139,HoodImpact_1104_EuroNCAP_Remaining,89,89,remaining_92
140,0,140,1,366.6202,155.3432,704.6502,90.9852,2.0056,-1.4877,0.0000,620.1446,140,HoodImpact_1104_EuroNCAP_Remaining,90,90,remaining_92
141,0,141,1,70.3669,155.3432,657.9909,44.3259,2.0056,-0.2443,0.0000,573.4852,141,HoodImpact_1104_EuroNCAP_Remaining,91,91,remaining_92
142,0,142,1,-122.8083,155.3432,606.7929,-6.8721,2.0056,1.6506,0.2425,522.0447,142,HoodImpact_1104_EuroNCAP_Remaining,92,92,remaining_92
143,1,1,6,780.1084,855.3432,722.5654,108.9004,2.0056,-1.8514,0.0000,638.0598,1,HoodImpact_600_EuroNCAP,51,1,selected_50
144,1,2,6,779.9595,-544.6568,722.5528,108.8878,2.0056,-1.8503,0.0000,638.0471,2,HoodImpact_600_EuroNCAP,52,2,selected_50
145,1,3,6,160.1135,755.3432,645.6073,31.9423,2.0056,-0.3051,0.0000,561.1017,3,HoodImpact_600_EuroNCAP,53,3,selected_50
146,1,4,6,-265.2894,555.3432,533.9590,-79.7060,2.0056,1.6501,2.7664,446.6869,4,HoodImpact_600_EuroNCAP,54,4,selected_50
147,1,5,6,283.4247,-544.6568,665.4919,51.8269,2.0056,-0.7811,0.0000,580.9863,5,HoodImpact_600_EuroNCAP,55,5,selected_50
148,1,6,6,-265.2296,-244.6568,533.9465,-79.7185,2.0056,1.6509,2.7339,446.7070,6,HoodImpact_600_EuroNCAP,56,6,selected_50
149,1,7,6,510.8000,555.3432,713.9460,100.2810,2.0056,-1.5164,0.0000,629.4404,7,HoodImpact_600_EuroNCAP,57,7,selected_50
150,1,8,6,510.8630,-244.6568,713.9525,100.2875,2.0056,-1.5389,0.0000,629.4469,8,HoodImpact_600_EuroNCAP,58,8,selected_50
151,1,9,6,94.3893,455.3432,651.5279,37.8629,2.0056,-0.0261,0.0000,567.0223,9,HoodImpact_600_EuroNCAP,59,9,selected_50
152,1,10,6,-33.5021,-444.6568,595.7718,-17.8932,2.0056,1.5817,0.0000,511.2662,10,HoodImpact_600_EuroNCAP,60,10,selected_50
153,1,11,6,481.4907,855.3432,694.1675,80.5025,2.0056,-1.5248,0.0000,609.6619,11,HoodImpact_600_EuroNCAP,61,11,selected_50
154,1,12,6,-128.1311,755.3432,565.0968,-48.5682,2.0056,1.6502,1.6090,478.9822,12,HoodImpact_600_EuroNCAP,62,12,selected_50
155,1,13,6,-306.7720,255.3432,537.0431,-76.6219,2.0056,1.6502,2.5408,449.9967,13,HoodImpact_600_EuroNCAP,63,13,selected_50
156,1,14,6,576.5633,355.3432,725.3049,111.6399,2.0056,-1.7397,0.0000,640.7993,14,HoodImpact_600_EuroNCAP,64,14,selected_50
157,1,15,6,576.5583,-44.6568,725.3044,111.6394,2.0056,-1.7381,0.0000,640.7988,15,HoodImpact_600_EuroNCAP,65,15,selected_50
158,1,16,6,278.6628,355.3432,690.2729,76.6079,2.0056,-1.0443,0.0000,605.7672,16,HoodImpact_600_EuroNCAP,66,16,selected_50
159,1,17,6,-205.2068,-44.6568,569.9969,-43.6681,2.0056,1.6508,1.5666,483.9247,17,HoodImpact_600_EuroNCAP,67,17,selected_50
160,1,18,6,556.6869,-444.6568,696.0199,82.3549,2.0056,0.8049,0.0000,611.5143,18,HoodImpact_600_EuroNCAP,68,18,selected_50
161,1,19,6,260.5862,-344.6568,669.7750,56.1100,2.0056,1.1642,0.0000,585.2694,19,HoodImpact_600_EuroNCAP,69,19,selected_50
162,1,20,6,-110.8354,355.3432,601.9975,-11.6675,2.0056,1.6508,0.4950,516.9969,20,HoodImpact_600_EuroNCAP,70,20,selected_50
163,1,21,6,377.7089,-44.6568,704.0001,90.3351,2.0056,-1.3514,0.0000,619.4945,21,HoodImpact_600_EuroNCAP,71,21,selected_50
164,1,22,6,312.7224,555.3432,686.4424,72.7774,2.0056,-1.0792,0.0000,601.9368,22,HoodImpact_600_EuroNCAP,72,22,selected_50
165,1,23,6,-77.2524,-244.6568,599.4379,-14.2271,2.0056,1.6501,0.1049,514.8274,23,HoodImpact_600_EuroNCAP,73,23,selected_50
166,1,24,6,-77.3130,555.3432,599.3848,-14.2802,2.0056,1.6502,0.0705,514.8087,24,HoodImpact_600_EuroNCAP,74,24,selected_50
167,1,25,6,657.1662,655.3432,722.9742,109.3092,2.0056,-1.5653,0.0000,638.4685,25,HoodImpact_600_EuroNCAP,75,25,selected_50
168,1,26,6,565.5359,155.3432,725.3718,111.7068,2.0056,-1.6729,0.0000,640.8661,26,HoodImpact_600_EuroNCAP,76,26,selected_50
169,1,27,6,357.7544,755.3432,675.6093,61.9443,2.0056,-0.7090,0.0000,591.1036,27,HoodImpact_600_EuroNCAP,77,27,selected_50
170,1,28,6,270.4669,55.3432,691.5633,77.8983,2.0056,-1.1981,0.0000,607.0577,28,HoodImpact_600_EuroNCAP,78,28,selected_50
171,1,29,6,-306.7556,55.3432,537.0754,-76.5896,2.0056,1.6502,2.5664,450.0034,29,HoodImpact_600_EuroNCAP,79,29,selected_50
172,1,30,6,160.1126,-444.6568,645.6116,31.9466,2.0056,-0.3600,0.0000,561.1059,30,HoodImpact_600_EuroNCAP,80,30,selected_50
173,1,31,6,656.8107,-344.6568,722.9409,109.2759,2.0056,-1.5690,0.0000,638.4353,31,HoodImpact_600_EuroNCAP,81,31,selected_50
174,1,32,6,66.2616,-344.6568,626.1068,12.4418,2.0056,1.6503,3.3946,538.2066,32,HoodImpact_600_EuroNCAP,82,32,selected_50
175,1,33,6,66.6051,655.3432,626.2189,12.5539,2.0056,1.6503,3.4094,538.3038,33,HoodImpact_600_EuroNCAP,83,33,selected_50
176,1,34,6,291.0172,-144.6568,687.9254,74.2604,2.0056,-1.0005,0.0000,603.4198,34,HoodImpact_600_EuroNCAP,84,34,selected_50
177,1,35,6,171.6919,255.3432,675.8705,62.2055,2.0056,-0.7921,0.0000,591.3648,35,HoodImpact_600_EuroNCAP,85,35,selected_50
178,1,36,6,389.9592,455.3432,702.4287,88.7637,2.0056,-1.4117,0.0000,617.9230,36,HoodImpact_600_EuroNCAP,86,36,selected_50
179,1,37,6,-23.5537,255.3432,632.8642,19.1992,2.0056,0.6783,0.0000,548.3586,37,HoodImpact_600_EuroNCAP,87,37,selected_50
180,1,38,6,481.3422,-544.6568,694.1494,80.4844,2.0056,-1.5308,0.0000,609.6437,38,HoodImpact_600_EuroNCAP,88,38,selected_50
181,1,39,6,556.6876,755.3432,696.0364,82.3714,2.0056,0.8348,0.0000,611.5308,39,HoodImpact_600_EuroNCAP,89,39,selected_50
182,1,40,6,-2.7459,-144.6568,627.7982,14.1332,2.0056,0.9576,0.0000,543.2926,40,HoodImpact_600_EuroNCAP,90,40,selected_50
183,1,41,6,357.7543,-444.6568,675.6092,61.9442,2.0056,-0.7091,0.0000,591.1036,41,HoodImpact_600_EuroNCAP,91,41,selected_50
184,1,42,6,283.5723,855.3432,665.5166,51.8516,2.0056,-0.9840,0.0000,581.0110,42,HoodImpact_600_EuroNCAP,92,42,selected_50
185,1,43,6,-193.0211,455.3432,567.9550,-45.7100,2.0056,1.6501,1.5423,481.9070,43,HoodImpact_600_EuroNCAP,93,43,selected_50
186,1,44,6,468.9423,255.3432,715.9602,102.2952,2.0056,-1.7589,0.0000,631.4546,44,HoodImpact_600_EuroNCAP,94,44,selected_50
187,1,45,6,-217.2723,155.3432,575.3034,-38.3616,2.0056,1.6502,1.5384,489.2593,45,HoodImpact_600_EuroNCAP,95,45,selected_50
188,1,46,6,468.9599,55.3432,715.9621,102.2971,2.0056,-1.7614,0.0000,631.4564,46,HoodImpact_600_EuroNCAP,96,46,selected_50
189,1,47,6,457.9314,-344.6568,701.9258,88.2608,2.0056,-0.9385,0.0000,617.4202,47,HoodImpact_600_EuroNCAP,97,47,selected_50
190,1,48,6,458.2863,655.3432,701.9652,88.3002,2.0056,-1.1187,0.0000,617.4596,48,HoodImpact_600_EuroNCAP,98,48,selected_50
191,1,49,6,260.9358,655.3432,669.8476,56.1826,2.0056,1.1726,0.0000,585.3420,49,HoodImpact_600_EuroNCAP,99,49,selected_50
192,1,50,6,-125.5168,-344.6568,566.6832,-46.9818,2.0056,1.6501,0.6332,481.5444,50,HoodImpact_600_EuroNCAP,100,50,selected_50
193,1,51,6,214.2609,-244.6568,669.3444,55.6794,2.0056,-0.5950,0.0000,584.8388,51,HoodImpact_1104_EuroNCAP_Remaining,93,1,remaining_92
194,1,52,6,-219.4391,655.3432,534.7853,-78.8797,2.0056,1.6507,1.9682,448.3115,52,HoodImpact_1104_EuroNCAP_Remaining,94,2,remaining_92
195,1,53,6,-23.5365,55.3432,632.8684,19.2034,2.0056,0.6946,0.0000,548.3628,53,HoodImpact_1104_EuroNCAP_Remaining,95,3,remaining_92
196,1,54,6,179.9834,-44.6568,674.0653,60.4003,2.0056,-0.7711,0.0000,589.5597,54,HoodImpact_1104_EuroNCAP_Remaining,96,4,remaining_92
197,1,55,6,116.1159,555.3432,649.8636,36.1986,2.0056,-0.1625,0.0000,565.3579,55,HoodImpact_1104_EuroNCAP_Remaining,97,5,remaining_92
198,1,56,6,489.1986,-144.6568,714.7092,101.0442,2.0056,-1.6208,0.0000,630.2036,56,HoodImpact_1104_EuroNCAP_Remaining,98,6,remaining_92
199,1,57,6,-286.1735,-144.6568,532.7077,-80.9573,2.0056,1.6503,2.6519,445.5502,57,HoodImpact_1104_EuroNCAP_Remaining,99,7,remaining_92
200,1,58,6,81.9348,355.3432,654.4663,40.8013,2.0056,-0.0822,0.0000,569.9607,58,HoodImpact_1104_EuroNCAP_Remaining,100,8,remaining_92
201,1,59,6,588.7217,455.3432,724.4534,110.7884,2.0056,-1.6904,0.0000,639.9478,59,HoodImpact_1104_EuroNCAP_Remaining,101,9,remaining_92
202,1,60,6,-298.3486,355.3432,534.7772,-78.8878,2.0056,1.6501,2.7163,447.5553,60,HoodImpact_1104_EuroNCAP_Remaining,102,10,remaining_92
203,1,61,6,-15.1327,-44.6568,630.4512,16.7862,2.0056,0.9164,0.0000,545.9455,61,HoodImpact_1104_EuroNCAP_Remaining,103,11,remaining_92
204,1,62,6,267.4594,155.3432,691.7349,78.0699,2.0056,-1.3393,0.0000,607.2293,62,HoodImpact_1104_EuroNCAP_Remaining,104,12,remaining_92
205,1,63,6,680.4156,855.3432,714.7480,101.0830,2.0056,-1.7868,0.0000,630.2424,63,HoodImpact_1104_EuroNCAP_Remaining,105,13,remaining_92
206,1,64,6,680.2686,-544.6568,714.7103,101.0453,2.0056,-1.8029,0.0000,630.2047,64,HoodImpact_1104_EuroNCAP_Remaining,106,14,remaining_92
207,1,65,6,610.4081,-244.6568,723.4530,109.7880,2.0056,-1.7548,0.0000,638.9474,65,HoodImpact_1104_EuroNCAP_Remaining,107,15,remaining_92
208,1,66,6,610.3450,555.3432,723.4477,109.7827,2.0056,-1.7371,0.0000,638.9421,66,HoodImpact_1104_EuroNCAP_Remaining,108,16,remaining_92
209,1,67,6,568.4976,55.3432,725.5597,111.8947,2.0056,-1.8641,0.0000,641.0541,67,HoodImpact_1104_EuroNCAP_Remaining,109,17,remaining_92
210,1,68,6,568.4800,255.3432,725.5581,111.8931,2.0056,-1.8632,0.0000,641.0525,68,HoodImpact_1104_EuroNCAP_Remaining,110,18,remaining_92
211,1,69,6,477.0333,355.3432,715.6325,101.9675,2.0056,-1.6919,0.0000,631.1269,69,HoodImpact_1104_EuroNCAP_Remaining,111,19,remaining_92
212,1,70,6,588.7204,-144.6568,724.4533,110.7883,2.0056,-1.6912,0.0000,639.9477,70,HoodImpact_1104_EuroNCAP_Remaining,112,20,remaining_92
213,1,71,6,457.2813,755.3432,685.3132,71.6482,2.0056,-0.8417,0.0000,600.8075,71,HoodImpact_1104_EuroNCAP_Remaining,113,21,remaining_92
214,1,72,6,457.2813,-444.6568,685.3131,71.6481,2.0056,-0.8417,0.0000,600.8075,72,HoodImpact_1104_EuroNCAP_Remaining,114,22,remaining_92
215,1,73,6,369.5754,255.3432,704.7385,91.0735,2.0056,-1.5130,0.0000,620.2329,73,HoodImpact_1104_EuroNCAP_Remaining,115,23,remaining_92
216,1,74,6,580.8567,855.3432,705.3987,91.7337,2.0056,-1.7095,0.0000,620.8930,74,HoodImpact_1104_EuroNCAP_Remaining,116,24,remaining_92
217,1,75,6,580.7079,-544.6568,705.3832,91.7182,2.0056,-1.7052,0.0000,620.8775,75,HoodImpact_1104_EuroNCAP_Remaining,117,25,remaining_92
218,1,76,6,557.6210,655.3432,713.4521,99.7871,2.0056,-1.4439,0.0000,628.9465,76,HoodImpact_1104_EuroNCAP_Remaining,118,26,remaining_92
219,1,77,6,557.2657,-344.6568,713.4169,99.7519,2.0056,-1.3327,0.0000,628.9113,77,HoodImpact_1104_EuroNCAP_Remaining,119,27,remaining_92
220,1,78,6,477.0283,-44.6568,715.6319,101.9669,2.0056,-1.6941,0.0000,631.1262,78,HoodImpact_1104_EuroNCAP_Remaining,120,28,remaining_92
221,1,79,6,489.1998,455.3432,714.7096,101.0446,2.0056,-1.6146,0.0000,630.2039,79,HoodImpact_1104_EuroNCAP_Remaining,121,29,remaining_92
222,1,80,6,411.6493,-244.6568,701.4658,87.8008,2.0056,-1.2185,0.0000,616.9602,80,HoodImpact_1104_EuroNCAP_Remaining,122,30,remaining_92
223,1,81,6,369.5929,55.3432,704.7406,91.0756,2.0056,-1.5123,0.0000,620.2350,81,HoodImpact_1104_EuroNCAP_Remaining,123,31,remaining_92
224,1,82,6,377.7139,355.3432,704.0007,90.3357,2.0056,-1.3516,0.0000,619.4951,82,HoodImpact_1104_EuroNCAP_Remaining,124,32,remaining_92
225,1,83,6,389.9580,-144.6568,702.4282,88.7632,2.0056,-1.4241,0.0000,617.9226,83,HoodImpact_1104_EuroNCAP_Remaining,125,33,remaining_92
226,1,84,6,291.0185,455.3432,687.9254,74.2604,2.0056,-1.1056,0.0000,603.4198,84,HoodImpact_1104_EuroNCAP_Remaining,126,34,remaining_92
227,1,85,6,411.5864,555.3432,701.4579,87.7929,2.0056,-1.2784,0.0000,616.9523,85,HoodImpact_1104_EuroNCAP_Remaining,127,35,remaining_92
228,1,86,6,655.4782,755.3432,711.5162,97.8512,2.0056,-0.0407,0.0000,627.0105,86,HoodImpact_1104_EuroNCAP_Remaining,128,36,remaining_92
229,1,87,6,382.3621,855.3432,681.0093,67.3443,2.0056,-1.1609,0.0000,596.5037,87,HoodImpact_1104_EuroNCAP_Remaining,129,37,remaining_92
230,1,88,6,382.2140,-544.6568,680.9879,67.3229,2.0056,-1.1609,0.0000,596.4823,88,HoodImpact_1104_EuroNCAP_Remaining,130,38,remaining_92
231,1,89,6,655.4760,-444.6568,711.5155,97.8505,2.0056,-0.0621,0.0000,627.0098,89,HoodImpact_1104_EuroNCAP_Remaining,131,39,remaining_92
232,1,90,6,171.7092,55.3432,675.8738,62.2088,2.0056,-0.7662,0.0000,591.3682,90,HoodImpact_1104_EuroNCAP_Remaining,132,40,remaining_92
233,1,91,6,270.4494,255.3432,691.5608,77.8958,2.0056,-1.1992,0.0000,607.0551,91,HoodImpact_1104_EuroNCAP_Remaining,133,41,remaining_92
234,1,92,6,278.6578,-44.6568,690.2721,76.6071,2.0056,-1.0441,0.0000,605.7665,92,HoodImpact_1104_EuroNCAP_Remaining,134,42,remaining_92
235,1,93,6,312.7848,-244.6568,686.4534,72.7884,2.0056,-0.8852,0.0000,601.9477,93,HoodImpact_1104_EuroNCAP_Remaining,135,43,remaining_92
236,1,94,6,258.5349,-444.6568,663.1984,49.5334,2.0056,-0.7400,0.0000,578.6927,94,HoodImpact_1104_EuroNCAP_Remaining,136,44,remaining_92
237,1,95,6,258.5295,755.3432,663.2350,49.5700,2.0056,-0.7665,0.0000,578.7293,95,HoodImpact_1104_EuroNCAP_Remaining,137,45,remaining_92
238,1,96,6,359.2979,655.3432,687.8098,74.1448,2.0056,-0.5196,0.0000,603.3042,96,HoodImpact_1104_EuroNCAP_Remaining,138,46,remaining_92
239,1,97,6,358.9454,-344.6568,687.7528,74.0878,2.0056,-0.5141,0.0000,603.2472,97,HoodImpact_1104_EuroNCAP_Remaining,139,47,remaining_92
240,1,98,6,185.2867,855.3432,647.1045,33.4395,2.0056,-0.2806,0.0000,562.5989,98,HoodImpact_1104_EuroNCAP_Remaining,140,48,remaining_92
241,1,99,6,185.1405,-544.6568,647.0732,33.4082,2.0056,-0.2140,0.0000,562.5676,99,HoodImpact_1104_EuroNCAP_Remaining,141,49,remaining_92
242,1,100,6,116.1776,-244.6568,649.8783,36.2133,2.0056,-0.1275,0.0000,565.3727,100,HoodImpact_1104_EuroNCAP_Remaining,142,50,remaining_92
243,1,101,6,214.1987,555.3432,669.3322,55.6672,2.0056,-0.6264,0.0000,584.8266,101,HoodImpact_1104_EuroNCAP_Remaining,143,51,remaining_92
244,1,102,6,179.9884,355.3432,674.0662,60.4012,2.0056,-0.7707,0.0000,589.5605,102,HoodImpact_1104_EuroNCAP_Remaining,144,52,remaining_92
245,1,103,6,192.4299,455.3432,671.1990,57.5340,2.0056,-0.6001,0.0000,586.6933,103,HoodImpact_1104_EuroNCAP_Remaining,145,53,remaining_92
246,1,104,6,62.7183,755.3432,622.9677,9.3027,2.0056,0.5220,0.0000,538.4621,104,HoodImpact_1104_EuroNCAP_Remaining,146,54,remaining_92
247,1,105,6,-2.7445,455.3432,627.7978,14.1328,2.0056,0.9492,0.0000,543.2922,105,HoodImpact_1104_EuroNCAP_Remaining,147,55,remaining_92
248,1,106,6,73.5620,255.3432,656.6594,42.9944,2.0056,-0.1760,0.0000,572.1538,106,HoodImpact_1104_EuroNCAP_Remaining,148,56,remaining_92
249,1,107,6,163.2816,655.3432,649.7084,36.0434,2.0056,1.6502,1.3744,563.8283,107,HoodImpact_1104_EuroNCAP_Remaining,149,57,remaining_92
250,1,108,6,162.9343,-344.6568,649.6261,35.9611,2.0056,1.6502,1.3751,563.7454,108,HoodImpact_1104_EuroNCAP_Remaining,150,58,remaining_92
251,1,109,6,62.7184,-444.6568,622.9668,9.3018,2.0056,0.5103,0.0000,538.4612,109,HoodImpact_1104_EuroNCAP_Remaining,151,59,remaining_92
252,1,110,6,18.8582,-244.6568,626.9138,13.2488,2.0056,0.6276,0.0000,542.4082,110,HoodImpact_1104_EuroNCAP_Remaining,152,60,remaining_92
253,1,111,6,18.7971,555.3432,626.8954,13.2304,2.0056,0.5888,0.0000,542.3898,111,HoodImpact_1104_EuroNCAP_Remaining,153,61,remaining_92
254,1,112,6,-29.4757,655.3432,597.8684,-15.7966,2.0056,1.6502,2.7370,510.6257,112,HoodImpact_1104_EuroNCAP_Remaining,154,62,remaining_92
255,1,113,6,-98.5662,-144.6568,599.5792,-14.0858,2.0056,1.6501,0.3544,514.7191,113,HoodImpact_1104_EuroNCAP_Remaining,155,63,remaining_92
256,1,114,6,-119.2835,55.3432,604.4130,-9.2520,2.0056,1.6510,0.3629,519.5444,114,HoodImpact_1104_EuroNCAP_Remaining,156,64,remaining_92
257,1,115,6,-119.3001,255.3432,604.4300,-9.2350,2.0056,1.6501,0.3861,519.5383,115,HoodImpact_1104_EuroNCAP_Remaining,157,65,remaining_92
258,1,116,6,-15.1278,355.3432,630.4519,16.7869,2.0056,0.9164,0.0000,545.9463,116,HoodImpact_1104_EuroNCAP_Remaining,158,66,remaining_92
259,1,117,6,-29.8161,-344.6568,597.7377,-15.9273,2.0056,1.6502,2.7114,510.5207,117,HoodImpact_1104_EuroNCAP_Remaining,159,67,remaining_92
260,1,118,6,-33.5019,755.3432,595.7717,-17.8933,2.0056,1.5880,0.0000,511.2661,118,HoodImpact_1104_EuroNCAP_Remaining,160,68,remaining_92
261,1,119,6,-128.1312,-444.6568,565.0961,-48.5689,2.0056,1.6502,1.6083,478.9822,119,HoodImpact_1104_EuroNCAP_Remaining,161,69,remaining_92
262,1,120,6,-98.5645,455.3432,599.6840,-13.9810,2.0056,1.6501,0.4604,514.7180,120,HoodImpact_1104_EuroNCAP_Remaining,162,70,remaining_92
263,1,121,6,-110.8401,-44.6568,602.0099,-11.6551,2.0056,1.6508,0.5091,516.9953,121,HoodImpact_1104_EuroNCAP_Remaining,163,71,remaining_92
264,1,122,6,-125.1790,655.3432,566.7915,-46.8735,2.0056,1.6501,0.6305,481.6554,122,HoodImpact_1104_EuroNCAP_Remaining,164,72,remaining_92
265,1,123,6,-219.7703,-344.6568,534.6976,-78.9674,2.0056,1.6502,2.0098,448.1822,123,HoodImpact_1104_EuroNCAP_Remaining,165,73,remaining_92
266,1,124,6,-172.0244,555.3432,568.6828,-44.9822,2.0056,1.6502,1.4330,482.7441,124,HoodImpact_1104_EuroNCAP_Remaining,166,74,remaining_92
267,1,125,6,-171.9654,-244.6568,568.6266,-45.0384,2.0056,1.6506,1.3537,482.7673,125,HoodImpact_1104_EuroNCAP_Remaining,167,75,remaining_92
268,1,126,6,-286.1733,455.3432,532.7451,-80.9199,2.0056,1.6504,2.6865,445.5530,126,HoodImpact_1104_EuroNCAP_Remaining,168,76,remaining_92
269,1,127,6,-193.0224,-144.6568,568.0870,-45.5780,2.0056,1.6503,1.6748,481.9065,127,HoodImpact_1104_EuroNCAP_Remaining,169,77,remaining_92
270,1,128,6,-205.2019,355.3432,569.9713,-43.6937,2.0056,1.6501,1.5398,483.9259,128,HoodImpact_1104_EuroNCAP_Remaining,170,78,remaining_92
271,1,129,6,-298.3532,-44.6568,534.8283,-78.8367,2.0056,1.6501,2.7693,447.5533,129,HoodImpact_1104_EuroNCAP_Remaining,171,79,remaining_92
272,1,130,6,-213.6607,55.3432,572.6377,-41.0273,2.0056,1.6502,1.6272,486.5049,130,HoodImpact_1104_EuroNCAP_Remaining,172,80,remaining_92
273,1,131,6,-213.6773,255.3432,572.6131,-41.0519,2.0056,1.6502,1.6086,486.4988,131,HoodImpact_1104_EuroNCAP_Remaining,173,81,remaining_92
274,1,132,6,-310.2512,155.3432,539.7429,-73.9221,2.0056,1.6501,2.7680,452.4693,132,HoodImpact_1104_EuroNCAP_Remaining,174,82,remaining_92
275,1,133,6,-26.9038,155.3432,634.8376,21.1726,2.0056,0.6373,0.0000,550.3320,133,HoodImpact_1104_EuroNCAP_Remaining,175,83,remaining_92
276,1,134,6,168.6219,155.3432,676.5526,62.8876,2.0056,-0.9044,0.0000,592.0470,134,HoodImpact_1104_EuroNCAP_Remaining,176,84,remaining_92
277,1,135,6,465.9969,155.3432,715.7879,102.1229,2.0056,-1.5995,0.0000,631.2822,135,HoodImpact_1104_EuroNCAP_Remaining,177,85,remaining_92
278,1,136,6,81.9298,-44.6568,654.4656,40.8006,2.0056,-0.0851,0.0000,569.9600,136,HoodImpact_1104_EuroNCAP_Remaining,178,86,remaining_92
279,1,137,6,94.3878,-144.6568,651.5287,37.8637,2.0056,-0.0036,0.0000,567.0231,137,HoodImpact_1104_EuroNCAP_Remaining,179,87,remaining_92
280,1,138,6,192.4285,-144.6568,671.1994,57.5344,2.0056,-0.6079,0.0000,586.6937,138,HoodImpact_1104_EuroNCAP_Remaining,180,88,remaining_92
281,1,139,6,73.5793,55.3432,656.6632,42.9982,2.0056,-0.1545,0.0000,572.1576,139,HoodImpact_1104_EuroNCAP_Remaining,181,89,remaining_92
282,1,140,6,366.6202,155.3432,704.6502,90.9852,2.0056,-1.4877,0.0000,620.1446,140,HoodImpact_1104_EuroNCAP_Remaining,182,90,remaining_92
283,1,141,6,70.3669,155.3432,657.9909,44.3259,2.0056,-0.2443,0.0000,573.4852,141,HoodImpact_1104_EuroNCAP_Remaining,183,91,remaining_92
284,1,142,6,-122.8083,155.3432,606.7929,-6.8721,2.0056,1.6506,0.2425,522.0447,142,HoodImpact_1104_EuroNCAP_Remaining,184,92,remaining_92
285,2,1,11,780.1084,855.3432,722.5654,108.9004,2.0056,-1.8514,0.0000,638.0598,1,HoodImpact_600_EuroNCAP,101,1,selected_50
286,2,2,11,779.9595,-544.6568,722.5528,108.8878,2.0056,-1.8503,0.0000,638.0471,2,HoodImpact_600_EuroNCAP,102,2,selected_50
287,2,3,11,160.1135,755.3432,645.6073,31.9423,2.0056,-0.3051,0.0000,561.1017,3,HoodImpact_600_EuroNCAP,103,3,selected_50
288,2,4,11,-265.2894,555.3432,533.9590,-79.7060,2.0056,1.6501,2.7664,446.6869,4,HoodImpact_600_EuroNCAP,104,4,selected_50
289,2,5,11,283.4247,-544.6568,665.4919,51.8269,2.0056,-0.7811,0.0000,580.9863,5,HoodImpact_600_EuroNCAP,105,5,selected_50
290,2,6,11,-265.2296,-244.6568,533.9465,-79.7185,2.0056,1.6509,2.7339,446.7070,6,HoodImpact_600_EuroNCAP,106,6,selected_50
291,2,7,11,510.8000,555.3432,713.9460,100.2810,2.0056,-1.5164,0.0000,629.4404,7,HoodImpact_600_EuroNCAP,107,7,selected_50
292,2,8,11,510.8630,-244.6568,713.9525,100.2875,2.0056,-1.5389,0.0000,629.4469,8,HoodImpact_600_EuroNCAP,108,8,selected_50
293,2,9,11,94.3893,455.3432,651.5279,37.8629,2.0056,-0.0261,0.0000,567.0223,9,HoodImpact_600_EuroNCAP,109,9,selected_50
294,2,10,11,-33.5021,-444.6568,595.7718,-17.8932,2.0056,1.5817,0.0000,511.2662,10,HoodImpact_600_EuroNCAP,110,10,selected_50
295,2,11,11,481.4907,855.3432,694.1675,80.5025,2.0056,-1.5248,0.0000,609.6619,11,HoodImpact_600_EuroNCAP,111,11,selected_50
296,2,12,11,-128.1311,755.3432,565.0968,-48.5682,2.0056,1.6502,1.6090,478.9822,12,HoodImpact_600_EuroNCAP,112,12,selected_50
297,2,13,11,-306.7720,255.3432,537.0431,-76.6219,2.0056,1.6502,2.5408,449.9967,13,HoodImpact_600_EuroNCAP,113,13,selected_50
298,2,14,11,576.5633,355.3432,725.3049,111.6399,2.0056,-1.7397,0.0000,640.7993,14,HoodImpact_600_EuroNCAP,114,14,selected_50
299,2,15,11,576.5583,-44.6568,725.3044,111.6394,2.0056,-1.7381,0.0000,640.7988,15,HoodImpact_600_EuroNCAP,115,15,selected_50
300,2,16,11,278.6628,355.3432,690.2729,76.6079,2.0056,-1.0443,0.0000,605.7672,16,HoodImpact_600_EuroNCAP,116,16,selected_50
301,2,17,11,-205.2068,-44.6568,569.9969,-43.6681,2.0056,1.6508,1.5666,483.9247,17,HoodImpact_600_EuroNCAP,117,17,selected_50
302,2,18,11,556.6869,-444.6568,696.0199,82.3549,2.0056,0.8049,0.0000,611.5143,18,HoodImpact_600_EuroNCAP,118,18,selected_50
303,2,19,11,260.5862,-344.6568,669.7750,56.1100,2.0056,1.1642,0.0000,585.2694,19,HoodImpact_600_EuroNCAP,119,19,selected_50
304,2,20,11,-110.8354,355.3432,601.9975,-11.6675,2.0056,1.6508,0.4950,516.9969,20,HoodImpact_600_EuroNCAP,120,20,selected_50
305,2,21,11,377.7089,-44.6568,704.0001,90.3351,2.0056,-1.3514,0.0000,619.4945,21,HoodImpact_600_EuroNCAP,121,21,selected_50
306,2,22,11,312.7224,555.3432,686.4424,72.7774,2.0056,-1.0792,0.0000,601.9368,22,HoodImpact_600_EuroNCAP,122,22,selected_50
307,2,23,11,-77.2524,-244.6568,599.4379,-14.2271,2.0056,1.6501,0.1049,514.8274,23,HoodImpact_600_EuroNCAP,123,23,selected_50
308,2,24,11,-77.3130,555.3432,599.3848,-14.2802,2.0056,1.6502,0.0705,514.8087,24,HoodImpact_600_EuroNCAP,124,24,selected_50
309,2,25,11,657.1662,655.3432,722.9742,109.3092,2.0056,-1.5653,0.0000,638.4685,25,HoodImpact_600_EuroNCAP,125,25,selected_50
310,2,26,11,565.5359,155.3432,725.3718,111.7068,2.0056,-1.6729,0.0000,640.8661,26,HoodImpact_600_EuroNCAP,126,26,selected_50
311,2,27,11,357.7544,755.3432,675.6093,61.9443,2.0056,-0.7090,0.0000,591.1036,27,HoodImpact_600_EuroNCAP,127,27,selected_50
312,2,28,11,270.4669,55.3432,691.5633,77.8983,2.0056,-1.1981,0.0000,607.0577,28,HoodImpact_600_EuroNCAP,128,28,selected_50
313,2,29,11,-306.7556,55.3432,537.0754,-76.5896,2.0056,1.6502,2.5664,450.0034,29,HoodImpact_600_EuroNCAP,129,29,selected_50
314,2,30,11,160.1126,-444.6568,645.6116,31.9466,2.0056,-0.3600,0.0000,561.1059,30,HoodImpact_600_EuroNCAP,130,30,selected_50
315,2,31,11,656.8107,-344.6568,722.9409,109.2759,2.0056,-1.5690,0.0000,638.4353,31,HoodImpact_600_EuroNCAP,131,31,selected_50
316,2,32,11,66.2616,-344.6568,626.1068,12.4418,2.0056,1.6503,3.3946,538.2066,32,HoodImpact_600_EuroNCAP,132,32,selected_50
317,2,33,11,66.6051,655.3432,626.2189,12.5539,2.0056,1.6503,3.4094,538.3038,33,HoodImpact_600_EuroNCAP,133,33,selected_50
318,2,34,11,291.0172,-144.6568,687.9254,74.2604,2.0056,-1.0005,0.0000,603.4198,34,HoodImpact_600_EuroNCAP,134,34,selected_50
319,2,35,11,171.6919,255.3432,675.8705,62.2055,2.0056,-0.7921,0.0000,591.3648,35,HoodImpact_600_EuroNCAP,135,35,selected_50
320,2,36,11,389.9592,455.3432,702.4287,88.7637,2.0056,-1.4117,0.0000,617.9230,36,HoodImpact_600_EuroNCAP,136,36,selected_50
321,2,37,11,-23.5537,255.3432,632.8642,19.1992,2.0056,0.6783,0.0000,548.3586,37,HoodImpact_600_EuroNCAP,137,37,selected_50
322,2,38,11,481.3422,-544.6568,694.1494,80.4844,2.0056,-1.5308,0.0000,609.6437,38,HoodImpact_600_EuroNCAP,138,38,selected_50
323,2,39,11,556.6876,755.3432,696.0364,82.3714,2.0056,0.8348,0.0000,611.5308,39,HoodImpact_600_EuroNCAP,139,39,selected_50
324,2,40,11,-2.7459,-144.6568,627.7982,14.1332,2.0056,0.9576,0.0000,543.2926,40,HoodImpact_600_EuroNCAP,140,40,selected_50
325,2,41,11,357.7543,-444.6568,675.6092,61.9442,2.0056,-0.7091,0.0000,591.1036,41,HoodImpact_600_EuroNCAP,141,41,selected_50
326,2,42,11,283.5723,855.3432,665.5166,51.8516,2.0056,-0.9840,0.0000,581.0110,42,HoodImpact_600_EuroNCAP,142,42,selected_50
327,2,43,11,-193.0211,455.3432,567.9550,-45.7100,2.0056,1.6501,1.5423,481.9070,43,HoodImpact_600_EuroNCAP,143,43,selected_50
328,2,44,11,468.9423,255.3432,715.9602,102.2952,2.0056,-1.7589,0.0000,631.4546,44,HoodImpact_600_EuroNCAP,144,44,selected_50
329,2,45,11,-217.2723,155.3432,575.3034,-38.3616,2.0056,1.6502,1.5384,489.2593,45,HoodImpact_600_EuroNCAP,145,45,selected_50
330,2,46,11,468.9599,55.3432,715.9621,102.2971,2.0056,-1.7614,0.0000,631.4564,46,HoodImpact_600_EuroNCAP,146,46,selected_50
331,2,47,11,457.9314,-344.6568,701.9258,88.2608,2.0056,-0.9385,0.0000,617.4202,47,HoodImpact_600_EuroNCAP,147,47,selected_50
332,2,48,11,458.2863,655.3432,701.9652,88.3002,2.0056,-1.1187,0.0000,617.4596,48,HoodImpact_600_EuroNCAP,148,48,selected_50
333,2,49,11,260.9358,655.3432,669.8476,56.1826,2.0056,1.1726,0.0000,585.3420,49,HoodImpact_600_EuroNCAP,149,49,selected_50
334,2,50,11,-125.5168,-344.6568,566.6832,-46.9818,2.0056,1.6501,0.6332,481.5444,50,HoodImpact_600_EuroNCAP,150,50,selected_50
335,2,51,11,214.2609,-244.6568,669.3444,55.6794,2.0056,-0.5950,0.0000,584.8388,51,HoodImpact_1104_EuroNCAP_Remaining,185,1,remaining_92
336,2,52,11,-219.4391,655.3432,534.7853,-78.8797,2.0056,1.6507,1.9682,448.3115,52,HoodImpact_1104_EuroNCAP_Remaining,186,2,remaining_92
337,2,53,11,-23.5365,55.3432,632.8684,19.2034,2.0056,0.6946,0.0000,548.3628,53,HoodImpact_1104_EuroNCAP_Remaining,187,3,remaining_92
338,2,54,11,179.9834,-44.6568,674.0653,60.4003,2.0056,-0.7711,0.0000,589.5597,54,HoodImpact_1104_EuroNCAP_Remaining,188,4,remaining_92
339,2,55,11,116.1159,555.3432,649.8636,36.1986,2.0056,-0.1625,0.0000,565.3579,55,HoodImpact_1104_EuroNCAP_Remaining,189,5,remaining_92
340,2,56,11,489.1986,-144.6568,714.7092,101.0442,2.0056,-1.6208,0.0000,630.2036,56,HoodImpact_1104_EuroNCAP_Remaining,190,6,remaining_92
341,2,57,11,-286.1735,-144.6568,532.7077,-80.9573,2.0056,1.6503,2.6519,445.5502,57,HoodImpact_1104_EuroNCAP_Remaining,191,7,remaining_92
342,2,58,11,81.9348,355.3432,654.4663,40.8013,2.0056,-0.0822,0.0000,569.9607,58,HoodImpact_1104_EuroNCAP_Remaining,192,8,remaining_92
343,2,59,11,588.7217,455.3432,724.4534,110.7884,2.0056,-1.6904,0.0000,639.9478,59,HoodImpact_1104_EuroNCAP_Remaining,193,9,remaining_92
344,2,60,11,-298.3486,355.3432,534.7772,-78.8878,2.0056,1.6501,2.7163,447.5553,60,HoodImpact_1104_EuroNCAP_Remaining,194,10,remaining_92
345,2,61,11,-15.1327,-44.6568,630.4512,16.7862,2.0056,0.9164,0.0000,545.9455,61,HoodImpact_1104_EuroNCAP_Remaining,195,11,remaining_92
346,2,62,11,267.4594,155.3432,691.7349,78.0699,2.0056,-1.3393,0.0000,607.2293,62,HoodImpact_1104_EuroNCAP_Remaining,196,12,remaining_92
347,2,63,11,680.4156,855.3432,714.7480,101.0830,2.0056,-1.7868,0.0000,630.2424,63,HoodImpact_1104_EuroNCAP_Remaining,197,13,remaining_92
348,2,64,11,680.2686,-544.6568,714.7103,101.0453,2.0056,-1.8029,0.0000,630.2047,64,HoodImpact_1104_EuroNCAP_Remaining,198,14,remaining_92
349,2,65,11,610.4081,-244.6568,723.4530,109.7880,2.0056,-1.7548,0.0000,638.9474,65,HoodImpact_1104_EuroNCAP_Remaining,199,15,remaining_92
350,2,66,11,610.3450,555.3432,723.4477,109.7827,2.0056,-1.7371,0.0000,638.9421,66,HoodImpact_1104_EuroNCAP_Remaining,200,16,remaining_92
351,2,67,11,568.4976,55.3432,725.5597,111.8947,2.0056,-1.8641,0.0000,641.0541,67,HoodImpact_1104_EuroNCAP_Remaining,201,17,remaining_92
352,2,68,11,568.4800,255.3432,725.5581,111.8931,2.0056,-1.8632,0.0000,641.0525,68,HoodImpact_1104_EuroNCAP_Remaining,202,18,remaining_92
353,2,69,11,477.0333,355.3432,715.6325,101.9675,2.0056,-1.6919,0.0000,631.1269,69,HoodImpact_1104_EuroNCAP_Remaining,203,19,remaining_92
354,2,70,11,588.7204,-144.6568,724.4533,110.7883,2.0056,-1.6912,0.0000,639.9477,70,HoodImpact_1104_EuroNCAP_Remaining,204,20,remaining_92
355,2,71,11,457.2813,755.3432,685.3132,71.6482,2.0056,-0.8417,0.0000,600.8075,71,HoodImpact_1104_EuroNCAP_Remaining,205,21,remaining_92
356,2,72,11,457.2813,-444.6568,685.3131,71.6481,2.0056,-0.8417,0.0000,600.8075,72,HoodImpact_1104_EuroNCAP_Remaining,206,22,remaining_92
357,2,73,11,369.5754,255.3432,704.7385,91.0735,2.0056,-1.5130,0.0000,620.2329,73,HoodImpact_1104_EuroNCAP_Remaining,207,23,remaining_92
358,2,74,11,580.8567,855.3432,705.3987,91.7337,2.0056,-1.7095,0.0000,620.8930,74,HoodImpact_1104_EuroNCAP_Remaining,208,24,remaining_92
359,2,75,11,580.7079,-544.6568,705.3832,91.7182,2.0056,-1.7052,0.0000,620.8775,75,HoodImpact_1104_EuroNCAP_Remaining,209,25,remaining_92
360,2,76,11,557.6210,655.3432,713.4521,99.7871,2.0056,-1.4439,0.0000,628.9465,76,HoodImpact_1104_EuroNCAP_Remaining,210,26,remaining_92
361,2,77,11,557.2657,-344.6568,713.4169,99.7519,2.0056,-1.3327,0.0000,628.9113,77,HoodImpact_1104_EuroNCAP_Remaining,211,27,remaining_92
362,2,78,11,477.0283,-44.6568,715.6319,101.9669,2.0056,-1.6941,0.0000,631.1262,78,HoodImpact_1104_EuroNCAP_Remaining,212,28,remaining_92
363,2,79,11,489.1998,455.3432,714.7096,101.0446,2.0056,-1.6146,0.0000,630.2039,79,HoodImpact_1104_EuroNCAP_Remaining,213,29,remaining_92
364,2,80,11,411.6493,-244.6568,701.4658,87.8008,2.0056,-1.2185,0.0000,616.9602,80,HoodImpact_1104_EuroNCAP_Remaining,214,30,remaining_92
365,2,81,11,369.5929,55.3432,704.7406,91.0756,2.0056,-1.5123,0.0000,620.2350,81,HoodImpact_1104_EuroNCAP_Remaining,215,31,remaining_92
366,2,82,11,377.7139,355.3432,704.0007,90.3357,2.0056,-1.3516,0.0000,619.4951,82,HoodImpact_1104_EuroNCAP_Remaining,216,32,remaining_92
367,2,83,11,389.9580,-144.6568,702.4282,88.7632,2.0056,-1.4241,0.0000,617.9226,83,HoodImpact_1104_EuroNCAP_Remaining,217,33,remaining_92
368,2,84,11,291.0185,455.3432,687.9254,74.2604,2.0056,-1.1056,0.0000,603.4198,84,HoodImpact_1104_EuroNCAP_Remaining,218,34,remaining_92
369,2,85,11,411.5864,555.3432,701.4579,87.7929,2.0056,-1.2784,0.0000,616.9523,85,HoodImpact_1104_EuroNCAP_Remaining,219,35,remaining_92
370,2,86,11,655.4782,755.3432,711.5162,97.8512,2.0056,-0.0407,0.0000,627.0105,86,HoodImpact_1104_EuroNCAP_Remaining,220,36,remaining_92
371,2,87,11,382.3621,855.3432,681.0093,67.3443,2.0056,-1.1609,0.0000,596.5037,87,HoodImpact_1104_EuroNCAP_Remaining,221,37,remaining_92
372,2,88,11,382.2140,-544.6568,680.9879,67.3229,2.0056,-1.1609,0.0000,596.4823,88,HoodImpact_1104_EuroNCAP_Remaining,222,38,remaining_92
373,2,89,11,655.4760,-444.6568,711.5155,97.8505,2.0056,-0.0621,0.0000,627.0098,89,HoodImpact_1104_EuroNCAP_Remaining,223,39,remaining_92
374,2,90,11,171.7092,55.3432,675.8738,62.2088,2.0056,-0.7662,0.0000,591.3682,90,HoodImpact_1104_EuroNCAP_Remaining,224,40,remaining_92
375,2,91,11,270.4494,255.3432,691.5608,77.8958,2.0056,-1.1992,0.0000,607.0551,91,HoodImpact_1104_EuroNCAP_Remaining,225,41,remaining_92
376,2,92,11,278.6578,-44.6568,690.2721,76.6071,2.0056,-1.0441,0.0000,605.7665,92,HoodImpact_1104_EuroNCAP_Remaining,226,42,remaining_92
377,2,93,11,312.7848,-244.6568,686.4534,72.7884,2.0056,-0.8852,0.0000,601.9477,93,HoodImpact_1104_EuroNCAP_Remaining,227,43,remaining_92
378,2,94,11,258.5349,-444.6568,663.1984,49.5334,2.0056,-0.7400,0.0000,578.6927,94,HoodImpact_1104_EuroNCAP_Remaining,228,44,remaining_92
379,2,95,11,258.5295,755.3432,663.2350,49.5700,2.0056,-0.7665,0.0000,578.7293,95,HoodImpact_1104_EuroNCAP_Remaining,229,45,remaining_92
380,2,96,11,359.2979,655.3432,687.8098,74.1448,2.0056,-0.5196,0.0000,603.3042,96,HoodImpact_1104_EuroNCAP_Remaining,230,46,remaining_92
381,2,97,11,358.9454,-344.6568,687.7528,74.0878,2.0056,-0.5141,0.0000,603.2472,97,HoodImpact_1104_EuroNCAP_Remaining,231,47,remaining_92
382,2,98,11,185.2867,855.3432,647.1045,33.4395,2.0056,-0.2806,0.0000,562.5989,98,HoodImpact_1104_EuroNCAP_Remaining,232,48,remaining_92
383,2,99,11,185.1405,-544.6568,647.0732,33.4082,2.0056,-0.2140,0.0000,562.5676,99,HoodImpact_1104_EuroNCAP_Remaining,233,49,remaining_92
384,2,100,11,116.1776,-244.6568,649.8783,36.2133,2.0056,-0.1275,0.0000,565.3727,100,HoodImpact_1104_EuroNCAP_Remaining,234,50,remaining_92
385,2,101,11,214.1987,555.3432,669.3322,55.6672,2.0056,-0.6264,0.0000,584.8266,101,HoodImpact_1104_EuroNCAP_Remaining,235,51,remaining_92
386,2,102,11,179.9884,355.3432,674.0662,60.4012,2.0056,-0.7707,0.0000,589.5605,102,HoodImpact_1104_EuroNCAP_Remaining,236,52,remaining_92
387,2,103,11,192.4299,455.3432,671.1990,57.5340,2.0056,-0.6001,0.0000,586.6933,103,HoodImpact_1104_EuroNCAP_Remaining,237,53,remaining_92
388,2,104,11,62.7183,755.3432,622.9677,9.3027,2.0056,0.5220,0.0000,538.4621,104,HoodImpact_1104_EuroNCAP_Remaining,238,54,remaining_92
389,2,105,11,-2.7445,455.3432,627.7978,14.1328,2.0056,0.9492,0.0000,543.2922,105,HoodImpact_1104_EuroNCAP_Remaining,239,55,remaining_92
390,2,106,11,73.5620,255.3432,656.6594,42.9944,2.0056,-0.1760,0.0000,572.1538,106,HoodImpact_1104_EuroNCAP_Remaining,240,56,remaining_92
391,2,107,11,163.2816,655.3432,649.7084,36.0434,2.0056,1.6502,1.3744,563.8283,107,HoodImpact_1104_EuroNCAP_Remaining,241,57,remaining_92
392,2,108,11,162.9343,-344.6568,649.6261,35.9611,2.0056,1.6502,1.3751,563.7454,108,HoodImpact_1104_EuroNCAP_Remaining,242,58,remaining_92
393,2,109,11,62.7184,-444.6568,622.9668,9.3018,2.0056,0.5103,0.0000,538.4612,109,HoodImpact_1104_EuroNCAP_Remaining,243,59,remaining_92
394,2,110,11,18.8582,-244.6568,626.9138,13.2488,2.0056,0.6276,0.0000,542.4082,110,HoodImpact_1104_EuroNCAP_Remaining,244,60,remaining_92
395,2,111,11,18.7971,555.3432,626.8954,13.2304,2.0056,0.5888,0.0000,542.3898,111,HoodImpact_1104_EuroNCAP_Remaining,245,61,remaining_92
396,2,112,11,-29.4757,655.3432,597.8684,-15.7966,2.0056,1.6502,2.7370,510.6257,112,HoodImpact_1104_EuroNCAP_Remaining,246,62,remaining_92
397,2,113,11,-98.5662,-144.6568,599.5792,-14.0858,2.0056,1.6501,0.3544,514.7191,113,HoodImpact_1104_EuroNCAP_Remaining,247,63,remaining_92
398,2,114,11,-119.2835,55.3432,604.4130,-9.2520,2.0056,1.6510,0.3629,519.5444,114,HoodImpact_1104_EuroNCAP_Remaining,248,64,remaining_92
399,2,115,11,-119.3001,255.3432,604.4300,-9.2350,2.0056,1.6501,0.3861,519.5383,115,HoodImpact_1104_EuroNCAP_Remaining,249,65,remaining_92
400,2,116,11,-15.1278,355.3432,630.4519,16.7869,2.0056,0.9164,0.0000,545.9463,116,HoodImpact_1104_EuroNCAP_Remaining,250,66,remaining_92
401,2,117,11,-29.8161,-344.6568,597.7377,-15.9273,2.0056,1.6502,2.7114,510.5207,117,HoodImpact_1104_EuroNCAP_Remaining,251,67,remaining_92
402,2,118,11,-33.5019,755.3432,595.7717,-17.8933,2.0056,1.5880,0.0000,511.2661,118,HoodImpact_1104_EuroNCAP_Remaining,252,68,remaining_92
403,2,119,11,-128.1312,-444.6568,565.0961,-48.5689,2.0056,1.6502,1.6083,478.9822,119,HoodImpact_1104_EuroNCAP_Remaining,253,69,remaining_92
404,2,120,11,-98.5645,455.3432,599.6840,-13.9810,2.0056,1.6501,0.4604,514.7180,120,HoodImpact_1104_EuroNCAP_Remaining,254,70,remaining_92
405,2,121,11,-110.8401,-44.6568,602.0099,-11.6551,2.0056,1.6508,0.5091,516.9953,121,HoodImpact_1104_EuroNCAP_Remaining,255,71,remaining_92
406,2,122,11,-125.1790,655.3432,566.7915,-46.8735,2.0056,1.6501,0.6305,481.6554,122,HoodImpact_1104_EuroNCAP_Remaining,256,72,remaining_92
407,2,123,11,-219.7703,-344.6568,534.6976,-78.9674,2.0056,1.6502,2.0098,448.1822,123,HoodImpact_1104_EuroNCAP_Remaining,257,73,remaining_92
408,2,124,11,-172.0244,555.3432,568.6828,-44.9822,2.0056,1.6502,1.4330,482.7441,124,HoodImpact_1104_EuroNCAP_Remaining,258,74,remaining_92
409,2,125,11,-171.9654,-244.6568,568.6266,-45.0384,2.0056,1.6506,1.3537,482.7673,125,HoodImpact_1104_EuroNCAP_Remaining,259,75,remaining_92
410,2,126,11,-286.1733,455.3432,532.7451,-80.9199,2.0056,1.6504,2.6865,445.5530,126,HoodImpact_1104_EuroNCAP_Remaining,260,76,remaining_92
411,2,127,11,-193.0224,-144.6568,568.0870,-45.5780,2.0056,1.6503,1.6748,481.9065,127,HoodImpact_1104_EuroNCAP_Remaining,261,77,remaining_92
412,2,128,11,-205.2019,355.3432,569.9713,-43.6937,2.0056,1.6501,1.5398,483.9259,128,HoodImpact_1104_EuroNCAP_Remaining,262,78,remaining_92
413,2,129,11,-298.3532,-44.6568,534.8283,-78.8367,2.0056,1.6501,2.7693,447.5533,129,HoodImpact_1104_EuroNCAP_Remaining,263,79,remaining_92
414,2,130,11,-213.6607,55.3432,572.6377,-41.0273,2.0056,1.6502,1.6272,486.5049,130,HoodImpact_1104_EuroNCAP_Remaining,264,80,remaining_92
415,2,131,11,-213.6773,255.3432,572.6131,-41.0519,2.0056,1.6502,1.6086,486.4988,131,HoodImpact_1104_EuroNCAP_Remaining,265,81,remaining_92
416,2,132,11,-310.2512,155.3432,539.7429,-73.9221,2.0056,1.6501,2.7680,452.4693,132,HoodImpact_1104_EuroNCAP_Remaining,266,82,remaining_92
417,2,133,11,-26.9038,155.3432,634.8376,21.1726,2.0056,0.6373,0.0000,550.3320,133,HoodImpact_1104_EuroNCAP_Remaining,267,83,remaining_92
418,2,134,11,168.6219,155.3432,676.5526,62.8876,2.0056,-0.9044,0.0000,592.0470,134,HoodImpact_1104_EuroNCAP_Remaining,268,84,remaining_92
419,2,135,11,465.9969,155.3432,715.7879,102.1229,2.0056,-1.5995,0.0000,631.2822,135,HoodImpact_1104_EuroNCAP_Remaining,269,85,remaining_92
420,2,136,11,81.9298,-44.6568,654.4656,40.8006,2.0056,-0.0851,0.0000,569.9600,136,HoodImpact_1104_EuroNCAP_Remaining,270,86,remaining_92
421,2,137,11,94.3878,-144.6568,651.5287,37.8637,2.0056,-0.0036,0.0000,567.0231,137,HoodImpact_1104_EuroNCAP_Remaining,271,87,remaining_92
422,2,138,11,192.4285,-144.6568,671.1994,57.5344,2.0056,-0.6079,0.0000,586.6937,138,HoodImpact_1104_EuroNCAP_Remaining,272,88,remaining_92
423,2,139,11,73.5793,55.3432,656.6632,42.9982,2.0056,-0.1545,0.0000,572.1576,139,HoodImpact_1104_EuroNCAP_Remaining,273,89,remaining_92
424,2,140,11,366.6202,155.3432,704.6502,90.9852,2.0056,-1.4877,0.0000,620.1446,140,HoodImpact_1104_EuroNCAP_Remaining,274,90,remaining_92
425,2,141,11,70.3669,155.3432,657.9909,44.3259,2.0056,-0.2443,0.0000,573.4852,141,HoodImpact_1104_EuroNCAP_Remaining,275,91,remaining_92
426,2,142,11,-122.8083,155.3432,606.7929,-6.8721,2.0056,1.6506,0.2425,522.0447,142,HoodImpact_1104_EuroNCAP_Remaining,276,92,remaining_92
427,3,1,16,780.1084,855.3432,722.5654,108.9004,2.0056,-1.8514,0.0000,638.0598,1,HoodImpact_600_EuroNCAP,151,1,selected_50
428,3,2,16,779.9595,-544.6568,722.5528,108.8878,2.0056,-1.8503,0.0000,638.0471,2,HoodImpact_600_EuroNCAP,152,2,selected_50
429,3,3,16,160.1135,755.3432,645.6073,31.9423,2.0056,-0.3051,0.0000,561.1017,3,HoodImpact_600_EuroNCAP,153,3,selected_50
430,3,4,16,-265.2894,555.3432,533.9590,-79.7060,2.0056,1.6501,2.7664,446.6869,4,HoodImpact_600_EuroNCAP,154,4,selected_50
431,3,5,16,283.4247,-544.6568,665.4919,51.8269,2.0056,-0.7811,0.0000,580.9863,5,HoodImpact_600_EuroNCAP,155,5,selected_50
432,3,6,16,-265.2296,-244.6568,533.9465,-79.7185,2.0056,1.6509,2.7339,446.7070,6,HoodImpact_600_EuroNCAP,156,6,selected_50
433,3,7,16,510.8000,555.3432,713.9460,100.2810,2.0056,-1.5164,0.0000,629.4404,7,HoodImpact_600_EuroNCAP,157,7,selected_50
434,3,8,16,510.8630,-244.6568,713.9525,100.2875,2.0056,-1.5389,0.0000,629.4469,8,HoodImpact_600_EuroNCAP,158,8,selected_50
435,3,9,16,94.3893,455.3432,651.5279,37.8629,2.0056,-0.0261,0.0000,567.0223,9,HoodImpact_600_EuroNCAP,159,9,selected_50
436,3,10,16,-33.5021,-444.6568,595.7718,-17.8932,2.0056,1.5817,0.0000,511.2662,10,HoodImpact_600_EuroNCAP,160,10,selected_50
437,3,11,16,481.4907,855.3432,694.1675,80.5025,2.0056,-1.5248,0.0000,609.6619,11,HoodImpact_600_EuroNCAP,161,11,selected_50
438,3,12,16,-128.1311,755.3432,565.0968,-48.5682,2.0056,1.6502,1.6090,478.9822,12,HoodImpact_600_EuroNCAP,162,12,selected_50
439,3,13,16,-306.7720,255.3432,537.0431,-76.6219,2.0056,1.6502,2.5408,449.9967,13,HoodImpact_600_EuroNCAP,163,13,selected_50
440,3,14,16,576.5633,355.3432,725.3049,111.6399,2.0056,-1.7397,0.0000,640.7993,14,HoodImpact_600_EuroNCAP,164,14,selected_50
441,3,15,16,576.5583,-44.6568,725.3044,111.6394,2.0056,-1.7381,0.0000,640.7988,15,HoodImpact_600_EuroNCAP,165,15,selected_50
442,3,16,16,278.6628,355.3432,690.2729,76.6079,2.0056,-1.0443,0.0000,605.7672,16,HoodImpact_600_EuroNCAP,166,16,selected_50
443,3,17,16,-205.2068,-44.6568,569.9969,-43.6681,2.0056,1.6508,1.5666,483.9247,17,HoodImpact_600_EuroNCAP,167,17,selected_50
444,3,18,16,556.6869,-444.6568,696.0199,82.3549,2.0056,0.8049,0.0000,611.5143,18,HoodImpact_600_EuroNCAP,168,18,selected_50
445,3,19,16,260.5862,-344.6568,669.7750,56.1100,2.0056,1.1642,0.0000,585.2694,19,HoodImpact_600_EuroNCAP,169,19,selected_50
446,3,20,16,-110.8354,355.3432,601.9975,-11.6675,2.0056,1.6508,0.4950,516.9969,20,HoodImpact_600_EuroNCAP,170,20,selected_50
447,3,21,16,377.7089,-44.6568,704.0001,90.3351,2.0056,-1.3514,0.0000,619.4945,21,HoodImpact_600_EuroNCAP,171,21,selected_50
448,3,22,16,312.7224,555.3432,686.4424,72.7774,2.0056,-1.0792,0.0000,601.9368,22,HoodImpact_600_EuroNCAP,172,22,selected_50
449,3,23,16,-77.2524,-244.6568,599.4379,-14.2271,2.0056,1.6501,0.1049,514.8274,23,HoodImpact_600_EuroNCAP,173,23,selected_50
450,3,24,16,-77.3130,555.3432,599.3848,-14.2802,2.0056,1.6502,0.0705,514.8087,24,HoodImpact_600_EuroNCAP,174,24,selected_50
451,3,25,16,657.1662,655.3432,722.9742,109.3092,2.0056,-1.5653,0.0000,638.4685,25,HoodImpact_600_EuroNCAP,175,25,selected_50
452,3,26,16,565.5359,155.3432,725.3718,111.7068,2.0056,-1.6729,0.0000,640.8661,26,HoodImpact_600_EuroNCAP,176,26,selected_50
453,3,27,16,357.7544,755.3432,675.6093,61.9443,2.0056,-0.7090,0.0000,591.1036,27,HoodImpact_600_EuroNCAP,177,27,selected_50
454,3,28,16,270.4669,55.3432,691.5633,77.8983,2.0056,-1.1981,0.0000,607.0577,28,HoodImpact_600_EuroNCAP,178,28,selected_50
455,3,29,16,-306.7556,55.3432,537.0754,-76.5896,2.0056,1.6502,2.5664,450.0034,29,HoodImpact_600_EuroNCAP,179,29,selected_50
456,3,30,16,160.1126,-444.6568,645.6116,31.9466,2.0056,-0.3600,0.0000,561.1059,30,HoodImpact_600_EuroNCAP,180,30,selected_50
457,3,31,16,656.8107,-344.6568,722.9409,109.2759,2.0056,-1.5690,0.0000,638.4353,31,HoodImpact_600_EuroNCAP,181,31,selected_50
458,3,32,16,66.2616,-344.6568,626.1068,12.4418,2.0056,1.6503,3.3946,538.2066,32,HoodImpact_600_EuroNCAP,182,32,selected_50
459,3,33,16,66.6051,655.3432,626.2189,12.5539,2.0056,1.6503,3.4094,538.3038,33,HoodImpact_600_EuroNCAP,183,33,selected_50
460,3,34,16,291.0172,-144.6568,687.9254,74.2604,2.0056,-1.0005,0.0000,603.4198,34,HoodImpact_600_EuroNCAP,184,34,selected_50
461,3,35,16,171.6919,255.3432,675.8705,62.2055,2.0056,-0.7921,0.0000,591.3648,35,HoodImpact_600_EuroNCAP,185,35,selected_50
462,3,36,16,389.9592,455.3432,702.4287,88.7637,2.0056,-1.4117,0.0000,617.9230,36,HoodImpact_600_EuroNCAP,186,36,selected_50
463,3,37,16,-23.5537,255.3432,632.8642,19.1992,2.0056,0.6783,0.0000,548.3586,37,HoodImpact_600_EuroNCAP,187,37,selected_50
464,3,38,16,481.3422,-544.6568,694.1494,80.4844,2.0056,-1.5308,0.0000,609.6437,38,HoodImpact_600_EuroNCAP,188,38,selected_50
465,3,39,16,556.6876,755.3432,696.0364,82.3714,2.0056,0.8348,0.0000,611.5308,39,HoodImpact_600_EuroNCAP,189,39,selected_50
466,3,40,16,-2.7459,-144.6568,627.7982,14.1332,2.0056,0.9576,0.0000,543.2926,40,HoodImpact_600_EuroNCAP,190,40,selected_50
467,3,41,16,357.7543,-444.6568,675.6092,61.9442,2.0056,-0.7091,0.0000,591.1036,41,HoodImpact_600_EuroNCAP,191,41,selected_50
468,3,42,16,283.5723,855.3432,665.5166,51.8516,2.0056,-0.9840,0.0000,581.0110,42,HoodImpact_600_EuroNCAP,192,42,selected_50
469,3,43,16,-193.0211,455.3432,567.9550,-45.7100,2.0056,1.6501,1.5423,481.9070,43,HoodImpact_600_EuroNCAP,193,43,selected_50
470,3,44,16,468.9423,255.3432,715.9602,102.2952,2.0056,-1.7589,0.0000,631.4546,44,HoodImpact_600_EuroNCAP,194,44,selected_50
471,3,45,16,-217.2723,155.3432,575.3034,-38.3616,2.0056,1.6502,1.5384,489.2593,45,HoodImpact_600_EuroNCAP,195,45,selected_50
472,3,46,16,468.9599,55.3432,715.9621,102.2971,2.0056,-1.7614,0.0000,631.4564,46,HoodImpact_600_EuroNCAP,196,46,selected_50
473,3,47,16,457.9314,-344.6568,701.9258,88.2608,2.0056,-0.9385,0.0000,617.4202,47,HoodImpact_600_EuroNCAP,197,47,selected_50
474,3,48,16,458.2863,655.3432,701.9652,88.3002,2.0056,-1.1187,0.0000,617.4596,48,HoodImpact_600_EuroNCAP,198,48,selected_50
475,3,49,16,260.9358,655.3432,669.8476,56.1826,2.0056,1.1726,0.0000,585.3420,49,HoodImpact_600_EuroNCAP,199,49,selected_50
476,3,50,16,-125.5168,-344.6568,566.6832,-46.9818,2.0056,1.6501,0.6332,481.5444,50,HoodImpact_600_EuroNCAP,200,50,selected_50
477,3,51,16,214.2609,-244.6568,669.3444,55.6794,2.0056,-0.5950,0.0000,584.8388,51,HoodImpact_1104_EuroNCAP_Remaining,277,1,remaining_92
478,3,52,16,-219.4391,655.3432,534.7853,-78.8797,2.0056,1.6507,1.9682,448.3115,52,HoodImpact_1104_EuroNCAP_Remaining,278,2,remaining_92
479,3,53,16,-23.5365,55.3432,632.8684,19.2034,2.0056,0.6946,0.0000,548.3628,53,HoodImpact_1104_EuroNCAP_Remaining,279,3,remaining_92
480,3,54,16,179.9834,-44.6568,674.0653,60.4003,2.0056,-0.7711,0.0000,589.5597,54,HoodImpact_1104_EuroNCAP_Remaining,280,4,remaining_92
481,3,55,16,116.1159,555.3432,649.8636,36.1986,2.0056,-0.1625,0.0000,565.3579,55,HoodImpact_1104_EuroNCAP_Remaining,281,5,remaining_92
482,3,56,16,489.1986,-144.6568,714.7092,101.0442,2.0056,-1.6208,0.0000,630.2036,56,HoodImpact_1104_EuroNCAP_Remaining,282,6,remaining_92
483,3,57,16,-286.1735,-144.6568,532.7077,-80.9573,2.0056,1.6503,2.6519,445.5502,57,HoodImpact_1104_EuroNCAP_Remaining,283,7,remaining_92
484,3,58,16,81.9348,355.3432,654.4663,40.8013,2.0056,-0.0822,0.0000,569.9607,58,HoodImpact_1104_EuroNCAP_Remaining,284,8,remaining_92
485,3,59,16,588.7217,455.3432,724.4534,110.7884,2.0056,-1.6904,0.0000,639.9478,59,HoodImpact_1104_EuroNCAP_Remaining,285,9,remaining_92
486,3,60,16,-298.3486,355.3432,534.7772,-78.8878,2.0056,1.6501,2.7163,447.5553,60,HoodImpact_1104_EuroNCAP_Remaining,286,10,remaining_92
487,3,61,16,-15.1327,-44.6568,630.4512,16.7862,2.0056,0.9164,0.0000,545.9455,61,HoodImpact_1104_EuroNCAP_Remaining,287,11,remaining_92
488,3,62,16,267.4594,155.3432,691.7349,78.0699,2.0056,-1.3393,0.0000,607.2293,62,HoodImpact_1104_EuroNCAP_Remaining,288,12,remaining_92
489,3,63,16,680.4156,855.3432,714.7480,101.0830,2.0056,-1.7868,0.0000,630.2424,63,HoodImpact_1104_EuroNCAP_Remaining,289,13,remaining_92
490,3,64,16,680.2686,-544.6568,714.7103,101.0453,2.0056,-1.8029,0.0000,630.2047,64,HoodImpact_1104_EuroNCAP_Remaining,290,14,remaining_92
491,3,65,16,610.4081,-244.6568,723.4530,109.7880,2.0056,-1.7548,0.0000,638.9474,65,HoodImpact_1104_EuroNCAP_Remaining,291,15,remaining_92
492,3,66,16,610.3450,555.3432,723.4477,109.7827,2.0056,-1.7371,0.0000,638.9421,66,HoodImpact_1104_EuroNCAP_Remaining,292,16,remaining_92
493,3,67,16,568.4976,55.3432,725.5597,111.8947,2.0056,-1.8641,0.0000,641.0541,67,HoodImpact_1104_EuroNCAP_Remaining,293,17,remaining_92
494,3,68,16,568.4800,255.3432,725.5581,111.8931,2.0056,-1.8632,0.0000,641.0525,68,HoodImpact_1104_EuroNCAP_Remaining,294,18,remaining_92
495,3,69,16,477.0333,355.3432,715.6325,101.9675,2.0056,-1.6919,0.0000,631.1269,69,HoodImpact_1104_EuroNCAP_Remaining,295,19,remaining_92
496,3,70,16,588.7204,-144.6568,724.4533,110.7883,2.0056,-1.6912,0.0000,639.9477,70,HoodImpact_1104_EuroNCAP_Remaining,296,20,remaining_92
497,3,71,16,457.2813,755.3432,685.3132,71.6482,2.0056,-0.8417,0.0000,600.8075,71,HoodImpact_1104_EuroNCAP_Remaining,297,21,remaining_92
498,3,72,16,457.2813,-444.6568,685.3131,71.6481,2.0056,-0.8417,0.0000,600.8075,72,HoodImpact_1104_EuroNCAP_Remaining,298,22,remaining_92
499,3,73,16,369.5754,255.3432,704.7385,91.0735,2.0056,-1.5130,0.0000,620.2329,73,HoodImpact_1104_EuroNCAP_Remaining,299,23,remaining_92
500,3,74,16,580.8567,855.3432,705.3987,91.7337,2.0056,-1.7095,0.0000,620.8930,74,HoodImpact_1104_EuroNCAP_Remaining,300,24,remaining_92
501,3,75,16,580.7079,-544.6568,705.3832,91.7182,2.0056,-1.7052,0.0000,620.8775,75,HoodImpact_1104_EuroNCAP_Remaining,301,25,remaining_92
502,3,76,16,557.6210,655.3432,713.4521,99.7871,2.0056,-1.4439,0.0000,628.9465,76,HoodImpact_1104_EuroNCAP_Remaining,302,26,remaining_92
503,3,77,16,557.2657,-344.6568,713.4169,99.7519,2.0056,-1.3327,0.0000,628.9113,77,HoodImpact_1104_EuroNCAP_Remaining,303,27,remaining_92
504,3,78,16,477.0283,-44.6568,715.6319,101.9669,2.0056,-1.6941,0.0000,631.1262,78,HoodImpact_1104_EuroNCAP_Remaining,304,28,remaining_92
505,3,79,16,489.1998,455.3432,714.7096,101.0446,2.0056,-1.6146,0.0000,630.2039,79,HoodImpact_1104_EuroNCAP_Remaining,305,29,remaining_92
506,3,80,16,411.6493,-244.6568,701.4658,87.8008,2.0056,-1.2185,0.0000,616.9602,80,HoodImpact_1104_EuroNCAP_Remaining,306,30,remaining_92
507,3,81,16,369.5929,55.3432,704.7406,91.0756,2.0056,-1.5123,0.0000,620.2350,81,HoodImpact_1104_EuroNCAP_Remaining,307,31,remaining_92
508,3,82,16,377.7139,355.3432,704.0007,90.3357,2.0056,-1.3516,0.0000,619.4951,82,HoodImpact_1104_EuroNCAP_Remaining,308,32,remaining_92
509,3,83,16,389.9580,-144.6568,702.4282,88.7632,2.0056,-1.4241,0.0000,617.9226,83,HoodImpact_1104_EuroNCAP_Remaining,309,33,remaining_92
510,3,84,16,291.0185,455.3432,687.9254,74.2604,2.0056,-1.1056,0.0000,603.4198,84,HoodImpact_1104_EuroNCAP_Remaining,310,34,remaining_92
511,3,85,16,411.5864,555.3432,701.4579,87.7929,2.0056,-1.2784,0.0000,616.9523,85,HoodImpact_1104_EuroNCAP_Remaining,311,35,remaining_92
512,3,86,16,655.4782,755.3432,711.5162,97.8512,2.0056,-0.0407,0.0000,627.0105,86,HoodImpact_1104_EuroNCAP_Remaining,312,36,remaining_92
513,3,87,16,382.3621,855.3432,681.0093,67.3443,2.0056,-1.1609,0.0000,596.5037,87,HoodImpact_1104_EuroNCAP_Remaining,313,37,remaining_92
514,3,88,16,382.2140,-544.6568,680.9879,67.3229,2.0056,-1.1609,0.0000,596.4823,88,HoodImpact_1104_EuroNCAP_Remaining,314,38,remaining_92
515,3,89,16,655.4760,-444.6568,711.5155,97.8505,2.0056,-0.0621,0.0000,627.0098,89,HoodImpact_1104_EuroNCAP_Remaining,315,39,remaining_92
516,3,90,16,171.7092,55.3432,675.8738,62.2088,2.0056,-0.7662,0.0000,591.3682,90,HoodImpact_1104_EuroNCAP_Remaining,316,40,remaining_92
517,3,91,16,270.4494,255.3432,691.5608,77.8958,2.0056,-1.1992,0.0000,607.0551,91,HoodImpact_1104_EuroNCAP_Remaining,317,41,remaining_92
518,3,92,16,278.6578,-44.6568,690.2721,76.6071,2.0056,-1.0441,0.0000,605.7665,92,HoodImpact_1104_EuroNCAP_Remaining,318,42,remaining_92
519,3,93,16,312.7848,-244.6568,686.4534,72.7884,2.0056,-0.8852,0.0000,601.9477,93,HoodImpact_1104_EuroNCAP_Remaining,319,43,remaining_92
520,3,94,16,258.5349,-444.6568,663.1984,49.5334,2.0056,-0.7400,0.0000,578.6927,94,HoodImpact_1104_EuroNCAP_Remaining,320,44,remaining_92
521,3,95,16,258.5295,755.3432,663.2350,49.5700,2.0056,-0.7665,0.0000,578.7293,95,HoodImpact_1104_EuroNCAP_Remaining,321,45,remaining_92
522,3,96,16,359.2979,655.3432,687.8098,74.1448,2.0056,-0.5196,0.0000,603.3042,96,HoodImpact_1104_EuroNCAP_Remaining,322,46,remaining_92
523,3,97,16,358.9454,-344.6568,687.7528,74.0878,2.0056,-0.5141,0.0000,603.2472,97,HoodImpact_1104_EuroNCAP_Remaining,323,47,remaining_92
524,3,98,16,185.2867,855.3432,647.1045,33.4395,2.0056,-0.2806,0.0000,562.5989,98,HoodImpact_1104_EuroNCAP_Remaining,324,48,remaining_92
525,3,99,16,185.1405,-544.6568,647.0732,33.4082,2.0056,-0.2140,0.0000,562.5676,99,HoodImpact_1104_EuroNCAP_Remaining,325,49,remaining_92
526,3,100,16,116.1776,-244.6568,649.8783,36.2133,2.0056,-0.1275,0.0000,565.3727,100,HoodImpact_1104_EuroNCAP_Remaining,326,50,remaining_92
527,3,101,16,214.1987,555.3432,669.3322,55.6672,2.0056,-0.6264,0.0000,584.8266,101,HoodImpact_1104_EuroNCAP_Remaining,327,51,remaining_92
528,3,102,16,179.9884,355.3432,674.0662,60.4012,2.0056,-0.7707,0.0000,589.5605,102,HoodImpact_1104_EuroNCAP_Remaining,328,52,remaining_92
529,3,103,16,192.4299,455.3432,671.1990,57.5340,2.0056,-0.6001,0.0000,586.6933,103,HoodImpact_1104_EuroNCAP_Remaining,329,53,remaining_92
530,3,104,16,62.7183,755.3432,622.9677,9.3027,2.0056,0.5220,0.0000,538.4621,104,HoodImpact_1104_EuroNCAP_Remaining,330,54,remaining_92
531,3,105,16,-2.7445,455.3432,627.7978,14.1328,2.0056,0.9492,0.0000,543.2922,105,HoodImpact_1104_EuroNCAP_Remaining,331,55,remaining_92
532,3,106,16,73.5620,255.3432,656.6594,42.9944,2.0056,-0.1760,0.0000,572.1538,106,HoodImpact_1104_EuroNCAP_Remaining,332,56,remaining_92
533,3,107,16,163.2816,655.3432,649.7084,36.0434,2.0056,1.6502,1.3744,563.8283,107,HoodImpact_1104_EuroNCAP_Remaining,333,57,remaining_92
534,3,108,16,162.9343,-344.6568,649.6261,35.9611,2.0056,1.6502,1.3751,563.7454,108,HoodImpact_1104_EuroNCAP_Remaining,334,58,remaining_92
535,3,109,16,62.7184,-444.6568,622.9668,9.3018,2.0056,0.5103,0.0000,538.4612,109,HoodImpact_1104_EuroNCAP_Remaining,335,59,remaining_92
536,3,110,16,18.8582,-244.6568,626.9138,13.2488,2.0056,0.6276,0.0000,542.4082,110,HoodImpact_1104_EuroNCAP_Remaining,336,60,remaining_92
537,3,111,16,18.7971,555.3432,626.8954,13.2304,2.0056,0.5888,0.0000,542.3898,111,HoodImpact_1104_EuroNCAP_Remaining,337,61,remaining_92
538,3,112,16,-29.4757,655.3432,597.8684,-15.7966,2.0056,1.6502,2.7370,510.6257,112,HoodImpact_1104_EuroNCAP_Remaining,338,62,remaining_92
539,3,113,16,-98.5662,-144.6568,599.5792,-14.0858,2.0056,1.6501,0.3544,514.7191,113,HoodImpact_1104_EuroNCAP_Remaining,339,63,remaining_92
540,3,114,16,-119.2835,55.3432,604.4130,-9.2520,2.0056,1.6510,0.3629,519.5444,114,HoodImpact_1104_EuroNCAP_Remaining,340,64,remaining_92
541,3,115,16,-119.3001,255.3432,604.4300,-9.2350,2.0056,1.6501,0.3861,519.5383,115,HoodImpact_1104_EuroNCAP_Remaining,341,65,remaining_92
542,3,116,16,-15.1278,355.3432,630.4519,16.7869,2.0056,0.9164,0.0000,545.9463,116,HoodImpact_1104_EuroNCAP_Remaining,342,66,remaining_92
543,3,117,16,-29.8161,-344.6568,597.7377,-15.9273,2.0056,1.6502,2.7114,510.5207,117,HoodImpact_1104_EuroNCAP_Remaining,343,67,remaining_92
544,3,118,16,-33.5019,755.3432,595.7717,-17.8933,2.0056,1.5880,0.0000,511.2661,118,HoodImpact_1104_EuroNCAP_Remaining,344,68,remaining_92
545,3,119,16,-128.1312,-444.6568,565.0961,-48.5689,2.0056,1.6502,1.6083,478.9822,119,HoodImpact_1104_EuroNCAP_Remaining,345,69,remaining_92
546,3,120,16,-98.5645,455.3432,599.6840,-13.9810,2.0056,1.6501,0.4604,514.7180,120,HoodImpact_1104_EuroNCAP_Remaining,346,70,remaining_92
547,3,121,16,-110.8401,-44.6568,602.0099,-11.6551,2.0056,1.6508,0.5091,516.9953,121,HoodImpact_1104_EuroNCAP_Remaining,347,71,remaining_92
548,3,122,16,-125.1790,655.3432,566.7915,-46.8735,2.0056,1.6501,0.6305,481.6554,122,HoodImpact_1104_EuroNCAP_Remaining,348,72,remaining_92
549,3,123,16,-219.7703,-344.6568,534.6976,-78.9674,2.0056,1.6502,2.0098,448.1822,123,HoodImpact_1104_EuroNCAP_Remaining,349,73,remaining_92
550,3,124,16,-172.0244,555.3432,568.6828,-44.9822,2.0056,1.6502,1.4330,482.7441,124,HoodImpact_1104_EuroNCAP_Remaining,350,74,remaining_92
551,3,125,16,-171.9654,-244.6568,568.6266,-45.0384,2.0056,1.6506,1.3537,482.7673,125,HoodImpact_1104_EuroNCAP_Remaining,351,75,remaining_92
552,3,126,16,-286.1733,455.3432,532.7451,-80.9199,2.0056,1.6504,2.6865,445.5530,126,HoodImpact_1104_EuroNCAP_Remaining,352,76,remaining_92
553,3,127,16,-193.0224,-144.6568,568.0870,-45.5780,2.0056,1.6503,1.6748,481.9065,127,HoodImpact_1104_EuroNCAP_Remaining,353,77,remaining_92
554,3,128,16,-205.2019,355.3432,569.9713,-43.6937,2.0056,1.6501,1.5398,483.9259,128,HoodImpact_1104_EuroNCAP_Remaining,354,78,remaining_92
555,3,129,16,-298.3532,-44.6568,534.8283,-78.8367,2.0056,1.6501,2.7693,447.5533,129,HoodImpact_1104_EuroNCAP_Remaining,355,79,remaining_92
556,3,130,16,-213.6607,55.3432,572.6377,-41.0273,2.0056,1.6502,1.6272,486.5049,130,HoodImpact_1104_EuroNCAP_Remaining,356,80,remaining_92
557,3,131,16,-213.6773,255.3432,572.6131,-41.0519,2.0056,1.6502,1.6086,486.4988,131,HoodImpact_1104_EuroNCAP_Remaining,357,81,remaining_92
558,3,132,16,-310.2512,155.3432,539.7429,-73.9221,2.0056,1.6501,2.7680,452.4693,132,HoodImpact_1104_EuroNCAP_Remaining,358,82,remaining_92
559,3,133,16,-26.9038,155.3432,634.8376,21.1726,2.0056,0.6373,0.0000,550.3320,133,HoodImpact_1104_EuroNCAP_Remaining,359,83,remaining_92
560,3,134,16,168.6219,155.3432,676.5526,62.8876,2.0056,-0.9044,0.0000,592.0470,134,HoodImpact_1104_EuroNCAP_Remaining,360,84,remaining_92
561,3,135,16,465.9969,155.3432,715.7879,102.1229,2.0056,-1.5995,0.0000,631.2822,135,HoodImpact_1104_EuroNCAP_Remaining,361,85,remaining_92
562,3,136,16,81.9298,-44.6568,654.4656,40.8006,2.0056,-0.0851,0.0000,569.9600,136,HoodImpact_1104_EuroNCAP_Remaining,362,86,remaining_92
563,3,137,16,94.3878,-144.6568,651.5287,37.8637,2.0056,-0.0036,0.0000,567.0231,137,HoodImpact_1104_EuroNCAP_Remaining,363,87,remaining_92
564,3,138,16,192.4285,-144.6568,671.1994,57.5344,2.0056,-0.6079,0.0000,586.6937,138,HoodImpact_1104_EuroNCAP_Remaining,364,88,remaining_92
565,3,139,16,73.5793,55.3432,656.6632,42.9982,2.0056,-0.1545,0.0000,572.1576,139,HoodImpact_1104_EuroNCAP_Remaining,365,89,remaining_92
566,3,140,16,366.6202,155.3432,704.6502,90.9852,2.0056,-1.4877,0.0000,620.1446,140,HoodImpact_1104_EuroNCAP_Remaining,366,90,remaining_92
567,3,141,16,70.3669,155.3432,657.9909,44.3259,2.0056,-0.2443,0.0000,573.4852,141,HoodImpact_1104_EuroNCAP_Remaining,367,91,remaining_92
568,3,142,16,-122.8083,155.3432,606.7929,-6.8721,2.0056,1.6506,0.2425,522.0447,142,HoodImpact_1104_EuroNCAP_Remaining,368,92,remaining_92
569,4,1,21,780.1084,855.3432,722.5654,108.9004,2.0056,-1.8514,0.0000,638.0598,1,HoodImpact_600_EuroNCAP,201,1,selected_50
570,4,2,21,779.9595,-544.6568,722.5528,108.8878,2.0056,-1.8503,0.0000,638.0471,2,HoodImpact_600_EuroNCAP,202,2,selected_50
571,4,3,21,160.1135,755.3432,645.6073,31.9423,2.0056,-0.3051,0.0000,561.1017,3,HoodImpact_600_EuroNCAP,203,3,selected_50
572,4,4,21,-265.2894,555.3432,532.5472,-81.1178,2.0056,1.6503,2.1198,445.9217,4,HoodImpact_600_EuroNCAP,204,4,selected_50
573,4,5,21,283.4247,-544.6568,665.4919,51.8269,2.0056,-0.7811,0.0000,580.9863,5,HoodImpact_600_EuroNCAP,205,5,selected_50
574,4,6,21,-265.2296,-244.6568,532.5910,-81.0740,2.0056,1.6503,2.1494,445.9359,6,HoodImpact_600_EuroNCAP,206,6,selected_50
575,4,7,21,510.8000,555.3432,713.6623,99.9973,2.0056,-1.4840,0.0000,629.1566,7,HoodImpact_600_EuroNCAP,207,7,selected_50
576,4,8,21,510.8630,-244.6568,713.6704,100.0054,2.0056,-1.4560,0.0000,629.1647,8,HoodImpact_600_EuroNCAP,208,8,selected_50
577,4,9,21,94.3893,455.3432,648.0213,34.3563,2.0056,0.1922,0.0000,563.5157,9,HoodImpact_600_EuroNCAP,209,9,selected_50
578,4,10,21,-33.5021,-444.6568,595.7718,-17.8932,2.0056,1.5817,0.0000,511.2662,10,HoodImpact_600_EuroNCAP,210,10,selected_50
579,4,11,21,481.4907,855.3432,694.1675,80.5025,2.0056,-1.5248,0.0000,609.6619,11,HoodImpact_600_EuroNCAP,211,11,selected_50
580,4,12,21,-128.1311,755.3432,565.0968,-48.5682,2.0056,1.6502,1.6090,478.9822,12,HoodImpact_600_EuroNCAP,212,12,selected_50
581,4,13,21,-306.7720,255.3432,537.0431,-76.6219,2.0056,1.6502,2.5408,449.9967,13,HoodImpact_600_EuroNCAP,213,13,selected_50
582,4,14,21,576.5633,355.3432,724.9944,111.3294,2.0056,-1.8300,0.0000,640.4887,14,HoodImpact_600_EuroNCAP,214,14,selected_50
583,4,15,21,576.5583,-44.6568,724.9937,111.3287,2.0056,-1.8296,0.0000,640.4881,15,HoodImpact_600_EuroNCAP,215,15,selected_50
584,4,16,21,278.6628,355.3432,688.3484,74.6834,2.0056,-1.0774,0.0000,603.8428,16,HoodImpact_600_EuroNCAP,216,16,selected_50
585,4,17,21,-205.2068,-44.6568,567.2786,-46.3864,2.0056,1.6501,1.3522,481.4208,17,HoodImpact_600_EuroNCAP,217,17,selected_50
586,4,18,21,556.6869,-444.6568,696.0199,82.3549,2.0056,0.8049,0.0000,611.5143,18,HoodImpact_600_EuroNCAP,218,18,selected_50
587,4,19,21,260.5862,-344.6568,670.4154,56.7504,2.0056,0.7042,0.0000,585.9098,19,HoodImpact_600_EuroNCAP,219,19,selected_50
588,4,20,21,-110.8354,355.3432,598.0917,-15.5733,2.0056,1.6501,0.2198,513.3663,20,HoodImpact_600_EuroNCAP,220,20,selected_50
589,4,21,21,377.7089,-44.6568,702.6031,88.9381,2.0056,-1.5787,0.0000,618.0974,21,HoodImpact_600_EuroNCAP,221,21,selected_50
590,4,22,21,312.7224,555.3432,685.0142,71.3492,2.0056,-0.8425,0.0000,600.5085,22,HoodImpact_600_EuroNCAP,222,22,selected_50
591,4,23,21,-77.2524,-244.6568,595.6218,-18.0432,2.0056,1.5968,0.0000,511.1162,23,HoodImpact_600_EuroNCAP,223,23,selected_50
592,4,24,21,-77.3130,555.3432,595.6008,-18.0642,2.0056,1.5586,0.0000,511.0952,24,HoodImpact_600_EuroNCAP,224,24,selected_50
593,4,25,21,657.1662,655.3432,722.9742,109.3092,2.0056,-1.5653,0.0000,638.4685,25,HoodImpact_600_EuroNCAP,225,25,selected_50
594,4,26,21,565.5359,155.3432,725.3718,111.7068,2.0056,-1.6729,0.0000,640.8661,26,HoodImpact_600_EuroNCAP,226,26,selected_50
595,4,27,21,357.7544,755.3432,675.6093,61.9443,2.0056,-0.7090,0.0000,591.1036,27,HoodImpact_600_EuroNCAP,227,27,selected_50
596,4,28,21,270.4669,55.3432,690.7022,77.0372,2.0056,-1.2638,0.0000,606.1966,28,HoodImpact_600_EuroNCAP,228,28,selected_50
597,4,29,21,-306.7556,55.3432,537.0754,-76.5896,2.0056,1.6502,2.5664,450.0034,29,HoodImpact_600_EuroNCAP,229,29,selected_50
598,4,30,21,160.1126,-444.6568,645.6116,31.9466,2.0056,-0.3600,0.0000,561.1059,30,HoodImpact_600_EuroNCAP,230,30,selected_50
599,4,31,21,656.8107,-344.6568,722.9409,109.2759,2.0056,-1.5690,0.0000,638.4353,31,HoodImpact_600_EuroNCAP,231,31,selected_50
600,4,32,21,66.2616,-344.6568,628.5955,14.9305,2.0056,1.6506,4.8762,539.2137,32,HoodImpact_600_EuroNCAP,232,32,selected_50
601,4,33,21,66.6051,655.3432,628.6778,15.0128,2.0056,1.6505,4.8528,539.3194,33,HoodImpact_600_EuroNCAP,233,33,selected_50
602,4,34,21,291.0172,-144.6568,686.0701,72.4051,2.0056,-0.9182,0.0000,601.5645,34,HoodImpact_600_EuroNCAP,234,34,selected_50
603,4,35,21,171.6919,255.3432,674.6970,61.0320,2.0056,-0.9669,0.0000,590.1914,35,HoodImpact_600_EuroNCAP,235,35,selected_50
604,4,36,21,389.9592,455.3432,701.0041,87.3391,2.0056,-1.3345,0.0000,616.4985,36,HoodImpact_600_EuroNCAP,236,36,selected_50
605,4,37,21,-23.5537,255.3432,631.5955,17.9305,2.0056,0.9926,0.0000,547.0899,37,HoodImpact_600_EuroNCAP,237,37,selected_50
606,4,38,21,481.3422,-544.6568,694.1494,80.4844,2.0056,-1.5308,0.0000,609.6437,38,HoodImpact_600_EuroNCAP,238,38,selected_50
607,4,39,21,556.6876,755.3432,696.0364,82.3714,2.0056,0.8348,0.0000,611.5308,39,HoodImpact_600_EuroNCAP,239,39,selected_50
608,4,40,21,-2.7459,-144.6568,623.2369,9.5719,2.0056,1.1163,0.0000,538.7313,40,HoodImpact_600_EuroNCAP,240,40,selected_50
609,4,41,21,357.7543,-444.6568,675.6092,61.9442,2.0056,-0.7091,0.0000,591.1036,41,HoodImpact_600_EuroNCAP,241,41,selected_50
610,4,42,21,283.5723,855.3432,665.5166,51.8516,2.0056,-0.9840,0.0000,581.0110,42,HoodImpact_600_EuroNCAP,242,42,selected_50
611,4,43,21,-193.0211,455.3432,563.8417,-49.8233,2.0056,1.6503,0.9693,478.3668,43,HoodImpact_600_EuroNCAP,243,43,selected_50
612,4,44,21,468.9423,255.3432,715.8329,102.1679,2.0056,-1.7564,0.0000,631.3273,44,HoodImpact_600_EuroNCAP,244,44,selected_50
613,4,45,21,-217.2723,155.3432,575.3034,-38.3616,2.0056,1.6502,1.5384,489.2593,45,HoodImpact_600_EuroNCAP,245,45,selected_50
614,4,46,21,468.9599,55.3432,715.8347,102.1697,2.0056,-1.7566,0.0000,631.3291,46,HoodImpact_600_EuroNCAP,246,46,selected_50
615,4,47,21,457.9314,-344.6568,701.9258,88.2608,2.0056,-0.9385,0.0000,617.4202,47,HoodImpact_600_EuroNCAP,247,47,selected_50
616,4,48,21,458.2863,655.3432,701.9652,88.3002,2.0056,-1.1187,0.0000,617.4596,48,HoodImpact_600_EuroNCAP,248,48,selected_50
617,4,49,21,260.9358,655.3432,670.4820,56.8170,2.0056,0.6857,0.0000,585.9764,49,HoodImpact_600_EuroNCAP,249,49,selected_50
618,4,50,21,-125.5168,-344.6568,566.6832,-46.9818,2.0056,1.6501,0.6465,481.5311,50,HoodImpact_600_EuroNCAP,250,50,selected_50
619,4,51,21,214.2609,-244.6568,667.4778,53.8128,2.0056,-0.5309,0.0000,582.9722,51,HoodImpact_1104_EuroNCAP_Remaining,369,1,remaining_92
620,4,52,21,-219.4391,655.3432,534.7853,-78.8797,2.0056,1.6507,1.9682,448.3115,52,HoodImpact_1104_EuroNCAP_Remaining,370,2,remaining_92
621,4,53,21,-23.5365,55.3432,631.6003,17.9353,2.0056,0.9876,0.0000,547.0947,53,HoodImpact_1104_EuroNCAP_Remaining,371,3,remaining_92
622,4,54,21,179.9834,-44.6568,671.5130,57.8480,2.0056,-0.5985,0.0000,587.0074,54,HoodImpact_1104_EuroNCAP_Remaining,372,4,remaining_92
623,4,55,21,116.1159,555.3432,647.2047,33.5397,2.0056,0.0323,0.0000,562.6990,55,HoodImpact_1104_EuroNCAP_Remaining,373,5,remaining_92
624,4,56,21,489.1986,-144.6568,713.8458,100.1808,2.0056,-1.4472,0.0000,629.3402,56,HoodImpact_1104_EuroNCAP_Remaining,374,6,remaining_92
625,4,57,21,-286.1735,-144.6568,530.5677,-83.0973,2.0056,1.6503,2.1715,443.8906,57,HoodImpact_1104_EuroNCAP_Remaining,375,7,remaining_92
626,4,58,21,81.9348,355.3432,651.1857,37.5207,2.0056,-0.1495,0.0000,566.6800,58,HoodImpact_1104_EuroNCAP_Remaining,376,8,remaining_92
627,4,59,21,588.7217,455.3432,724.1583,110.4933,2.0056,-1.7530,0.0000,639.6526,59,HoodImpact_1104_EuroNCAP_Remaining,377,9,remaining_92
628,4,60,21,-298.3486,355.3432,533.4384,-80.2266,2.0056,1.6505,2.3138,446.6190,60,HoodImpact_1104_EuroNCAP_Remaining,378,10,remaining_92
629,4,61,21,-15.1327,-44.6568,626.5973,12.9323,2.0056,1.1313,0.0000,542.0916,61,HoodImpact_1104_EuroNCAP_Remaining,379,11,remaining_92
630,4,62,21,267.4594,155.3432,691.7349,78.0699,2.0056,-1.3393,0.0000,607.2293,62,HoodImpact_1104_EuroNCAP_Remaining,380,12,remaining_92
631,4,63,21,680.4156,855.3432,714.7480,101.0830,2.0056,-1.7868,0.0000,630.2424,63,HoodImpact_1104_EuroNCAP_Remaining,381,13,remaining_92
632,4,64,21,680.2686,-544.6568,714.7103,101.0453,2.0056,-1.8029,0.0000,630.2047,64,HoodImpact_1104_EuroNCAP_Remaining,382,14,remaining_92
633,4,65,21,610.4081,-244.6568,723.4337,109.7687,2.0056,-1.7679,0.0000,638.9281,65,HoodImpact_1104_EuroNCAP_Remaining,383,15,remaining_92
634,4,66,21,610.3450,555.3432,723.4282,109.7632,2.0056,-1.7380,0.0000,638.9225,66,HoodImpact_1104_EuroNCAP_Remaining,384,16,remaining_92
635,4,67,21,568.4976,55.3432,725.5590,111.8940,2.0056,-1.8642,0.0000,641.0533,67,HoodImpact_1104_EuroNCAP_Remaining,385,17,remaining_92
636,4,68,21,568.4800,255.3432,725.5573,111.8923,2.0056,-1.8633,0.0000,641.0517,68,HoodImpact_1104_EuroNCAP_Remaining,386,18,remaining_92
637,4,69,21,477.0333,355.3432,714.8004,101.1354,2.0056,-1.6110,0.0000,630.2947,69,HoodImpact_1104_EuroNCAP_Remaining,387,19,remaining_92
638,4,70,21,588.7204,-144.6568,724.1581,110.4931,2.0056,-1.7503,0.0000,639.6525,70,HoodImpact_1104_EuroNCAP_Remaining,388,20,remaining_92
639,4,71,21,457.2813,755.3432,685.3132,71.6482,2.0056,-0.8417,0.0000,600.8075,71,HoodImpact_1104_EuroNCAP_Remaining,389,21,remaining_92
640,4,72,21,457.2813,-444.6568,685.3131,71.6481,2.0056,-0.8417,0.0000,600.8075,72,HoodImpact_1104_EuroNCAP_Remaining,390,22,remaining_92
641,4,73,21,369.5754,255.3432,704.2684,90.6034,2.0056,-1.3772,0.0000,619.7628,73,HoodImpact_1104_EuroNCAP_Remaining,391,23,remaining_92
642,4,74,21,580.8567,855.3432,705.3987,91.7337,2.0056,-1.7095,0.0000,620.8930,74,HoodImpact_1104_EuroNCAP_Remaining,392,24,remaining_92
643,4,75,21,580.7079,-544.6568,705.3832,91.7182,2.0056,-1.7052,0.0000,620.8775,75,HoodImpact_1104_EuroNCAP_Remaining,393,25,remaining_92
644,4,76,21,557.6210,655.3432,713.4521,99.7871,2.0056,-1.4439,0.0000,628.9465,76,HoodImpact_1104_EuroNCAP_Remaining,394,26,remaining_92
645,4,77,21,557.2657,-344.6568,713.4169,99.7519,2.0056,-1.3327,0.0000,628.9113,77,HoodImpact_1104_EuroNCAP_Remaining,395,27,remaining_92
646,4,78,21,477.0283,-44.6568,714.7998,101.1348,2.0056,-1.6117,0.0000,630.2941,78,HoodImpact_1104_EuroNCAP_Remaining,396,28,remaining_92
647,4,79,21,489.1998,455.3432,713.8463,100.1813,2.0056,-1.4375,0.0000,629.3407,79,HoodImpact_1104_EuroNCAP_Remaining,397,29,remaining_92
648,4,80,21,411.6493,-244.6568,700.5696,86.9046,2.0056,-1.1870,0.0000,616.0640,80,HoodImpact_1104_EuroNCAP_Remaining,398,30,remaining_92
649,4,81,21,369.5929,55.3432,704.2706,90.6056,2.0056,-1.3779,0.0000,619.7649,81,HoodImpact_1104_EuroNCAP_Remaining,399,31,remaining_92
650,4,82,21,377.7139,355.3432,702.6037,88.9387,2.0056,-1.5784,0.0000,618.0981,82,HoodImpact_1104_EuroNCAP_Remaining,400,32,remaining_92
651,4,83,21,389.9580,-144.6568,701.0041,87.3391,2.0056,-1.4466,0.0000,616.4985,83,HoodImpact_1104_EuroNCAP_Remaining,401,33,remaining_92
652,4,84,21,291.0185,455.3432,686.0697,72.4047,2.0056,-0.8866,0.0000,601.5641,84,HoodImpact_1104_EuroNCAP_Remaining,402,34,remaining_92
653,4,85,21,411.5864,555.3432,700.5619,86.8969,2.0056,-1.1455,0.0000,616.0563,85,HoodImpact_1104_EuroNCAP_Remaining,403,35,remaining_92
654,4,86,21,655.4782,755.3432,711.5162,97.8512,2.0056,-0.0407,0.0000,627.0105,86,HoodImpact_1104_EuroNCAP_Remaining,404,36,remaining_92
655,4,87,21,382.3621,855.3432,681.0093,67.3443,2.0056,-1.1609,0.0000,596.5037,87,HoodImpact_1104_EuroNCAP_Remaining,405,37,remaining_92
656,4,88,21,382.2140,-544.6568,680.9879,67.3229,2.0056,-1.1609,0.0000,596.4823,88,HoodImpact_1104_EuroNCAP_Remaining,406,38,remaining_92
657,4,89,21,655.4760,-444.6568,711.5155,97.8505,2.0056,-0.0621,0.0000,627.0098,89,HoodImpact_1104_EuroNCAP_Remaining,407,39,remaining_92
658,4,90,21,171.7092,55.3432,674.6993,61.0343,2.0056,-1.0446,0.0000,590.1937,90,HoodImpact_1104_EuroNCAP_Remaining,408,40,remaining_92
659,4,91,21,270.4494,255.3432,690.7000,77.0350,2.0056,-1.2893,0.0000,606.1944,91,HoodImpact_1104_EuroNCAP_Remaining,409,41,remaining_92
660,4,92,21,278.6578,-44.6568,688.3476,74.6826,2.0056,-1.0926,0.0000,603.8420,92,HoodImpact_1104_EuroNCAP_Remaining,410,42,remaining_92
661,4,93,21,312.7848,-244.6568,685.0256,71.3606,2.0056,-0.8827,0.0000,600.5200,93,HoodImpact_1104_EuroNCAP_Remaining,411,43,remaining_92
662,4,94,21,258.5349,-444.6568,663.1984,49.5334,2.0056,-0.7400,0.0000,578.6927,94,HoodImpact_1104_EuroNCAP_Remaining,412,44,remaining_92
663,4,95,21,258.5295,755.3432,663.2350,49.5700,2.0056,-0.7665,0.0000,578.7293,95,HoodImpact_1104_EuroNCAP_Remaining,413,45,remaining_92
664,4,96,21,359.2979,655.3432,687.8595,74.1945,2.0056,-0.4450,0.0000,603.3539,96,HoodImpact_1104_EuroNCAP_Remaining,414,46,remaining_92
665,4,97,21,358.9454,-344.6568,687.8040,74.1390,2.0056,-0.4448,0.0000,603.2984,97,HoodImpact_1104_EuroNCAP_Remaining,415,47,remaining_92
666,4,98,21,185.2867,855.3432,647.1045,33.4395,2.0056,-0.2806,0.0000,562.5989,98,HoodImpact_1104_EuroNCAP_Remaining,416,48,remaining_92
667,4,99,21,185.1405,-544.6568,647.0732,33.4082,2.0056,-0.2140,0.0000,562.5676,99,HoodImpact_1104_EuroNCAP_Remaining,417,49,remaining_92
668,4,100,21,116.1776,-244.6568,647.2185,33.5535,2.0056,0.0661,0.0000,562.7129,100,HoodImpact_1104_EuroNCAP_Remaining,418,50,remaining_92
669,4,101,21,214.1987,555.3432,667.4621,53.7971,2.0056,-0.4645,0.0000,582.9565,101,HoodImpact_1104_EuroNCAP_Remaining,419,51,remaining_92
670,4,102,21,179.9884,355.3432,671.5140,57.8490,2.0056,-0.6140,0.0000,587.0084,102,HoodImpact_1104_EuroNCAP_Remaining,420,52,remaining_92
671,4,103,21,192.4299,455.3432,668.7207,55.0557,2.0056,-0.5060,0.0000,584.2151,103,HoodImpact_1104_EuroNCAP_Remaining,421,53,remaining_92
672,4,104,21,62.7183,755.3432,622.9677,9.3027,2.0056,0.5220,0.0000,538.4621,104,HoodImpact_1104_EuroNCAP_Remaining,422,54,remaining_92
673,4,105,21,-2.7445,455.3432,623.2372,9.5722,2.0056,1.0928,0.0000,538.7316,105,HoodImpact_1104_EuroNCAP_Remaining,423,55,remaining_92
674,4,106,21,73.5620,255.3432,655.3103,41.6453,2.0056,-0.3246,0.0000,570.8046,106,HoodImpact_1104_EuroNCAP_Remaining,424,56,remaining_92
675,4,107,21,163.2816,655.3432,650.6225,36.9575,2.0056,1.6501,1.0432,565.0737,107,HoodImpact_1104_EuroNCAP_Remaining,425,57,remaining_92
676,4,108,21,162.9343,-344.6568,650.5174,36.8524,2.0056,1.6501,1.0202,564.9915,108,HoodImpact_1104_EuroNCAP_Remaining,426,58,remaining_92
677,4,109,21,62.7184,-444.6568,622.9668,9.3018,2.0056,0.5103,0.0000,538.4612,109,HoodImpact_1104_EuroNCAP_Remaining,427,59,remaining_92
678,4,110,21,18.8582,-244.6568,623.3494,9.6844,2.0056,0.7760,0.0000,538.8437,110,HoodImpact_1104_EuroNCAP_Remaining,428,60,remaining_92
679,4,111,21,18.7971,555.3432,623.3327,9.6677,2.0056,0.8618,0.0000,538.8271,111,HoodImpact_1104_EuroNCAP_Remaining,429,61,remaining_92
680,4,112,21,-29.4757,655.3432,601.3364,-12.3286,2.0056,1.6505,6.4022,510.4286,112,HoodImpact_1104_EuroNCAP_Remaining,430,62,remaining_92
681,4,113,21,-98.5662,-144.6568,594.8787,-18.7863,2.0056,1.6508,0.3469,510.0262,113,HoodImpact_1104_EuroNCAP_Remaining,431,63,remaining_92
682,4,114,21,-119.2835,55.3432,603.5417,-10.1233,2.0056,1.6503,0.2577,518.7784,114,HoodImpact_1104_EuroNCAP_Remaining,432,64,remaining_92
683,4,115,21,-119.3001,255.3432,603.5718,-10.0932,2.0056,1.6503,0.2906,518.7756,115,HoodImpact_1104_EuroNCAP_Remaining,433,65,remaining_92
684,4,116,21,-15.1278,355.3432,626.5986,12.9336,2.0056,1.1288,0.0000,542.0930,116,HoodImpact_1104_EuroNCAP_Remaining,434,66,remaining_92
685,4,117,21,-29.8161,-344.6568,601.2312,-12.4338,2.0056,1.6505,6.4027,510.3229,117,HoodImpact_1104_EuroNCAP_Remaining,435,67,remaining_92
686,4,118,21,-33.5019,755.3432,595.7717,-17.8933,2.0056,1.5880,0.0000,511.2661,118,HoodImpact_1104_EuroNCAP_Remaining,436,68,remaining_92
687,4,119,21,-128.1312,-444.6568,565.0961,-48.5689,2.0056,1.6502,1.6083,478.9822,119,HoodImpact_1104_EuroNCAP_Remaining,437,69,remaining_92
688,4,120,21,-98.5645,455.3432,594.7593,-18.9057,2.0056,1.6509,0.2249,510.0287,120,HoodImpact_1104_EuroNCAP_Remaining,438,70,remaining_92
689,4,121,21,-110.8401,-44.6568,598.1106,-15.5544,2.0056,1.6501,0.2402,513.3648,121,HoodImpact_1104_EuroNCAP_Remaining,439,71,remaining_92
690,4,122,21,-125.1790,655.3432,566.7915,-46.8735,2.0056,1.6501,0.6446,481.6413,122,HoodImpact_1104_EuroNCAP_Remaining,440,72,remaining_92
691,4,123,21,-219.7703,-344.6568,534.6976,-78.9674,2.0056,1.6502,2.0098,448.1822,123,HoodImpact_1104_EuroNCAP_Remaining,441,73,remaining_92
692,4,124,21,-172.0244,555.3432,565.5581,-48.1069,2.0056,1.6502,0.8273,480.2251,124,HoodImpact_1104_EuroNCAP_Remaining,442,74,remaining_92
693,4,125,21,-171.9654,-244.6568,565.5786,-48.0864,2.0056,1.6502,0.8329,480.2401,125,HoodImpact_1104_EuroNCAP_Remaining,443,75,remaining_92
694,4,126,21,-286.1733,455.3432,530.4940,-83.1710,2.0056,1.6502,2.0969,443.8915,126,HoodImpact_1104_EuroNCAP_Remaining,444,76,remaining_92
695,4,127,21,-193.0224,-144.6568,564.0736,-49.5914,2.0056,1.6502,1.2053,478.3626,127,HoodImpact_1104_EuroNCAP_Remaining,445,77,remaining_92
696,4,128,21,-205.2019,355.3432,567.2943,-46.3707,2.0056,1.6501,1.3663,481.4224,128,HoodImpact_1104_EuroNCAP_Remaining,446,78,remaining_92
697,4,129,21,-298.3532,-44.6568,533.4137,-80.2513,2.0056,1.6504,2.2928,446.6153,129,HoodImpact_1104_EuroNCAP_Remaining,447,79,remaining_92
698,4,130,21,-213.6607,55.3432,572.5107,-41.1543,2.0056,1.6502,1.6154,486.3897,130,HoodImpact_1104_EuroNCAP_Remaining,448,80,remaining_92
699,4,131,21,-213.6773,255.3432,572.5070,-41.1580,2.0056,1.6502,1.6169,486.3845,131,HoodImpact_1104_EuroNCAP_Remaining,449,81,remaining_92
700,4,132,21,-310.2512,155.3432,539.7429,-73.9221,2.0056,1.6501,2.7680,452.4693,132,HoodImpact_1104_EuroNCAP_Remaining,450,82,remaining_92
701,4,133,21,-26.9038,155.3432,634.8376,21.1726,2.0056,0.6373,0.0000,550.3320,133,HoodImpact_1104_EuroNCAP_Remaining,451,83,remaining_92
702,4,134,21,168.6219,155.3432,676.5526,62.8876,2.0056,-0.9044,0.0000,592.0470,134,HoodImpact_1104_EuroNCAP_Remaining,452,84,remaining_92
703,4,135,21,465.9969,155.3432,715.7879,102.1229,2.0056,-1.5995,0.0000,631.2822,135,HoodImpact_1104_EuroNCAP_Remaining,453,85,remaining_92
704,4,136,21,81.9298,-44.6568,651.1845,37.5195,2.0056,-0.1469,0.0000,566.6789,136,HoodImpact_1104_EuroNCAP_Remaining,454,86,remaining_92
705,4,137,21,94.3878,-144.6568,648.0210,34.3560,2.0056,0.1341,0.0000,563.5154,137,HoodImpact_1104_EuroNCAP_Remaining,455,87,remaining_92
706,4,138,21,192.4285,-144.6568,668.7194,55.0544,2.0056,-0.4268,0.0000,584.2138,138,HoodImpact_1104_EuroNCAP_Remaining,456,88,remaining_92
707,4,139,21,73.5793,55.3432,655.3133,41.6483,2.0056,-0.4195,0.0000,570.8076,139,HoodImpact_1104_EuroNCAP_Remaining,457,89,remaining_92
708,4,140,21,366.6202,155.3432,704.6502,90.9852,2.0056,-1.4877,0.0000,620.1446,140,HoodImpact_1104_EuroNCAP_Remaining,458,90,remaining_92
709,4,141,21,70.3669,155.3432,657.9909,44.3259,2.0056,-0.2443,0.0000,573.4852,141,HoodImpact_1104_EuroNCAP_Remaining,459,91,remaining_92
710,4,142,21,-122.8083,155.3432,606.7929,-6.8721,2.0056,1.6506,0.2425,522.0447,142,HoodImpact_1104_EuroNCAP_Remaining,460,92,remaining_92
711,5,1,26,780.1084,855.3432,722.5654,108.9004,2.0056,-1.8514,0.0000,638.0598,1,HoodImpact_600_EuroNCAP,251,1,selected_50
712,5,2,26,779.9595,-544.6568,722.5528,108.8878,2.0056,-1.8503,0.0000,638.0471,2,HoodImpact_600_EuroNCAP,252,2,selected_50
713,5,3,26,160.1135,755.3432,645.6073,31.9423,2.0056,-0.3051,0.0000,561.1017,3,HoodImpact_600_EuroNCAP,253,3,selected_50
714,5,4,26,-265.2894,555.3432,532.5472,-81.1178,2.0056,1.6503,2.1198,445.9217,4,HoodImpact_600_EuroNCAP,254,4,selected_50
715,5,5,26,283.4247,-544.6568,665.4919,51.8269,2.0056,-0.7811,0.0000,580.9863,5,HoodImpact_600_EuroNCAP,255,5,selected_50
716,5,6,26,-265.2296,-244.6568,532.5910,-81.0740,2.0056,1.6503,2.1494,445.9359,6,HoodImpact_600_EuroNCAP,256,6,selected_50
717,5,7,26,510.8000,555.3432,713.6623,99.9973,2.0056,-1.4840,0.0000,629.1566,7,HoodImpact_600_EuroNCAP,257,7,selected_50
718,5,8,26,510.8630,-244.6568,713.6704,100.0054,2.0056,-1.4560,0.0000,629.1647,8,HoodImpact_600_EuroNCAP,258,8,selected_50
719,5,9,26,94.3893,455.3432,648.0213,34.3563,2.0056,0.1922,0.0000,563.5157,9,HoodImpact_600_EuroNCAP,259,9,selected_50
720,5,10,26,-33.5021,-444.6568,595.7718,-17.8932,2.0056,1.5817,0.0000,511.2662,10,HoodImpact_600_EuroNCAP,260,10,selected_50
721,5,11,26,481.4907,855.3432,694.1675,80.5025,2.0056,-1.5248,0.0000,609.6619,11,HoodImpact_600_EuroNCAP,261,11,selected_50
722,5,12,26,-128.1311,755.3432,565.0968,-48.5682,2.0056,1.6502,1.6090,478.9822,12,HoodImpact_600_EuroNCAP,262,12,selected_50
723,5,13,26,-306.7720,255.3432,537.0431,-76.6219,2.0056,1.6502,2.5408,449.9967,13,HoodImpact_600_EuroNCAP,263,13,selected_50
724,5,14,26,576.5633,355.3432,724.9944,111.3294,2.0056,-1.8300,0.0000,640.4887,14,HoodImpact_600_EuroNCAP,264,14,selected_50
725,5,15,26,576.5583,-44.6568,724.9937,111.3287,2.0056,-1.8296,0.0000,640.4881,15,HoodImpact_600_EuroNCAP,265,15,selected_50
726,5,16,26,278.6628,355.3432,688.3484,74.6834,2.0056,-1.0774,0.0000,603.8428,16,HoodImpact_600_EuroNCAP,266,16,selected_50
727,5,17,26,-205.2068,-44.6568,567.2786,-46.3864,2.0056,1.6501,1.3522,481.4208,17,HoodImpact_600_EuroNCAP,267,17,selected_50
728,5,18,26,556.6869,-444.6568,696.0199,82.3549,2.0056,0.8049,0.0000,611.5143,18,HoodImpact_600_EuroNCAP,268,18,selected_50
729,5,19,26,260.5862,-344.6568,670.4154,56.7504,2.0056,0.7042,0.0000,585.9098,19,HoodImpact_600_EuroNCAP,269,19,selected_50
730,5,20,26,-110.8354,355.3432,598.0917,-15.5733,2.0056,1.6501,0.2198,513.3663,20,HoodImpact_600_EuroNCAP,270,20,selected_50
731,5,21,26,377.7089,-44.6568,702.6031,88.9381,2.0056,-1.5787,0.0000,618.0974,21,HoodImpact_600_EuroNCAP,271,21,selected_50
732,5,22,26,312.7224,555.3432,685.0142,71.3492,2.0056,-0.8425,0.0000,600.5085,22,HoodImpact_600_EuroNCAP,272,22,selected_50
733,5,23,26,-77.2524,-244.6568,595.6218,-18.0432,2.0056,1.5968,0.0000,511.1162,23,HoodImpact_600_EuroNCAP,273,23,selected_50
734,5,24,26,-77.3130,555.3432,595.6008,-18.0642,2.0056,1.5586,0.0000,511.0952,24,HoodImpact_600_EuroNCAP,274,24,selected_50
735,5,25,26,657.1662,655.3432,722.9742,109.3092,2.0056,-1.5653,0.0000,638.4685,25,HoodImpact_600_EuroNCAP,275,25,selected_50
736,5,26,26,565.5359,155.3432,725.3718,111.7068,2.0056,-1.6729,0.0000,640.8661,26,HoodImpact_600_EuroNCAP,276,26,selected_50
737,5,27,26,357.7544,755.3432,675.6093,61.9443,2.0056,-0.7090,0.0000,591.1036,27,HoodImpact_600_EuroNCAP,277,27,selected_50
738,5,28,26,270.4669,55.3432,690.7022,77.0372,2.0056,-1.2638,0.0000,606.1966,28,HoodImpact_600_EuroNCAP,278,28,selected_50
739,5,29,26,-306.7556,55.3432,537.0754,-76.5896,2.0056,1.6502,2.5664,450.0034,29,HoodImpact_600_EuroNCAP,279,29,selected_50
740,5,30,26,160.1126,-444.6568,645.6116,31.9466,2.0056,-0.3600,0.0000,561.1059,30,HoodImpact_600_EuroNCAP,280,30,selected_50
741,5,31,26,656.8107,-344.6568,722.9409,109.2759,2.0056,-1.5690,0.0000,638.4353,31,HoodImpact_600_EuroNCAP,281,31,selected_50
742,5,32,26,66.2616,-344.6568,628.5955,14.9305,2.0056,1.6506,4.8762,539.2137,32,HoodImpact_600_EuroNCAP,282,32,selected_50
743,5,33,26,66.6051,655.3432,628.6778,15.0128,2.0056,1.6505,4.8528,539.3194,33,HoodImpact_600_EuroNCAP,283,33,selected_50
744,5,34,26,291.0172,-144.6568,686.0701,72.4051,2.0056,-0.9182,0.0000,601.5645,34,HoodImpact_600_EuroNCAP,284,34,selected_50
745,5,35,26,171.6919,255.3432,674.6970,61.0320,2.0056,-0.9669,0.0000,590.1914,35,HoodImpact_600_EuroNCAP,285,35,selected_50
746,5,36,26,389.9592,455.3432,701.0041,87.3391,2.0056,-1.3345,0.0000,616.4985,36,HoodImpact_600_EuroNCAP,286,36,selected_50
747,5,37,26,-23.5537,255.3432,631.5955,17.9305,2.0056,0.9926,0.0000,547.0899,37,HoodImpact_600_EuroNCAP,287,37,selected_50
748,5,38,26,481.3422,-544.6568,694.1494,80.4844,2.0056,-1.5308,0.0000,609.6437,38,HoodImpact_600_EuroNCAP,288,38,selected_50
749,5,39,26,556.6876,755.3432,696.0364,82.3714,2.0056,0.8348,0.0000,611.5308,39,HoodImpact_600_EuroNCAP,289,39,selected_50
750,5,40,26,-2.7459,-144.6568,623.2369,9.5719,2.0056,1.1163,0.0000,538.7313,40,HoodImpact_600_EuroNCAP,290,40,selected_50
751,5,41,26,357.7543,-444.6568,675.6092,61.9442,2.0056,-0.7091,0.0000,591.1036,41,HoodImpact_600_EuroNCAP,291,41,selected_50
752,5,42,26,283.5723,855.3432,665.5166,51.8516,2.0056,-0.9840,0.0000,581.0110,42,HoodImpact_600_EuroNCAP,292,42,selected_50
753,5,43,26,-193.0211,455.3432,563.8417,-49.8233,2.0056,1.6503,0.9693,478.3668,43,HoodImpact_600_EuroNCAP,293,43,selected_50
754,5,44,26,468.9423,255.3432,715.8329,102.1679,2.0056,-1.7564,0.0000,631.3273,44,HoodImpact_600_EuroNCAP,294,44,selected_50
755,5,45,26,-217.2723,155.3432,575.3034,-38.3616,2.0056,1.6502,1.5384,489.2593,45,HoodImpact_600_EuroNCAP,295,45,selected_50
756,5,46,26,468.9599,55.3432,715.8347,102.1697,2.0056,-1.7566,0.0000,631.3291,46,HoodImpact_600_EuroNCAP,296,46,selected_50
757,5,47,26,457.9314,-344.6568,701.9258,88.2608,2.0056,-0.9385,0.0000,617.4202,47,HoodImpact_600_EuroNCAP,297,47,selected_50
758,5,48,26,458.2863,655.3432,701.9652,88.3002,2.0056,-1.1187,0.0000,617.4596,48,HoodImpact_600_EuroNCAP,298,48,selected_50
759,5,49,26,260.9358,655.3432,670.4820,56.8170,2.0056,0.6857,0.0000,585.9764,49,HoodImpact_600_EuroNCAP,299,49,selected_50
760,5,50,26,-125.5168,-344.6568,566.6832,-46.9818,2.0056,1.6501,0.6465,481.5311,50,HoodImpact_600_EuroNCAP,300,50,selected_50
761,5,51,26,214.2609,-244.6568,667.4778,53.8128,2.0056,-0.5309,0.0000,582.9722,51,HoodImpact_1104_EuroNCAP_Remaining,461,1,remaining_92
762,5,52,26,-219.4391,655.3432,534.7853,-78.8797,2.0056,1.6507,1.9682,448.3115,52,HoodImpact_1104_EuroNCAP_Remaining,462,2,remaining_92
763,5,53,26,-23.5365,55.3432,631.6003,17.9353,2.0056,0.9876,0.0000,547.0947,53,HoodImpact_1104_EuroNCAP_Remaining,463,3,remaining_92
764,5,54,26,179.9834,-44.6568,671.5130,57.8480,2.0056,-0.5985,0.0000,587.0074,54,HoodImpact_1104_EuroNCAP_Remaining,464,4,remaining_92
765,5,55,26,116.1159,555.3432,647.2047,33.5397,2.0056,0.0323,0.0000,562.6990,55,HoodImpact_1104_EuroNCAP_Remaining,465,5,remaining_92
766,5,56,26,489.1986,-144.6568,713.8458,100.1808,2.0056,-1.4472,0.0000,629.3402,56,HoodImpact_1104_EuroNCAP_Remaining,466,6,remaining_92
767,5,57,26,-286.1735,-144.6568,530.5677,-83.0973,2.0056,1.6503,2.1715,443.8906,57,HoodImpact_1104_EuroNCAP_Remaining,467,7,remaining_92
768,5,58,26,81.9348,355.3432,651.1857,37.5207,2.0056,-0.1495,0.0000,566.6800,58,HoodImpact_1104_EuroNCAP_Remaining,468,8,remaining_92
769,5,59,26,588.7217,455.3432,724.1583,110.4933,2.0056,-1.7530,0.0000,639.6526,59,HoodImpact_1104_EuroNCAP_Remaining,469,9,remaining_92
770,5,60,26,-298.3486,355.3432,533.4384,-80.2266,2.0056,1.6505,2.3138,446.6190,60,HoodImpact_1104_EuroNCAP_Remaining,470,10,remaining_92
771,5,61,26,-15.1327,-44.6568,626.5973,12.9323,2.0056,1.1313,0.0000,542.0916,61,HoodImpact_1104_EuroNCAP_Remaining,471,11,remaining_92
772,5,62,26,267.4594,155.3432,691.7349,78.0699,2.0056,-1.3393,0.0000,607.2293,62,HoodImpact_1104_EuroNCAP_Remaining,472,12,remaining_92
773,5,63,26,680.4156,855.3432,714.7480,101.0830,2.0056,-1.7868,0.0000,630.2424,63,HoodImpact_1104_EuroNCAP_Remaining,473,13,remaining_92
774,5,64,26,680.2686,-544.6568,714.7103,101.0453,2.0056,-1.8029,0.0000,630.2047,64,HoodImpact_1104_EuroNCAP_Remaining,474,14,remaining_92
775,5,65,26,610.4081,-244.6568,723.4337,109.7687,2.0056,-1.7679,0.0000,638.9281,65,HoodImpact_1104_EuroNCAP_Remaining,475,15,remaining_92
776,5,66,26,610.3450,555.3432,723.4282,109.7632,2.0056,-1.7380,0.0000,638.9225,66,HoodImpact_1104_EuroNCAP_Remaining,476,16,remaining_92
777,5,67,26,568.4976,55.3432,725.5590,111.8940,2.0056,-1.8642,0.0000,641.0533,67,HoodImpact_1104_EuroNCAP_Remaining,477,17,remaining_92
778,5,68,26,568.4800,255.3432,725.5573,111.8923,2.0056,-1.8633,0.0000,641.0517,68,HoodImpact_1104_EuroNCAP_Remaining,478,18,remaining_92
779,5,69,26,477.0333,355.3432,714.8004,101.1354,2.0056,-1.6110,0.0000,630.2947,69,HoodImpact_1104_EuroNCAP_Remaining,479,19,remaining_92
780,5,70,26,588.7204,-144.6568,724.1581,110.4931,2.0056,-1.7503,0.0000,639.6525,70,HoodImpact_1104_EuroNCAP_Remaining,480,20,remaining_92
781,5,71,26,457.2813,755.3432,685.3132,71.6482,2.0056,-0.8417,0.0000,600.8075,71,HoodImpact_1104_EuroNCAP_Remaining,481,21,remaining_92
782,5,72,26,457.2813,-444.6568,685.3131,71.6481,2.0056,-0.8417,0.0000,600.8075,72,HoodImpact_1104_EuroNCAP_Remaining,482,22,remaining_92
783,5,73,26,369.5754,255.3432,704.2684,90.6034,2.0056,-1.3772,0.0000,619.7628,73,HoodImpact_1104_EuroNCAP_Remaining,483,23,remaining_92
784,5,74,26,580.8567,855.3432,705.3987,91.7337,2.0056,-1.7095,0.0000,620.8930,74,HoodImpact_1104_EuroNCAP_Remaining,484,24,remaining_92
785,5,75,26,580.7079,-544.6568,705.3832,91.7182,2.0056,-1.7052,0.0000,620.8775,75,HoodImpact_1104_EuroNCAP_Remaining,485,25,remaining_92
786,5,76,26,557.6210,655.3432,713.4521,99.7871,2.0056,-1.4439,0.0000,628.9465,76,HoodImpact_1104_EuroNCAP_Remaining,486,26,remaining_92
787,5,77,26,557.2657,-344.6568,713.4169,99.7519,2.0056,-1.3327,0.0000,628.9113,77,HoodImpact_1104_EuroNCAP_Remaining,487,27,remaining_92
788,5,78,26,477.0283,-44.6568,714.7998,101.1348,2.0056,-1.6117,0.0000,630.2941,78,HoodImpact_1104_EuroNCAP_Remaining,488,28,remaining_92
789,5,79,26,489.1998,455.3432,713.8463,100.1813,2.0056,-1.4375,0.0000,629.3407,79,HoodImpact_1104_EuroNCAP_Remaining,489,29,remaining_92
790,5,80,26,411.6493,-244.6568,700.5696,86.9046,2.0056,-1.1870,0.0000,616.0640,80,HoodImpact_1104_EuroNCAP_Remaining,490,30,remaining_92
791,5,81,26,369.5929,55.3432,704.2706,90.6056,2.0056,-1.3779,0.0000,619.7649,81,HoodImpact_1104_EuroNCAP_Remaining,491,31,remaining_92
792,5,82,26,377.7139,355.3432,702.6037,88.9387,2.0056,-1.5784,0.0000,618.0981,82,HoodImpact_1104_EuroNCAP_Remaining,492,32,remaining_92
793,5,83,26,389.9580,-144.6568,701.0041,87.3391,2.0056,-1.4466,0.0000,616.4985,83,HoodImpact_1104_EuroNCAP_Remaining,493,33,remaining_92
794,5,84,26,291.0185,455.3432,686.0697,72.4047,2.0056,-0.8866,0.0000,601.5641,84,HoodImpact_1104_EuroNCAP_Remaining,494,34,remaining_92
795,5,85,26,411.5864,555.3432,700.5619,86.8969,2.0056,-1.1455,0.0000,616.0563,85,HoodImpact_1104_EuroNCAP_Remaining,495,35,remaining_92
796,5,86,26,655.4782,755.3432,711.5162,97.8512,2.0056,-0.0407,0.0000,627.0105,86,HoodImpact_1104_EuroNCAP_Remaining,496,36,remaining_92
797,5,87,26,382.3621,855.3432,681.0093,67.3443,2.0056,-1.1609,0.0000,596.5037,87,HoodImpact_1104_EuroNCAP_Remaining,497,37,remaining_92
798,5,88,26,382.2140,-544.6568,680.9879,67.3229,2.0056,-1.1609,0.0000,596.4823,88,HoodImpact_1104_EuroNCAP_Remaining,498,38,remaining_92
799,5,89,26,655.4760,-444.6568,711.5155,97.8505,2.0056,-0.0621,0.0000,627.0098,89,HoodImpact_1104_EuroNCAP_Remaining,499,39,remaining_92
800,5,90,26,171.7092,55.3432,674.6993,61.0343,2.0056,-1.0446,0.0000,590.1937,90,HoodImpact_1104_EuroNCAP_Remaining,500,40,remaining_92
801,5,91,26,270.4494,255.3432,690.7000,77.0350,2.0056,-1.2893,0.0000,606.1944,91,HoodImpact_1104_EuroNCAP_Remaining,501,41,remaining_92
802,5,92,26,278.6578,-44.6568,688.3476,74.6826,2.0056,-1.0926,0.0000,603.8420,92,HoodImpact_1104_EuroNCAP_Remaining,502,42,remaining_92
803,5,93,26,312.7848,-244.6568,685.0256,71.3606,2.0056,-0.8827,0.0000,600.5200,93,HoodImpact_1104_EuroNCAP_Remaining,503,43,remaining_92
804,5,94,26,258.5349,-444.6568,663.1984,49.5334,2.0056,-0.7400,0.0000,578.6927,94,HoodImpact_1104_EuroNCAP_Remaining,504,44,remaining_92
805,5,95,26,258.5295,755.3432,663.2350,49.5700,2.0056,-0.7665,0.0000,578.7293,95,HoodImpact_1104_EuroNCAP_Remaining,505,45,remaining_92
806,5,96,26,359.2979,655.3432,687.8595,74.1945,2.0056,-0.4450,0.0000,603.3539,96,HoodImpact_1104_EuroNCAP_Remaining,506,46,remaining_92
807,5,97,26,358.9454,-344.6568,687.8040,74.1390,2.0056,-0.4448,0.0000,603.2984,97,HoodImpact_1104_EuroNCAP_Remaining,507,47,remaining_92
808,5,98,26,185.2867,855.3432,647.1045,33.4395,2.0056,-0.2806,0.0000,562.5989,98,HoodImpact_1104_EuroNCAP_Remaining,508,48,remaining_92
809,5,99,26,185.1405,-544.6568,647.0732,33.4082,2.0056,-0.2140,0.0000,562.5676,99,HoodImpact_1104_EuroNCAP_Remaining,509,49,remaining_92
810,5,100,26,116.1776,-244.6568,647.2185,33.5535,2.0056,0.0661,0.0000,562.7129,100,HoodImpact_1104_EuroNCAP_Remaining,510,50,remaining_92
811,5,101,26,214.1987,555.3432,667.4621,53.7971,2.0056,-0.4645,0.0000,582.9565,101,HoodImpact_1104_EuroNCAP_Remaining,511,51,remaining_92
812,5,102,26,179.9884,355.3432,671.5140,57.8490,2.0056,-0.6140,0.0000,587.0084,102,HoodImpact_1104_EuroNCAP_Remaining,512,52,remaining_92
813,5,103,26,192.4299,455.3432,668.7207,55.0557,2.0056,-0.5060,0.0000,584.2151,103,HoodImpact_1104_EuroNCAP_Remaining,513,53,remaining_92
814,5,104,26,62.7183,755.3432,622.9677,9.3027,2.0056,0.5220,0.0000,538.4621,104,HoodImpact_1104_EuroNCAP_Remaining,514,54,remaining_92
815,5,105,26,-2.7445,455.3432,623.2372,9.5722,2.0056,1.0928,0.0000,538.7316,105,HoodImpact_1104_EuroNCAP_Remaining,515,55,remaining_92
816,5,106,26,73.5620,255.3432,655.3103,41.6453,2.0056,-0.3246,0.0000,570.8046,106,HoodImpact_1104_EuroNCAP_Remaining,516,56,remaining_92
817,5,107,26,163.2816,655.3432,650.6225,36.9575,2.0056,1.6501,1.0432,565.0737,107,HoodImpact_1104_EuroNCAP_Remaining,517,57,remaining_92
818,5,108,26,162.9343,-344.6568,650.5174,36.8524,2.0056,1.6501,1.0202,564.9915,108,HoodImpact_1104_EuroNCAP_Remaining,518,58,remaining_92
819,5,109,26,62.7184,-444.6568,622.9668,9.3018,2.0056,0.5103,0.0000,538.4612,109,HoodImpact_1104_EuroNCAP_Remaining,519,59,remaining_92
820,5,110,26,18.8582,-244.6568,623.3494,9.6844,2.0056,0.7760,0.0000,538.8437,110,HoodImpact_1104_EuroNCAP_Remaining,520,60,remaining_92
821,5,111,26,18.7971,555.3432,623.3327,9.6677,2.0056,0.8618,0.0000,538.8271,111,HoodImpact_1104_EuroNCAP_Remaining,521,61,remaining_92
822,5,112,26,-29.4757,655.3432,601.3364,-12.3286,2.0056,1.6505,6.4022,510.4286,112,HoodImpact_1104_EuroNCAP_Remaining,522,62,remaining_92
823,5,113,26,-98.5662,-144.6568,594.8787,-18.7863,2.0056,1.6508,0.3469,510.0262,113,HoodImpact_1104_EuroNCAP_Remaining,523,63,remaining_92
824,5,114,26,-119.2835,55.3432,603.5417,-10.1233,2.0056,1.6503,0.2577,518.7784,114,HoodImpact_1104_EuroNCAP_Remaining,524,64,remaining_92
825,5,115,26,-119.3001,255.3432,603.5718,-10.0932,2.0056,1.6503,0.2906,518.7756,115,HoodImpact_1104_EuroNCAP_Remaining,525,65,remaining_92
826,5,116,26,-15.1278,355.3432,626.5986,12.9336,2.0056,1.1288,0.0000,542.0930,116,HoodImpact_1104_EuroNCAP_Remaining,526,66,remaining_92
827,5,117,26,-29.8161,-344.6568,601.2312,-12.4338,2.0056,1.6505,6.4027,510.3229,117,HoodImpact_1104_EuroNCAP_Remaining,527,67,remaining_92
828,5,118,26,-33.5019,755.3432,595.7717,-17.8933,2.0056,1.5880,0.0000,511.2661,118,HoodImpact_1104_EuroNCAP_Remaining,528,68,remaining_92
829,5,119,26,-128.1312,-444.6568,565.0961,-48.5689,2.0056,1.6502,1.6083,478.9822,119,HoodImpact_1104_EuroNCAP_Remaining,529,69,remaining_92
830,5,120,26,-98.5645,455.3432,594.7593,-18.9057,2.0056,1.6509,0.2249,510.0287,120,HoodImpact_1104_EuroNCAP_Remaining,530,70,remaining_92
831,5,121,26,-110.8401,-44.6568,598.1106,-15.5544,2.0056,1.6501,0.2402,513.3648,121,HoodImpact_1104_EuroNCAP_Remaining,531,71,remaining_92
832,5,122,26,-125.1790,655.3432,566.7915,-46.8735,2.0056,1.6501,0.6446,481.6413,122,HoodImpact_1104_EuroNCAP_Remaining,532,72,remaining_92
833,5,123,26,-219.7703,-344.6568,534.6976,-78.9674,2.0056,1.6502,2.0098,448.1822,123,HoodImpact_1104_EuroNCAP_Remaining,533,73,remaining_92
834,5,124,26,-172.0244,555.3432,565.5581,-48.1069,2.0056,1.6502,0.8273,480.2251,124,HoodImpact_1104_EuroNCAP_Remaining,534,74,remaining_92
835,5,125,26,-171.9654,-244.6568,565.5786,-48.0864,2.0056,1.6502,0.8329,480.2401,125,HoodImpact_1104_EuroNCAP_Remaining,535,75,remaining_92
836,5,126,26,-286.1733,455.3432,530.4940,-83.1710,2.0056,1.6502,2.0969,443.8915,126,HoodImpact_1104_EuroNCAP_Remaining,536,76,remaining_92
837,5,127,26,-193.0224,-144.6568,564.0736,-49.5914,2.0056,1.6502,1.2053,478.3626,127,HoodImpact_1104_EuroNCAP_Remaining,537,77,remaining_92
838,5,128,26,-205.2019,355.3432,567.2943,-46.3707,2.0056,1.6501,1.3663,481.4224,128,HoodImpact_1104_EuroNCAP_Remaining,538,78,remaining_92
839,5,129,26,-298.3532,-44.6568,533.4137,-80.2513,2.0056,1.6504,2.2928,446.6153,129,HoodImpact_1104_EuroNCAP_Remaining,539,79,remaining_92
840,5,130,26,-213.6607,55.3432,572.5107,-41.1543,2.0056,1.6502,1.6154,486.3897,130,HoodImpact_1104_EuroNCAP_Remaining,540,80,remaining_92
841,5,131,26,-213.6773,255.3432,572.5070,-41.1580,2.0056,1.6502,1.6169,486.3845,131,HoodImpact_1104_EuroNCAP_Remaining,541,81,remaining_92
842,5,132,26,-310.2512,155.3432,539.7429,-73.9221,2.0056,1.6501,2.7680,452.4693,132,HoodImpact_1104_EuroNCAP_Remaining,542,82,remaining_92
843,5,133,26,-26.9038,155.3432,634.8376,21.1726,2.0056,0.6373,0.0000,550.3320,133,HoodImpact_1104_EuroNCAP_Remaining,543,83,remaining_92
844,5,134,26,168.6219,155.3432,676.5526,62.8876,2.0056,-0.9044,0.0000,592.0470,134,HoodImpact_1104_EuroNCAP_Remaining,544,84,remaining_92
845,5,135,26,465.9969,155.3432,715.7879,102.1229,2.0056,-1.5995,0.0000,631.2822,135,HoodImpact_1104_EuroNCAP_Remaining,545,85,remaining_92
846,5,136,26,81.9298,-44.6568,651.1845,37.5195,2.0056,-0.1469,0.0000,566.6789,136,HoodImpact_1104_EuroNCAP_Remaining,546,86,remaining_92
847,5,137,26,94.3878,-144.6568,648.0210,34.3560,2.0056,0.1341,0.0000,563.5154,137,HoodImpact_1104_EuroNCAP_Remaining,547,87,remaining_92
848,5,138,26,192.4285,-144.6568,668.7194,55.0544,2.0056,-0.4268,0.0000,584.2138,138,HoodImpact_1104_EuroNCAP_Remaining,548,88,remaining_92
849,5,139,26,73.5793,55.3432,655.3133,41.6483,2.0056,-0.4195,0.0000,570.8076,139,HoodImpact_1104_EuroNCAP_Remaining,549,89,remaining_92
850,5,140,26,366.6202,155.3432,704.6502,90.9852,2.0056,-1.4877,0.0000,620.1446,140,HoodImpact_1104_EuroNCAP_Remaining,550,90,remaining_92
851,5,141,26,70.3669,155.3432,657.9909,44.3259,2.0056,-0.2443,0.0000,573.4852,141,HoodImpact_1104_EuroNCAP_Remaining,551,91,remaining_92
852,5,142,26,-122.8083,155.3432,606.7929,-6.8721,2.0056,1.6506,0.2425,522.0447,142,HoodImpact_1104_EuroNCAP_Remaining,552,92,remaining_92
853,6,1,31,780.1084,855.3432,722.5654,108.9004,2.0056,-1.8514,0.0000,638.0598,1,HoodImpact_600_EuroNCAP,301,1,selected_50
854,6,2,31,779.9595,-544.6568,722.5528,108.8878,2.0056,-1.8503,0.0000,638.0471,2,HoodImpact_600_EuroNCAP,302,2,selected_50
855,6,3,31,160.1135,755.3432,645.6073,31.9423,2.0056,-0.3051,0.0000,561.1017,3,HoodImpact_600_EuroNCAP,303,3,selected_50
856,6,4,31,-265.2894,555.3432,533.9590,-79.7060,2.0056,1.6501,2.7664,446.6869,4,HoodImpact_600_EuroNCAP,304,4,selected_50
857,6,5,31,283.4247,-544.6568,665.4919,51.8269,2.0056,-0.7811,0.0000,580.9863,5,HoodImpact_600_EuroNCAP,305,5,selected_50
858,6,6,31,-265.2296,-244.6568,533.9465,-79.7185,2.0056,1.6509,2.7339,446.7070,6,HoodImpact_600_EuroNCAP,306,6,selected_50
859,6,7,31,510.8000,555.3432,713.9460,100.2810,2.0056,-1.5164,0.0000,629.4404,7,HoodImpact_600_EuroNCAP,307,7,selected_50
860,6,8,31,510.8630,-244.6568,713.9525,100.2875,2.0056,-1.5389,0.0000,629.4469,8,HoodImpact_600_EuroNCAP,308,8,selected_50
861,6,9,31,94.3893,455.3432,651.5279,37.8629,2.0056,-0.0261,0.0000,567.0223,9,HoodImpact_600_EuroNCAP,309,9,selected_50
862,6,10,31,-33.5021,-444.6568,595.7718,-17.8932,2.0056,1.5817,0.0000,511.2662,10,HoodImpact_600_EuroNCAP,310,10,selected_50
863,6,11,31,481.4907,855.3432,694.1675,80.5025,2.0056,-1.5248,0.0000,609.6619,11,HoodImpact_600_EuroNCAP,311,11,selected_50
864,6,12,31,-128.1311,755.3432,565.0968,-48.5682,2.0056,1.6502,1.6090,478.9822,12,HoodImpact_600_EuroNCAP,312,12,selected_50
865,6,13,31,-306.7720,255.3432,537.0431,-76.6219,2.0056,1.6502,2.5408,449.9967,13,HoodImpact_600_EuroNCAP,313,13,selected_50
866,6,14,31,576.5633,355.3432,725.3049,111.6399,2.0056,-1.7397,0.0000,640.7993,14,HoodImpact_600_EuroNCAP,314,14,selected_50
867,6,15,31,576.5583,-44.6568,725.3044,111.6394,2.0056,-1.7381,0.0000,640.7988,15,HoodImpact_600_EuroNCAP,315,15,selected_50
868,6,16,31,278.6628,355.3432,690.2729,76.6079,2.0056,-1.0443,0.0000,605.7672,16,HoodImpact_600_EuroNCAP,316,16,selected_50
869,6,17,31,-205.2068,-44.6568,569.9969,-43.6681,2.0056,1.6508,1.5666,483.9247,17,HoodImpact_600_EuroNCAP,317,17,selected_50
870,6,18,31,556.6869,-444.6568,696.0199,82.3549,2.0056,0.8049,0.0000,611.5143,18,HoodImpact_600_EuroNCAP,318,18,selected_50
871,6,19,31,260.5862,-344.6568,669.7750,56.1100,2.0056,1.1642,0.0000,585.2694,19,HoodImpact_600_EuroNCAP,319,19,selected_50
872,6,20,31,-110.8354,355.3432,601.9975,-11.6675,2.0056,1.6508,0.4950,516.9969,20,HoodImpact_600_EuroNCAP,320,20,selected_50
873,6,21,31,377.7089,-44.6568,704.0001,90.3351,2.0056,-1.3514,0.0000,619.4945,21,HoodImpact_600_EuroNCAP,321,21,selected_50
874,6,22,31,312.7224,555.3432,686.4424,72.7774,2.0056,-1.0792,0.0000,601.9368,22,HoodImpact_600_EuroNCAP,322,22,selected_50
875,6,23,31,-77.2524,-244.6568,599.4379,-14.2271,2.0056,1.6501,0.1049,514.8274,23,HoodImpact_600_EuroNCAP,323,23,selected_50
876,6,24,31,-77.3130,555.3432,599.3848,-14.2802,2.0056,1.6502,0.0705,514.8087,24,HoodImpact_600_EuroNCAP,324,24,selected_50
877,6,25,31,657.1662,655.3432,722.9742,109.3092,2.0056,-1.5653,0.0000,638.4685,25,HoodImpact_600_EuroNCAP,325,25,selected_50
878,6,26,31,565.5359,155.3432,725.3718,111.7068,2.0056,-1.6729,0.0000,640.8661,26,HoodImpact_600_EuroNCAP,326,26,selected_50
879,6,27,31,357.7544,755.3432,675.6093,61.9443,2.0056,-0.7090,0.0000,591.1036,27,HoodImpact_600_EuroNCAP,327,27,selected_50
880,6,28,31,270.4669,55.3432,691.5633,77.8983,2.0056,-1.1981,0.0000,607.0577,28,HoodImpact_600_EuroNCAP,328,28,selected_50
881,6,29,31,-306.7556,55.3432,537.0754,-76.5896,2.0056,1.6502,2.5664,450.0034,29,HoodImpact_600_EuroNCAP,329,29,selected_50
882,6,30,31,160.1126,-444.6568,645.6116,31.9466,2.0056,-0.3600,0.0000,561.1059,30,HoodImpact_600_EuroNCAP,330,30,selected_50
883,6,31,31,656.8107,-344.6568,722.9409,109.2759,2.0056,-1.5690,0.0000,638.4353,31,HoodImpact_600_EuroNCAP,331,31,selected_50
884,6,32,31,66.2616,-344.6568,626.1068,12.4418,2.0056,1.6503,3.3946,538.2066,32,HoodImpact_600_EuroNCAP,332,32,selected_50
885,6,33,31,66.6051,655.3432,626.2189,12.5539,2.0056,1.6503,3.4094,538.3038,33,HoodImpact_600_EuroNCAP,333,33,selected_50
886,6,34,31,291.0172,-144.6568,687.9254,74.2604,2.0056,-1.0005,0.0000,603.4198,34,HoodImpact_600_EuroNCAP,334,34,selected_50
887,6,35,31,171.6919,255.3432,675.8705,62.2055,2.0056,-0.7921,0.0000,591.3648,35,HoodImpact_600_EuroNCAP,335,35,selected_50
888,6,36,31,389.9592,455.3432,702.4287,88.7637,2.0056,-1.4117,0.0000,617.9230,36,HoodImpact_600_EuroNCAP,336,36,selected_50
889,6,37,31,-23.5537,255.3432,632.8642,19.1992,2.0056,0.6783,0.0000,548.3586,37,HoodImpact_600_EuroNCAP,337,37,selected_50
890,6,38,31,481.3422,-544.6568,694.1494,80.4844,2.0056,-1.5308,0.0000,609.6437,38,HoodImpact_600_EuroNCAP,338,38,selected_50
891,6,39,31,556.6876,755.3432,696.0364,82.3714,2.0056,0.8348,0.0000,611.5308,39,HoodImpact_600_EuroNCAP,339,39,selected_50
892,6,40,31,-2.7459,-144.6568,627.7982,14.1332,2.0056,0.9576,0.0000,543.2926,40,HoodImpact_600_EuroNCAP,340,40,selected_50
893,6,41,31,357.7543,-444.6568,675.6092,61.9442,2.0056,-0.7091,0.0000,591.1036,41,HoodImpact_600_EuroNCAP,341,41,selected_50
894,6,42,31,283.5723,855.3432,665.5166,51.8516,2.0056,-0.9840,0.0000,581.0110,42,HoodImpact_600_EuroNCAP,342,42,selected_50
895,6,43,31,-193.0211,455.3432,567.9550,-45.7100,2.0056,1.6501,1.5423,481.9070,43,HoodImpact_600_EuroNCAP,343,43,selected_50
896,6,44,31,468.9423,255.3432,715.9602,102.2952,2.0056,-1.7589,0.0000,631.4546,44,HoodImpact_600_EuroNCAP,344,44,selected_50
897,6,45,31,-217.2723,155.3432,575.3034,-38.3616,2.0056,1.6502,1.5384,489.2593,45,HoodImpact_600_EuroNCAP,345,45,selected_50
898,6,46,31,468.9599,55.3432,715.9621,102.2971,2.0056,-1.7614,0.0000,631.4564,46,HoodImpact_600_EuroNCAP,346,46,selected_50
899,6,47,31,457.9314,-344.6568,701.9258,88.2608,2.0056,-0.9385,0.0000,617.4202,47,HoodImpact_600_EuroNCAP,347,47,selected_50
900,6,48,31,458.2863,655.3432,701.9652,88.3002,2.0056,-1.1187,0.0000,617.4596,48,HoodImpact_600_EuroNCAP,348,48,selected_50
901,6,49,31,260.9358,655.3432,669.8476,56.1826,2.0056,1.1726,0.0000,585.3420,49,HoodImpact_600_EuroNCAP,349,49,selected_50
902,6,50,31,-125.5168,-344.6568,566.6832,-46.9818,2.0056,1.6501,0.6332,481.5444,50,HoodImpact_600_EuroNCAP,350,50,selected_50
903,6,51,31,214.2609,-244.6568,669.3444,55.6794,2.0056,-0.5950,0.0000,584.8388,51,HoodImpact_1104_EuroNCAP_Remaining,553,1,remaining_92
904,6,52,31,-219.4391,655.3432,534.7853,-78.8797,2.0056,1.6507,1.9682,448.3115,52,HoodImpact_1104_EuroNCAP_Remaining,554,2,remaining_92
905,6,53,31,-23.5365,55.3432,632.8684,19.2034,2.0056,0.6946,0.0000,548.3628,53,HoodImpact_1104_EuroNCAP_Remaining,555,3,remaining_92
906,6,54,31,179.9834,-44.6568,674.0653,60.4003,2.0056,-0.7711,0.0000,589.5597,54,HoodImpact_1104_EuroNCAP_Remaining,556,4,remaining_92
907,6,55,31,116.1159,555.3432,649.8636,36.1986,2.0056,-0.1625,0.0000,565.3579,55,HoodImpact_1104_EuroNCAP_Remaining,557,5,remaining_92
908,6,56,31,489.1986,-144.6568,714.7092,101.0442,2.0056,-1.6208,0.0000,630.2036,56,HoodImpact_1104_EuroNCAP_Remaining,558,6,remaining_92
909,6,57,31,-286.1735,-144.6568,532.7077,-80.9573,2.0056,1.6503,2.6519,445.5502,57,HoodImpact_1104_EuroNCAP_Remaining,559,7,remaining_92
910,6,58,31,81.9348,355.3432,654.4663,40.8013,2.0056,-0.0822,0.0000,569.9607,58,HoodImpact_1104_EuroNCAP_Remaining,560,8,remaining_92
911,6,59,31,588.7217,455.3432,724.4534,110.7884,2.0056,-1.6904,0.0000,639.9478,59,HoodImpact_1104_EuroNCAP_Remaining,561,9,remaining_92
912,6,60,31,-298.3486,355.3432,534.7772,-78.8878,2.0056,1.6501,2.7163,447.5553,60,HoodImpact_1104_EuroNCAP_Remaining,562,10,remaining_92
913,6,61,31,-15.1327,-44.6568,630.4512,16.7862,2.0056,0.9164,0.0000,545.9455,61,HoodImpact_1104_EuroNCAP_Remaining,563,11,remaining_92
914,6,62,31,267.4594,155.3432,691.7349,78.0699,2.0056,-1.3393,0.0000,607.2293,62,HoodImpact_1104_EuroNCAP_Remaining,564,12,remaining_92
915,6,63,31,680.4156,855.3432,714.7480,101.0830,2.0056,-1.7868,0.0000,630.2424,63,HoodImpact_1104_EuroNCAP_Remaining,565,13,remaining_92
916,6,64,31,680.2686,-544.6568,714.7103,101.0453,2.0056,-1.8029,0.0000,630.2047,64,HoodImpact_1104_EuroNCAP_Remaining,566,14,remaining_92
917,6,65,31,610.4081,-244.6568,723.4530,109.7880,2.0056,-1.7548,0.0000,638.9474,65,HoodImpact_1104_EuroNCAP_Remaining,567,15,remaining_92
918,6,66,31,610.3450,555.3432,723.4477,109.7827,2.0056,-1.7371,0.0000,638.9421,66,HoodImpact_1104_EuroNCAP_Remaining,568,16,remaining_92
919,6,67,31,568.4976,55.3432,725.5597,111.8947,2.0056,-1.8641,0.0000,641.0541,67,HoodImpact_1104_EuroNCAP_Remaining,569,17,remaining_92
920,6,68,31,568.4800,255.3432,725.5581,111.8931,2.0056,-1.8632,0.0000,641.0525,68,HoodImpact_1104_EuroNCAP_Remaining,570,18,remaining_92
921,6,69,31,477.0333,355.3432,715.6325,101.9675,2.0056,-1.6919,0.0000,631.1269,69,HoodImpact_1104_EuroNCAP_Remaining,571,19,remaining_92
922,6,70,31,588.7204,-144.6568,724.4533,110.7883,2.0056,-1.6912,0.0000,639.9477,70,HoodImpact_1104_EuroNCAP_Remaining,572,20,remaining_92
923,6,71,31,457.2813,755.3432,685.3132,71.6482,2.0056,-0.8417,0.0000,600.8075,71,HoodImpact_1104_EuroNCAP_Remaining,573,21,remaining_92
924,6,72,31,457.2813,-444.6568,685.3131,71.6481,2.0056,-0.8417,0.0000,600.8075,72,HoodImpact_1104_EuroNCAP_Remaining,574,22,remaining_92
925,6,73,31,369.5754,255.3432,704.7385,91.0735,2.0056,-1.5130,0.0000,620.2329,73,HoodImpact_1104_EuroNCAP_Remaining,575,23,remaining_92
926,6,74,31,580.8567,855.3432,705.3987,91.7337,2.0056,-1.7095,0.0000,620.8930,74,HoodImpact_1104_EuroNCAP_Remaining,576,24,remaining_92
927,6,75,31,580.7079,-544.6568,705.3832,91.7182,2.0056,-1.7052,0.0000,620.8775,75,HoodImpact_1104_EuroNCAP_Remaining,577,25,remaining_92
928,6,76,31,557.6210,655.3432,713.4521,99.7871,2.0056,-1.4439,0.0000,628.9465,76,HoodImpact_1104_EuroNCAP_Remaining,578,26,remaining_92
929,6,77,31,557.2657,-344.6568,713.4169,99.7519,2.0056,-1.3327,0.0000,628.9113,77,HoodImpact_1104_EuroNCAP_Remaining,579,27,remaining_92
930,6,78,31,477.0283,-44.6568,715.6319,101.9669,2.0056,-1.6941,0.0000,631.1262,78,HoodImpact_1104_EuroNCAP_Remaining,580,28,remaining_92
931,6,79,31,489.1998,455.3432,714.7096,101.0446,2.0056,-1.6146,0.0000,630.2039,79,HoodImpact_1104_EuroNCAP_Remaining,581,29,remaining_92
932,6,80,31,411.6493,-244.6568,701.4658,87.8008,2.0056,-1.2185,0.0000,616.9602,80,HoodImpact_1104_EuroNCAP_Remaining,582,30,remaining_92
933,6,81,31,369.5929,55.3432,704.7406,91.0756,2.0056,-1.5123,0.0000,620.2350,81,HoodImpact_1104_EuroNCAP_Remaining,583,31,remaining_92
934,6,82,31,377.7139,355.3432,704.0007,90.3357,2.0056,-1.3516,0.0000,619.4951,82,HoodImpact_1104_EuroNCAP_Remaining,584,32,remaining_92
935,6,83,31,389.9580,-144.6568,702.4282,88.7632,2.0056,-1.4241,0.0000,617.9226,83,HoodImpact_1104_EuroNCAP_Remaining,585,33,remaining_92
936,6,84,31,291.0185,455.3432,687.9254,74.2604,2.0056,-1.1056,0.0000,603.4198,84,HoodImpact_1104_EuroNCAP_Remaining,586,34,remaining_92
937,6,85,31,411.5864,555.3432,701.4579,87.7929,2.0056,-1.2784,0.0000,616.9523,85,HoodImpact_1104_EuroNCAP_Remaining,587,35,remaining_92
938,6,86,31,655.4782,755.3432,711.5162,97.8512,2.0056,-0.0407,0.0000,627.0105,86,HoodImpact_1104_EuroNCAP_Remaining,588,36,remaining_92
939,6,87,31,382.3621,855.3432,681.0093,67.3443,2.0056,-1.1609,0.0000,596.5037,87,HoodImpact_1104_EuroNCAP_Remaining,589,37,remaining_92
940,6,88,31,382.2140,-544.6568,680.9879,67.3229,2.0056,-1.1609,0.0000,596.4823,88,HoodImpact_1104_EuroNCAP_Remaining,590,38,remaining_92
941,6,89,31,655.4760,-444.6568,711.5155,97.8505,2.0056,-0.0621,0.0000,627.0098,89,HoodImpact_1104_EuroNCAP_Remaining,591,39,remaining_92
942,6,90,31,171.7092,55.3432,675.8738,62.2088,2.0056,-0.7662,0.0000,591.3682,90,HoodImpact_1104_EuroNCAP_Remaining,592,40,remaining_92
943,6,91,31,270.4494,255.3432,691.5608,77.8958,2.0056,-1.1992,0.0000,607.0551,91,HoodImpact_1104_EuroNCAP_Remaining,593,41,remaining_92
944,6,92,31,278.6578,-44.6568,690.2721,76.6071,2.0056,-1.0441,0.0000,605.7665,92,HoodImpact_1104_EuroNCAP_Remaining,594,42,remaining_92
945,6,93,31,312.7848,-244.6568,686.4534,72.7884,2.0056,-0.8852,0.0000,601.9477,93,HoodImpact_1104_EuroNCAP_Remaining,595,43,remaining_92
946,6,94,31,258.5349,-444.6568,663.1984,49.5334,2.0056,-0.7400,0.0000,578.6927,94,HoodImpact_1104_EuroNCAP_Remaining,596,44,remaining_92
947,6,95,31,258.5295,755.3432,663.2350,49.5700,2.0056,-0.7665,0.0000,578.7293,95,HoodImpact_1104_EuroNCAP_Remaining,597,45,remaining_92
948,6,96,31,359.2979,655.3432,687.8098,74.1448,2.0056,-0.5196,0.0000,603.3042,96,HoodImpact_1104_EuroNCAP_Remaining,598,46,remaining_92
949,6,97,31,358.9454,-344.6568,687.7528,74.0878,2.0056,-0.5141,0.0000,603.2472,97,HoodImpact_1104_EuroNCAP_Remaining,599,47,remaining_92
950,6,98,31,185.2867,855.3432,647.1045,33.4395,2.0056,-0.2806,0.0000,562.5989,98,HoodImpact_1104_EuroNCAP_Remaining,600,48,remaining_92
951,6,99,31,185.1405,-544.6568,647.0732,33.4082,2.0056,-0.2140,0.0000,562.5676,99,HoodImpact_1104_EuroNCAP_Remaining,601,49,remaining_92
952,6,100,31,116.1776,-244.6568,649.8783,36.2133,2.0056,-0.1275,0.0000,565.3727,100,HoodImpact_1104_EuroNCAP_Remaining,602,50,remaining_92
953,6,101,31,214.1987,555.3432,669.3322,55.6672,2.0056,-0.6264,0.0000,584.8266,101,HoodImpact_1104_EuroNCAP_Remaining,603,51,remaining_92
954,6,102,31,179.9884,355.3432,674.0662,60.4012,2.0056,-0.7707,0.0000,589.5605,102,HoodImpact_1104_EuroNCAP_Remaining,604,52,remaining_92
955,6,103,31,192.4299,455.3432,671.1990,57.5340,2.0056,-0.6001,0.0000,586.6933,103,HoodImpact_1104_EuroNCAP_Remaining,605,53,remaining_92
956,6,104,31,62.7183,755.3432,622.9677,9.3027,2.0056,0.5220,0.0000,538.4621,104,HoodImpact_1104_EuroNCAP_Remaining,606,54,remaining_92
957,6,105,31,-2.7445,455.3432,627.7978,14.1328,2.0056,0.9492,0.0000,543.2922,105,HoodImpact_1104_EuroNCAP_Remaining,607,55,remaining_92
958,6,106,31,73.5620,255.3432,656.6594,42.9944,2.0056,-0.1760,0.0000,572.1538,106,HoodImpact_1104_EuroNCAP_Remaining,608,56,remaining_92
959,6,107,31,163.2816,655.3432,649.7084,36.0434,2.0056,1.6502,1.3744,563.8283,107,HoodImpact_1104_EuroNCAP_Remaining,609,57,remaining_92
960,6,108,31,162.9343,-344.6568,649.6261,35.9611,2.0056,1.6502,1.3751,563.7454,108,HoodImpact_1104_EuroNCAP_Remaining,610,58,remaining_92
961,6,109,31,62.7184,-444.6568,622.9668,9.3018,2.0056,0.5103,0.0000,538.4612,109,HoodImpact_1104_EuroNCAP_Remaining,611,59,remaining_92
962,6,110,31,18.8582,-244.6568,626.9138,13.2488,2.0056,0.6276,0.0000,542.4082,110,HoodImpact_1104_EuroNCAP_Remaining,612,60,remaining_92
963,6,111,31,18.7971,555.3432,626.8954,13.2304,2.0056,0.5888,0.0000,542.3898,111,HoodImpact_1104_EuroNCAP_Remaining,613,61,remaining_92
964,6,112,31,-29.4757,655.3432,597.8684,-15.7966,2.0056,1.6502,2.7370,510.6257,112,HoodImpact_1104_EuroNCAP_Remaining,614,62,remaining_92
965,6,113,31,-98.5662,-144.6568,599.5792,-14.0858,2.0056,1.6501,0.3544,514.7191,113,HoodImpact_1104_EuroNCAP_Remaining,615,63,remaining_92
966,6,114,31,-119.2835,55.3432,604.4130,-9.2520,2.0056,1.6510,0.3629,519.5444,114,HoodImpact_1104_EuroNCAP_Remaining,616,64,remaining_92
967,6,115,31,-119.3001,255.3432,604.4300,-9.2350,2.0056,1.6501,0.3861,519.5383,115,HoodImpact_1104_EuroNCAP_Remaining,617,65,remaining_92
968,6,116,31,-15.1278,355.3432,630.4519,16.7869,2.0056,0.9164,0.0000,545.9463,116,HoodImpact_1104_EuroNCAP_Remaining,618,66,remaining_92
969,6,117,31,-29.8161,-344.6568,597.7377,-15.9273,2.0056,1.6502,2.7114,510.5207,117,HoodImpact_1104_EuroNCAP_Remaining,619,67,remaining_92
970,6,118,31,-33.5019,755.3432,595.7717,-17.8933,2.0056,1.5880,0.0000,511.2661,118,HoodImpact_1104_EuroNCAP_Remaining,620,68,remaining_92
971,6,119,31,-128.1312,-444.6568,565.0961,-48.5689,2.0056,1.6502,1.6083,478.9822,119,HoodImpact_1104_EuroNCAP_Remaining,621,69,remaining_92
972,6,120,31,-98.5645,455.3432,599.6840,-13.9810,2.0056,1.6501,0.4604,514.7180,120,HoodImpact_1104_EuroNCAP_Remaining,622,70,remaining_92
973,6,121,31,-110.8401,-44.6568,602.0099,-11.6551,2.0056,1.6508,0.5091,516.9953,121,HoodImpact_1104_EuroNCAP_Remaining,623,71,remaining_92
974,6,122,31,-125.1790,655.3432,566.7915,-46.8735,2.0056,1.6501,0.6305,481.6554,122,HoodImpact_1104_EuroNCAP_Remaining,624,72,remaining_92
975,6,123,31,-219.7703,-344.6568,534.6976,-78.9674,2.0056,1.6502,2.0098,448.1822,123,HoodImpact_1104_EuroNCAP_Remaining,625,73,remaining_92
976,6,124,31,-172.0244,555.3432,568.6828,-44.9822,2.0056,1.6502,1.4330,482.7441,124,HoodImpact_1104_EuroNCAP_Remaining,626,74,remaining_92
977,6,125,31,-171.9654,-244.6568,568.6266,-45.0384,2.0056,1.6506,1.3536,482.7673,125,HoodImpact_1104_EuroNCAP_Remaining,627,75,remaining_92
978,6,126,31,-286.1733,455.3432,532.7451,-80.9199,2.0056,1.6504,2.6865,445.5530,126,HoodImpact_1104_EuroNCAP_Remaining,628,76,remaining_92
979,6,127,31,-193.0224,-144.6568,568.0870,-45.5780,2.0056,1.6503,1.6748,481.9065,127,HoodImpact_1104_EuroNCAP_Remaining,629,77,remaining_92
980,6,128,31,-205.2019,355.3432,569.9713,-43.6937,2.0056,1.6501,1.5398,483.9259,128,HoodImpact_1104_EuroNCAP_Remaining,630,78,remaining_92
981,6,129,31,-298.3532,-44.6568,534.8283,-78.8367,2.0056,1.6501,2.7693,447.5533,129,HoodImpact_1104_EuroNCAP_Remaining,631,79,remaining_92
982,6,130,31,-213.6607,55.3432,572.6377,-41.0273,2.0056,1.6502,1.6272,486.5049,130,HoodImpact_1104_EuroNCAP_Remaining,632,80,remaining_92
983,6,131,31,-213.6773,255.3432,572.6131,-41.0519,2.0056,1.6502,1.6086,486.4988,131,HoodImpact_1104_EuroNCAP_Remaining,633,81,remaining_92
984,6,132,31,-310.2512,155.3432,539.7429,-73.9221,2.0056,1.6501,2.7680,452.4693,132,HoodImpact_1104_EuroNCAP_Remaining,634,82,remaining_92
985,6,133,31,-26.9038,155.3432,634.8376,21.1726,2.0056,0.6373,0.0000,550.3320,133,HoodImpact_1104_EuroNCAP_Remaining,635,83,remaining_92
986,6,134,31,168.6219,155.3432,676.5526,62.8876,2.0056,-0.9044,0.0000,592.0470,134,HoodImpact_1104_EuroNCAP_Remaining,636,84,remaining_92
987,6,135,31,465.9969,155.3432,715.7879,102.1229,2.0056,-1.5995,0.0000,631.2822,135,HoodImpact_1104_EuroNCAP_Remaining,637,85,remaining_92
988,6,136,31,81.9298,-44.6568,654.4656,40.8006,2.0056,-0.0851,0.0000,569.9600,136,HoodImpact_1104_EuroNCAP_Remaining,638,86,remaining_92
989,6,137,31,94.3878,-144.6568,651.5287,37.8637,2.0056,-0.0036,0.0000,567.0231,137,HoodImpact_1104_EuroNCAP_Remaining,639,87,remaining_92
990,6,138,31,192.4285,-144.6568,671.1994,57.5344,2.0056,-0.6079,0.0000,586.6937,138,HoodImpact_1104_EuroNCAP_Remaining,640,88,remaining_92
991,6,139,31,73.5793,55.3432,656.6632,42.9982,2.0056,-0.1545,0.0000,572.1576,139,HoodImpact_1104_EuroNCAP_Remaining,641,89,remaining_92
992,6,140,31,366.6202,155.3432,704.6502,90.9852,2.0056,-1.4877,0.0000,620.1446,140,HoodImpact_1104_EuroNCAP_Remaining,642,90,remaining_92
993,6,141,31,70.3669,155.3432,657.9909,44.3259,2.0056,-0.2443,0.0000,573.4852,141,HoodImpact_1104_EuroNCAP_Remaining,643,91,remaining_92
994,6,142,31,-122.8083,155.3432,606.7929,-6.8721,2.0056,1.6506,0.2425,522.0447,142,HoodImpact_1104_EuroNCAP_Remaining,644,92,remaining_92
995,7,1,36,780.1084,855.3432,722.5654,108.9004,2.0056,-1.8514,0.0000,638.0598,1,HoodImpact_600_EuroNCAP,351,1,selected_50
996,7,2,36,779.9595,-544.6568,722.5528,108.8878,2.0056,-1.8503,0.0000,638.0471,2,HoodImpact_600_EuroNCAP,352,2,selected_50
997,7,3,36,160.1135,755.3432,645.6073,31.9423,2.0056,-0.3051,0.0000,561.1017,3,HoodImpact_600_EuroNCAP,353,3,selected_50
998,7,4,36,-265.2894,555.3432,533.9590,-79.7060,2.0056,1.6501,2.7664,446.6869,4,HoodImpact_600_EuroNCAP,354,4,selected_50
999,7,5,36,283.4247,-544.6568,665.4919,51.8269,2.0056,-0.7811,0.0000,580.9863,5,HoodImpact_600_EuroNCAP,355,5,selected_50
1000,7,6,36,-265.2296,-244.6568,533.9465,-79.7185,2.0056,1.6509,2.7339,446.7070,6,HoodImpact_600_EuroNCAP,356,6,selected_50
1001,7,7,36,510.8000,555.3432,713.9460,100.2810,2.0056,-1.5164,0.0000,629.4404,7,HoodImpact_600_EuroNCAP,357,7,selected_50
1002,7,8,36,510.8630,-244.6568,713.9525,100.2875,2.0056,-1.5389,0.0000,629.4469,8,HoodImpact_600_EuroNCAP,358,8,selected_50
1003,7,9,36,94.3893,455.3432,651.5279,37.8629,2.0056,-0.0261,0.0000,567.0223,9,HoodImpact_600_EuroNCAP,359,9,selected_50
1004,7,10,36,-33.5021,-444.6568,595.7718,-17.8932,2.0056,1.5817,0.0000,511.2662,10,HoodImpact_600_EuroNCAP,360,10,selected_50
1005,7,11,36,481.4907,855.3432,694.1675,80.5025,2.0056,-1.5248,0.0000,609.6619,11,HoodImpact_600_EuroNCAP,361,11,selected_50
1006,7,12,36,-128.1311,755.3432,565.0968,-48.5682,2.0056,1.6502,1.6090,478.9822,12,HoodImpact_600_EuroNCAP,362,12,selected_50
1007,7,13,36,-306.7720,255.3432,537.0431,-76.6219,2.0056,1.6502,2.5408,449.9967,13,HoodImpact_600_EuroNCAP,363,13,selected_50
1008,7,14,36,576.5633,355.3432,725.3049,111.6399,2.0056,-1.7397,0.0000,640.7993,14,HoodImpact_600_EuroNCAP,364,14,selected_50
1009,7,15,36,576.5583,-44.6568,725.3044,111.6394,2.0056,-1.7381,0.0000,640.7988,15,HoodImpact_600_EuroNCAP,365,15,selected_50
1010,7,16,36,278.6628,355.3432,690.2729,76.6079,2.0056,-1.0443,0.0000,605.7672,16,HoodImpact_600_EuroNCAP,366,16,selected_50
1011,7,17,36,-205.2068,-44.6568,569.9969,-43.6681,2.0056,1.6508,1.5666,483.9247,17,HoodImpact_600_EuroNCAP,367,17,selected_50
1012,7,18,36,556.6869,-444.6568,696.0199,82.3549,2.0056,0.8049,0.0000,611.5143,18,HoodImpact_600_EuroNCAP,368,18,selected_50
1013,7,19,36,260.5862,-344.6568,669.7750,56.1100,2.0056,1.1642,0.0000,585.2694,19,HoodImpact_600_EuroNCAP,369,19,selected_50
1014,7,20,36,-110.8354,355.3432,601.9975,-11.6675,2.0056,1.6508,0.4950,516.9969,20,HoodImpact_600_EuroNCAP,370,20,selected_50
1015,7,21,36,377.7089,-44.6568,704.0001,90.3351,2.0056,-1.3514,0.0000,619.4945,21,HoodImpact_600_EuroNCAP,371,21,selected_50
1016,7,22,36,312.7224,555.3432,686.4424,72.7774,2.0056,-1.0792,0.0000,601.9368,22,HoodImpact_600_EuroNCAP,372,22,selected_50
1017,7,23,36,-77.2524,-244.6568,599.4379,-14.2271,2.0056,1.6501,0.1049,514.8274,23,HoodImpact_600_EuroNCAP,373,23,selected_50
1018,7,24,36,-77.3130,555.3432,599.3848,-14.2802,2.0056,1.6502,0.0705,514.8087,24,HoodImpact_600_EuroNCAP,374,24,selected_50
1019,7,25,36,657.1662,655.3432,722.9742,109.3092,2.0056,-1.5653,0.0000,638.4685,25,HoodImpact_600_EuroNCAP,375,25,selected_50
1020,7,26,36,565.5359,155.3432,725.3718,111.7068,2.0056,-1.6729,0.0000,640.8661,26,HoodImpact_600_EuroNCAP,376,26,selected_50
1021,7,27,36,357.7544,755.3432,675.6093,61.9443,2.0056,-0.7090,0.0000,591.1036,27,HoodImpact_600_EuroNCAP,377,27,selected_50
1022,7,28,36,270.4669,55.3432,691.5633,77.8983,2.0056,-1.1981,0.0000,607.0577,28,HoodImpact_600_EuroNCAP,378,28,selected_50
1023,7,29,36,-306.7556,55.3432,537.0754,-76.5896,2.0056,1.6502,2.5664,450.0034,29,HoodImpact_600_EuroNCAP,379,29,selected_50
1024,7,30,36,160.1126,-444.6568,645.6116,31.9466,2.0056,-0.3600,0.0000,561.1059,30,HoodImpact_600_EuroNCAP,380,30,selected_50
1025,7,31,36,656.8107,-344.6568,722.9409,109.2759,2.0056,-1.5690,0.0000,638.4353,31,HoodImpact_600_EuroNCAP,381,31,selected_50
1026,7,32,36,66.2616,-344.6568,626.1068,12.4418,2.0056,1.6503,3.3946,538.2066,32,HoodImpact_600_EuroNCAP,382,32,selected_50
1027,7,33,36,66.6051,655.3432,626.2189,12.5539,2.0056,1.6503,3.4094,538.3038,33,HoodImpact_600_EuroNCAP,383,33,selected_50
1028,7,34,36,291.0172,-144.6568,687.9254,74.2604,2.0056,-1.0005,0.0000,603.4198,34,HoodImpact_600_EuroNCAP,384,34,selected_50
1029,7,35,36,171.6919,255.3432,675.8705,62.2055,2.0056,-0.7921,0.0000,591.3648,35,HoodImpact_600_EuroNCAP,385,35,selected_50
1030,7,36,36,389.9592,455.3432,702.4287,88.7637,2.0056,-1.4117,0.0000,617.9230,36,HoodImpact_600_EuroNCAP,386,36,selected_50
1031,7,37,36,-23.5537,255.3432,632.8642,19.1992,2.0056,0.6783,0.0000,548.3586,37,HoodImpact_600_EuroNCAP,387,37,selected_50
1032,7,38,36,481.3422,-544.6568,694.1494,80.4844,2.0056,-1.5308,0.0000,609.6437,38,HoodImpact_600_EuroNCAP,388,38,selected_50
1033,7,39,36,556.6876,755.3432,696.0364,82.3714,2.0056,0.8348,0.0000,611.5308,39,HoodImpact_600_EuroNCAP,389,39,selected_50
1034,7,40,36,-2.7459,-144.6568,627.7982,14.1332,2.0056,0.9576,0.0000,543.2926,40,HoodImpact_600_EuroNCAP,390,40,selected_50
1035,7,41,36,357.7543,-444.6568,675.6092,61.9442,2.0056,-0.7091,0.0000,591.1036,41,HoodImpact_600_EuroNCAP,391,41,selected_50
1036,7,42,36,283.5723,855.3432,665.5166,51.8516,2.0056,-0.9840,0.0000,581.0110,42,HoodImpact_600_EuroNCAP,392,42,selected_50
1037,7,43,36,-193.0211,455.3432,567.9550,-45.7100,2.0056,1.6501,1.5423,481.9070,43,HoodImpact_600_EuroNCAP,393,43,selected_50
1038,7,44,36,468.9423,255.3432,715.9602,102.2952,2.0056,-1.7589,0.0000,631.4546,44,HoodImpact_600_EuroNCAP,394,44,selected_50
1039,7,45,36,-217.2723,155.3432,575.3034,-38.3616,2.0056,1.6502,1.5384,489.2593,45,HoodImpact_600_EuroNCAP,395,45,selected_50
1040,7,46,36,468.9599,55.3432,715.9621,102.2971,2.0056,-1.7614,0.0000,631.4564,46,HoodImpact_600_EuroNCAP,396,46,selected_50
1041,7,47,36,457.9314,-344.6568,701.9258,88.2608,2.0056,-0.9385,0.0000,617.4202,47,HoodImpact_600_EuroNCAP,397,47,selected_50
1042,7,48,36,458.2863,655.3432,701.9652,88.3002,2.0056,-1.1187,0.0000,617.4596,48,HoodImpact_600_EuroNCAP,398,48,selected_50
1043,7,49,36,260.9358,655.3432,669.8476,56.1826,2.0056,1.1726,0.0000,585.3420,49,HoodImpact_600_EuroNCAP,399,49,selected_50
1044,7,50,36,-125.5168,-344.6568,566.6832,-46.9818,2.0056,1.6501,0.6332,481.5444,50,HoodImpact_600_EuroNCAP,400,50,selected_50
1045,7,51,36,214.2609,-244.6568,669.3444,55.6794,2.0056,-0.5950,0.0000,584.8388,51,HoodImpact_1104_EuroNCAP_Remaining,645,1,remaining_92
1046,7,52,36,-219.4391,655.3432,534.7853,-78.8797,2.0056,1.6507,1.9682,448.3115,52,HoodImpact_1104_EuroNCAP_Remaining,646,2,remaining_92
1047,7,53,36,-23.5365,55.3432,632.8684,19.2034,2.0056,0.6946,0.0000,548.3628,53,HoodImpact_1104_EuroNCAP_Remaining,647,3,remaining_92
1048,7,54,36,179.9834,-44.6568,674.0653,60.4003,2.0056,-0.7711,0.0000,589.5597,54,HoodImpact_1104_EuroNCAP_Remaining,648,4,remaining_92
1049,7,55,36,116.1159,555.3432,649.8636,36.1986,2.0056,-0.1625,0.0000,565.3579,55,HoodImpact_1104_EuroNCAP_Remaining,649,5,remaining_92
1050,7,56,36,489.1986,-144.6568,714.7092,101.0442,2.0056,-1.6208,0.0000,630.2036,56,HoodImpact_1104_EuroNCAP_Remaining,650,6,remaining_92
1051,7,57,36,-286.1735,-144.6568,532.7077,-80.9573,2.0056,1.6503,2.6519,445.5502,57,HoodImpact_1104_EuroNCAP_Remaining,651,7,remaining_92
1052,7,58,36,81.9348,355.3432,654.4663,40.8013,2.0056,-0.0822,0.0000,569.9607,58,HoodImpact_1104_EuroNCAP_Remaining,652,8,remaining_92
1053,7,59,36,588.7217,455.3432,724.4534,110.7884,2.0056,-1.6904,0.0000,639.9478,59,HoodImpact_1104_EuroNCAP_Remaining,653,9,remaining_92
1054,7,60,36,-298.3486,355.3432,534.7772,-78.8878,2.0056,1.6501,2.7163,447.5553,60,HoodImpact_1104_EuroNCAP_Remaining,654,10,remaining_92
1055,7,61,36,-15.1327,-44.6568,630.4512,16.7862,2.0056,0.9164,0.0000,545.9455,61,HoodImpact_1104_EuroNCAP_Remaining,655,11,remaining_92
1056,7,62,36,267.4594,155.3432,691.7349,78.0699,2.0056,-1.3393,0.0000,607.2293,62,HoodImpact_1104_EuroNCAP_Remaining,656,12,remaining_92
1057,7,63,36,680.4156,855.3432,714.7480,101.0830,2.0056,-1.7868,0.0000,630.2424,63,HoodImpact_1104_EuroNCAP_Remaining,657,13,remaining_92
1058,7,64,36,680.2686,-544.6568,714.7103,101.0453,2.0056,-1.8029,0.0000,630.2047,64,HoodImpact_1104_EuroNCAP_Remaining,658,14,remaining_92
1059,7,65,36,610.4081,-244.6568,723.4530,109.7880,2.0056,-1.7548,0.0000,638.9474,65,HoodImpact_1104_EuroNCAP_Remaining,659,15,remaining_92
1060,7,66,36,610.3450,555.3432,723.4477,109.7827,2.0056,-1.7371,0.0000,638.9421,66,HoodImpact_1104_EuroNCAP_Remaining,660,16,remaining_92
1061,7,67,36,568.4976,55.3432,725.5597,111.8947,2.0056,-1.8641,0.0000,641.0541,67,HoodImpact_1104_EuroNCAP_Remaining,661,17,remaining_92
1062,7,68,36,568.4800,255.3432,725.5581,111.8931,2.0056,-1.8632,0.0000,641.0525,68,HoodImpact_1104_EuroNCAP_Remaining,662,18,remaining_92
1063,7,69,36,477.0333,355.3432,715.6325,101.9675,2.0056,-1.6919,0.0000,631.1269,69,HoodImpact_1104_EuroNCAP_Remaining,663,19,remaining_92
1064,7,70,36,588.7204,-144.6568,724.4533,110.7883,2.0056,-1.6912,0.0000,639.9477,70,HoodImpact_1104_EuroNCAP_Remaining,664,20,remaining_92
1065,7,71,36,457.2813,755.3432,685.3132,71.6482,2.0056,-0.8417,0.0000,600.8075,71,HoodImpact_1104_EuroNCAP_Remaining,665,21,remaining_92
1066,7,72,36,457.2813,-444.6568,685.3131,71.6481,2.0056,-0.8417,0.0000,600.8075,72,HoodImpact_1104_EuroNCAP_Remaining,666,22,remaining_92
1067,7,73,36,369.5754,255.3432,704.7385,91.0735,2.0056,-1.5130,0.0000,620.2329,73,HoodImpact_1104_EuroNCAP_Remaining,667,23,remaining_92
1068,7,74,36,580.8567,855.3432,705.3987,91.7337,2.0056,-1.7095,0.0000,620.8930,74,HoodImpact_1104_EuroNCAP_Remaining,668,24,remaining_92
1069,7,75,36,580.7079,-544.6568,705.3832,91.7182,2.0056,-1.7052,0.0000,620.8775,75,HoodImpact_1104_EuroNCAP_Remaining,669,25,remaining_92
1070,7,76,36,557.6210,655.3432,713.4521,99.7871,2.0056,-1.4439,0.0000,628.9465,76,HoodImpact_1104_EuroNCAP_Remaining,670,26,remaining_92
1071,7,77,36,557.2657,-344.6568,713.4169,99.7519,2.0056,-1.3327,0.0000,628.9113,77,HoodImpact_1104_EuroNCAP_Remaining,671,27,remaining_92
1072,7,78,36,477.0283,-44.6568,715.6319,101.9669,2.0056,-1.6941,0.0000,631.1262,78,HoodImpact_1104_EuroNCAP_Remaining,672,28,remaining_92
1073,7,79,36,489.1998,455.3432,714.7096,101.0446,2.0056,-1.6146,0.0000,630.2039,79,HoodImpact_1104_EuroNCAP_Remaining,673,29,remaining_92
1074,7,80,36,411.6493,-244.6568,701.4658,87.8008,2.0056,-1.2185,0.0000,616.9602,80,HoodImpact_1104_EuroNCAP_Remaining,674,30,remaining_92
1075,7,81,36,369.5929,55.3432,704.7406,91.0756,2.0056,-1.5123,0.0000,620.2350,81,HoodImpact_1104_EuroNCAP_Remaining,675,31,remaining_92
1076,7,82,36,377.7139,355.3432,704.0007,90.3357,2.0056,-1.3516,0.0000,619.4951,82,HoodImpact_1104_EuroNCAP_Remaining,676,32,remaining_92
1077,7,83,36,389.9580,-144.6568,702.4282,88.7632,2.0056,-1.4241,0.0000,617.9226,83,HoodImpact_1104_EuroNCAP_Remaining,677,33,remaining_92
1078,7,84,36,291.0185,455.3432,687.9254,74.2604,2.0056,-1.1056,0.0000,603.4198,84,HoodImpact_1104_EuroNCAP_Remaining,678,34,remaining_92
1079,7,85,36,411.5864,555.3432,701.4579,87.7929,2.0056,-1.2784,0.0000,616.9523,85,HoodImpact_1104_EuroNCAP_Remaining,679,35,remaining_92
1080,7,86,36,655.4782,755.3432,711.5162,97.8512,2.0056,-0.0407,0.0000,627.0105,86,HoodImpact_1104_EuroNCAP_Remaining,680,36,remaining_92
1081,7,87,36,382.3621,855.3432,681.0093,67.3443,2.0056,-1.1609,0.0000,596.5037,87,HoodImpact_1104_EuroNCAP_Remaining,681,37,remaining_92
1082,7,88,36,382.2140,-544.6568,680.9879,67.3229,2.0056,-1.1609,0.0000,596.4823,88,HoodImpact_1104_EuroNCAP_Remaining,682,38,remaining_92
1083,7,89,36,655.4760,-444.6568,711.5155,97.8505,2.0056,-0.0621,0.0000,627.0098,89,HoodImpact_1104_EuroNCAP_Remaining,683,39,remaining_92
1084,7,90,36,171.7092,55.3432,675.8738,62.2088,2.0056,-0.7662,0.0000,591.3682,90,HoodImpact_1104_EuroNCAP_Remaining,684,40,remaining_92
1085,7,91,36,270.4494,255.3432,691.5608,77.8958,2.0056,-1.1992,0.0000,607.0551,91,HoodImpact_1104_EuroNCAP_Remaining,685,41,remaining_92
1086,7,92,36,278.6578,-44.6568,690.2721,76.6071,2.0056,-1.0441,0.0000,605.7665,92,HoodImpact_1104_EuroNCAP_Remaining,686,42,remaining_92
1087,7,93,36,312.7848,-244.6568,686.4534,72.7884,2.0056,-0.8852,0.0000,601.9477,93,HoodImpact_1104_EuroNCAP_Remaining,687,43,remaining_92
1088,7,94,36,258.5349,-444.6568,663.1984,49.5334,2.0056,-0.7400,0.0000,578.6927,94,HoodImpact_1104_EuroNCAP_Remaining,688,44,remaining_92
1089,7,95,36,258.5295,755.3432,663.2350,49.5700,2.0056,-0.7665,0.0000,578.7293,95,HoodImpact_1104_EuroNCAP_Remaining,689,45,remaining_92
1090,7,96,36,359.2979,655.3432,687.8098,74.1448,2.0056,-0.5196,0.0000,603.3042,96,HoodImpact_1104_EuroNCAP_Remaining,690,46,remaining_92
1091,7,97,36,358.9454,-344.6568,687.7528,74.0878,2.0056,-0.5141,0.0000,603.2472,97,HoodImpact_1104_EuroNCAP_Remaining,691,47,remaining_92
1092,7,98,36,185.2867,855.3432,647.1045,33.4395,2.0056,-0.2806,0.0000,562.5989,98,HoodImpact_1104_EuroNCAP_Remaining,692,48,remaining_92
1093,7,99,36,185.1405,-544.6568,647.0732,33.4082,2.0056,-0.2140,0.0000,562.5676,99,HoodImpact_1104_EuroNCAP_Remaining,693,49,remaining_92
1094,7,100,36,116.1776,-244.6568,649.8783,36.2133,2.0056,-0.1275,0.0000,565.3727,100,HoodImpact_1104_EuroNCAP_Remaining,694,50,remaining_92
1095,7,101,36,214.1987,555.3432,669.3322,55.6672,2.0056,-0.6264,0.0000,584.8266,101,HoodImpact_1104_EuroNCAP_Remaining,695,51,remaining_92
1096,7,102,36,179.9884,355.3432,674.0662,60.4012,2.0056,-0.7707,0.0000,589.5605,102,HoodImpact_1104_EuroNCAP_Remaining,696,52,remaining_92
1097,7,103,36,192.4299,455.3432,671.1990,57.5340,2.0056,-0.6001,0.0000,586.6933,103,HoodImpact_1104_EuroNCAP_Remaining,697,53,remaining_92
1098,7,104,36,62.7183,755.3432,622.9677,9.3027,2.0056,0.5220,0.0000,538.4621,104,HoodImpact_1104_EuroNCAP_Remaining,698,54,remaining_92
1099,7,105,36,-2.7445,455.3432,627.7978,14.1328,2.0056,0.9492,0.0000,543.2922,105,HoodImpact_1104_EuroNCAP_Remaining,699,55,remaining_92
1100,7,106,36,73.5620,255.3432,656.6594,42.9944,2.0056,-0.1760,0.0000,572.1538,106,HoodImpact_1104_EuroNCAP_Remaining,700,56,remaining_92
1101,7,107,36,163.2816,655.3432,649.7084,36.0434,2.0056,1.6502,1.3744,563.8283,107,HoodImpact_1104_EuroNCAP_Remaining,701,57,remaining_92
1102,7,108,36,162.9343,-344.6568,649.6261,35.9611,2.0056,1.6502,1.3751,563.7454,108,HoodImpact_1104_EuroNCAP_Remaining,702,58,remaining_92
1103,7,109,36,62.7184,-444.6568,622.9668,9.3018,2.0056,0.5103,0.0000,538.4612,109,HoodImpact_1104_EuroNCAP_Remaining,703,59,remaining_92
1104,7,110,36,18.8582,-244.6568,626.9138,13.2488,2.0056,0.6276,0.0000,542.4082,110,HoodImpact_1104_EuroNCAP_Remaining,704,60,remaining_92
1105,7,111,36,18.7971,555.3432,626.8954,13.2304,2.0056,0.5888,0.0000,542.3898,111,HoodImpact_1104_EuroNCAP_Remaining,705,61,remaining_92
1106,7,112,36,-29.4757,655.3432,597.8684,-15.7966,2.0056,1.6502,2.7370,510.6257,112,HoodImpact_1104_EuroNCAP_Remaining,706,62,remaining_92
1107,7,113,36,-98.5662,-144.6568,599.5792,-14.0858,2.0056,1.6501,0.3544,514.7191,113,HoodImpact_1104_EuroNCAP_Remaining,707,63,remaining_92
1108,7,114,36,-119.2835,55.3432,604.4130,-9.2520,2.0056,1.6510,0.3629,519.5444,114,HoodImpact_1104_EuroNCAP_Remaining,708,64,remaining_92
1109,7,115,36,-119.3001,255.3432,604.4300,-9.2350,2.0056,1.6501,0.3861,519.5383,115,HoodImpact_1104_EuroNCAP_Remaining,709,65,remaining_92
1110,7,116,36,-15.1278,355.3432,630.4519,16.7869,2.0056,0.9164,0.0000,545.9463,116,HoodImpact_1104_EuroNCAP_Remaining,710,66,remaining_92
1111,7,117,36,-29.8161,-344.6568,597.7377,-15.9273,2.0056,1.6502,2.7114,510.5207,117,HoodImpact_1104_EuroNCAP_Remaining,711,67,remaining_92
1112,7,118,36,-33.5019,755.3432,595.7717,-17.8933,2.0056,1.5880,0.0000,511.2661,118,HoodImpact_1104_EuroNCAP_Remaining,712,68,remaining_92
1113,7,119,36,-128.1312,-444.6568,565.0961,-48.5689,2.0056,1.6502,1.6083,478.9822,119,HoodImpact_1104_EuroNCAP_Remaining,713,69,remaining_92
1114,7,120,36,-98.5645,455.3432,599.6840,-13.9810,2.0056,1.6501,0.4604,514.7180,120,HoodImpact_1104_EuroNCAP_Remaining,714,70,remaining_92
1115,7,121,36,-110.8401,-44.6568,602.0099,-11.6551,2.0056,1.6508,0.5091,516.9953,121,HoodImpact_1104_EuroNCAP_Remaining,715,71,remaining_92
1116,7,122,36,-125.1790,655.3432,566.7915,-46.8735,2.0056,1.6501,0.6305,481.6554,122,HoodImpact_1104_EuroNCAP_Remaining,716,72,remaining_92
1117,7,123,36,-219.7703,-344.6568,534.6976,-78.9674,2.0056,1.6502,2.0098,448.1822,123,HoodImpact_1104_EuroNCAP_Remaining,717,73,remaining_92
1118,7,124,36,-172.0244,555.3432,568.6828,-44.9822,2.0056,1.6502,1.4330,482.7441,124,HoodImpact_1104_EuroNCAP_Remaining,718,74,remaining_92
1119,7,125,36,-171.9654,-244.6568,568.6266,-45.0384,2.0056,1.6506,1.3537,482.7673,125,HoodImpact_1104_EuroNCAP_Remaining,719,75,remaining_92
1120,7,126,36,-286.1733,455.3432,532.7451,-80.9199,2.0056,1.6504,2.6865,445.5530,126,HoodImpact_1104_EuroNCAP_Remaining,720,76,remaining_92
1121,7,127,36,-193.0224,-144.6568,568.0870,-45.5780,2.0056,1.6503,1.6748,481.9065,127,HoodImpact_1104_EuroNCAP_Remaining,721,77,remaining_92
1122,7,128,36,-205.2019,355.3432,569.9713,-43.6937,2.0056,1.6501,1.5398,483.9259,128,HoodImpact_1104_EuroNCAP_Remaining,722,78,remaining_92
1123,7,129,36,-298.3532,-44.6568,534.8283,-78.8367,2.0056,1.6501,2.7693,447.5533,129,HoodImpact_1104_EuroNCAP_Remaining,723,79,remaining_92
1124,7,130,36,-213.6607,55.3432,572.6377,-41.0273,2.0056,1.6502,1.6272,486.5049,130,HoodImpact_1104_EuroNCAP_Remaining,724,80,remaining_92
1125,7,131,36,-213.6773,255.3432,572.6131,-41.0519,2.0056,1.6502,1.6086,486.4988,131,HoodImpact_1104_EuroNCAP_Remaining,725,81,remaining_92
1126,7,132,36,-310.2512,155.3432,539.7429,-73.9221,2.0056,1.6501,2.7680,452.4693,132,HoodImpact_1104_EuroNCAP_Remaining,726,82,remaining_92
1127,7,133,36,-26.9038,155.3432,634.8376,21.1726,2.0056,0.6373,0.0000,550.3320,133,HoodImpact_1104_EuroNCAP_Remaining,727,83,remaining_92
1128,7,134,36,168.6219,155.3432,676.5526,62.8876,2.0056,-0.9044,0.0000,592.0470,134,HoodImpact_1104_EuroNCAP_Remaining,728,84,remaining_92
1129,7,135,36,465.9969,155.3432,715.7879,102.1229,2.0056,-1.5995,0.0000,631.2822,135,HoodImpact_1104_EuroNCAP_Remaining,729,85,remaining_92
1130,7,136,36,81.9298,-44.6568,654.4656,40.8006,2.0056,-0.0851,0.0000,569.9600,136,HoodImpact_1104_EuroNCAP_Remaining,730,86,remaining_92
1131,7,137,36,94.3878,-144.6568,651.5287,37.8637,2.0056,-0.0036,0.0000,567.0231,137,HoodImpact_1104_EuroNCAP_Remaining,731,87,remaining_92
1132,7,138,36,192.4285,-144.6568,671.1994,57.5344,2.0056,-0.6079,0.0000,586.6937,138,HoodImpact_1104_EuroNCAP_Remaining,732,88,remaining_92
1133,7,139,36,73.5793,55.3432,656.6632,42.9982,2.0056,-0.1545,0.0000,572.1576,139,HoodImpact_1104_EuroNCAP_Remaining,733,89,remaining_92
1134,7,140,36,366.6202,155.3432,704.6502,90.9852,2.0056,-1.4877,0.0000,620.1446,140,HoodImpact_1104_EuroNCAP_Remaining,734,90,remaining_92
1135,7,141,36,70.3669,155.3432,657.9921,44.3271,2.0056,-0.2455,0.0000,573.4865,141,HoodImpact_1104_EuroNCAP_Remaining,735,91,remaining_92
1136,7,142,36,-122.8083,155.3432,606.7929,-6.8721,2.0056,1.6506,0.2425,522.0447,142,HoodImpact_1104_EuroNCAP_Remaining,736,92,remaining_92
1137,8,1,41,780.1084,855.3432,722.5654,108.9004,2.0056,-1.8514,0.0000,638.0598,1,HoodImpact_600_EuroNCAP,401,1,selected_50
1138,8,2,41,779.9595,-544.6568,722.5528,108.8878,2.0056,-1.8503,0.0000,638.0471,2,HoodImpact_600_EuroNCAP,402,2,selected_50
1139,8,3,41,160.1135,755.3432,645.6073,31.9423,2.0056,-0.3051,0.0000,561.1017,3,HoodImpact_600_EuroNCAP,403,3,selected_50
1140,8,4,41,-265.2894,555.3432,533.9590,-79.7060,2.0056,1.6501,2.7664,446.6869,4,HoodImpact_600_EuroNCAP,404,4,selected_50
1141,8,5,41,283.4247,-544.6568,665.4919,51.8269,2.0056,-0.7811,0.0000,580.9863,5,HoodImpact_600_EuroNCAP,405,5,selected_50
1142,8,6,41,-265.2296,-244.6568,533.9465,-79.7185,2.0056,1.6509,2.7339,446.7070,6,HoodImpact_600_EuroNCAP,406,6,selected_50
1143,8,7,41,510.8000,555.3432,713.9460,100.2810,2.0056,-1.5164,0.0000,629.4404,7,HoodImpact_600_EuroNCAP,407,7,selected_50
1144,8,8,41,510.8630,-244.6568,713.9525,100.2875,2.0056,-1.5389,0.0000,629.4469,8,HoodImpact_600_EuroNCAP,408,8,selected_50
1145,8,9,41,94.3893,455.3432,651.5279,37.8629,2.0056,-0.0261,0.0000,567.0223,9,HoodImpact_600_EuroNCAP,409,9,selected_50
1146,8,10,41,-33.5021,-444.6568,595.7718,-17.8932,2.0056,1.5817,0.0000,511.2662,10,HoodImpact_600_EuroNCAP,410,10,selected_50
1147,8,11,41,481.4907,855.3432,694.1675,80.5025,2.0056,-1.5248,0.0000,609.6619,11,HoodImpact_600_EuroNCAP,411,11,selected_50
1148,8,12,41,-128.1311,755.3432,565.0968,-48.5682,2.0056,1.6502,1.6090,478.9822,12,HoodImpact_600_EuroNCAP,412,12,selected_50
1149,8,13,41,-306.7720,255.3432,537.0431,-76.6219,2.0056,1.6502,2.5408,449.9967,13,HoodImpact_600_EuroNCAP,413,13,selected_50
1150,8,14,41,576.5633,355.3432,725.3049,111.6399,2.0056,-1.7397,0.0000,640.7993,14,HoodImpact_600_EuroNCAP,414,14,selected_50
1151,8,15,41,576.5583,-44.6568,725.3044,111.6394,2.0056,-1.7381,0.0000,640.7988,15,HoodImpact_600_EuroNCAP,415,15,selected_50
1152,8,16,41,278.6628,355.3432,690.2729,76.6079,2.0056,-1.0443,0.0000,605.7672,16,HoodImpact_600_EuroNCAP,416,16,selected_50
1153,8,17,41,-205.2068,-44.6568,569.9969,-43.6681,2.0056,1.6508,1.5666,483.9247,17,HoodImpact_600_EuroNCAP,417,17,selected_50
1154,8,18,41,556.6869,-444.6568,696.0199,82.3549,2.0056,0.8049,0.0000,611.5143,18,HoodImpact_600_EuroNCAP,418,18,selected_50
1155,8,19,41,260.5862,-344.6568,669.7750,56.1100,2.0056,1.1642,0.0000,585.2694,19,HoodImpact_600_EuroNCAP,419,19,selected_50
1156,8,20,41,-110.8354,355.3432,601.9975,-11.6675,2.0056,1.6508,0.4950,516.9969,20,HoodImpact_600_EuroNCAP,420,20,selected_50
1157,8,21,41,377.7089,-44.6568,704.0001,90.3351,2.0056,-1.3514,0.0000,619.4945,21,HoodImpact_600_EuroNCAP,421,21,selected_50
1158,8,22,41,312.7224,555.3432,686.4424,72.7774,2.0056,-1.0792,0.0000,601.9368,22,HoodImpact_600_EuroNCAP,422,22,selected_50
1159,8,23,41,-77.2524,-244.6568,599.4379,-14.2271,2.0056,1.6501,0.1049,514.8274,23,HoodImpact_600_EuroNCAP,423,23,selected_50
1160,8,24,41,-77.3130,555.3432,599.3848,-14.2802,2.0056,1.6502,0.0705,514.8087,24,HoodImpact_600_EuroNCAP,424,24,selected_50
1161,8,25,41,657.1662,655.3432,722.9742,109.3092,2.0056,-1.5653,0.0000,638.4685,25,HoodImpact_600_EuroNCAP,425,25,selected_50
1162,8,26,41,565.5359,155.3432,725.3718,111.7068,2.0056,-1.6729,0.0000,640.8661,26,HoodImpact_600_EuroNCAP,426,26,selected_50
1163,8,27,41,357.7544,755.3432,675.6093,61.9443,2.0056,-0.7090,0.0000,591.1036,27,HoodImpact_600_EuroNCAP,427,27,selected_50
1164,8,28,41,270.4669,55.3432,691.5633,77.8983,2.0056,-1.1981,0.0000,607.0577,28,HoodImpact_600_EuroNCAP,428,28,selected_50
1165,8,29,41,-306.7556,55.3432,537.0754,-76.5896,2.0056,1.6502,2.5664,450.0034,29,HoodImpact_600_EuroNCAP,429,29,selected_50
1166,8,30,41,160.1126,-444.6568,645.6116,31.9466,2.0056,-0.3600,0.0000,561.1059,30,HoodImpact_600_EuroNCAP,430,30,selected_50
1167,8,31,41,656.8107,-344.6568,722.9409,109.2759,2.0056,-1.5690,0.0000,638.4353,31,HoodImpact_600_EuroNCAP,431,31,selected_50
1168,8,32,41,66.2616,-344.6568,626.1068,12.4418,2.0056,1.6503,3.3946,538.2066,32,HoodImpact_600_EuroNCAP,432,32,selected_50
1169,8,33,41,66.6051,655.3432,626.2189,12.5539,2.0056,1.6503,3.4094,538.3038,33,HoodImpact_600_EuroNCAP,433,33,selected_50
1170,8,34,41,291.0172,-144.6568,687.9254,74.2604,2.0056,-1.0005,0.0000,603.4198,34,HoodImpact_600_EuroNCAP,434,34,selected_50
1171,8,35,41,171.6919,255.3432,675.8705,62.2055,2.0056,-0.7921,0.0000,591.3648,35,HoodImpact_600_EuroNCAP,435,35,selected_50
1172,8,36,41,389.9592,455.3432,702.4287,88.7637,2.0056,-1.4117,0.0000,617.9230,36,HoodImpact_600_EuroNCAP,436,36,selected_50
1173,8,37,41,-23.5537,255.3432,632.8642,19.1992,2.0056,0.6783,0.0000,548.3586,37,HoodImpact_600_EuroNCAP,437,37,selected_50
1174,8,38,41,481.3422,-544.6568,694.1494,80.4844,2.0056,-1.5308,0.0000,609.6437,38,HoodImpact_600_EuroNCAP,438,38,selected_50
1175,8,39,41,556.6876,755.3432,696.0364,82.3714,2.0056,0.8348,0.0000,611.5308,39,HoodImpact_600_EuroNCAP,439,39,selected_50
1176,8,40,41,-2.7459,-144.6568,627.7982,14.1332,2.0056,0.9576,0.0000,543.2926,40,HoodImpact_600_EuroNCAP,440,40,selected_50
1177,8,41,41,357.7543,-444.6568,675.6092,61.9442,2.0056,-0.7091,0.0000,591.1036,41,HoodImpact_600_EuroNCAP,441,41,selected_50
1178,8,42,41,283.5723,855.3432,665.5166,51.8516,2.0056,-0.9840,0.0000,581.0110,42,HoodImpact_600_EuroNCAP,442,42,selected_50
1179,8,43,41,-193.0211,455.3432,567.9550,-45.7100,2.0056,1.6501,1.5423,481.9070,43,HoodImpact_600_EuroNCAP,443,43,selected_50
1180,8,44,41,468.9423,255.3432,715.9602,102.2952,2.0056,-1.7589,0.0000,631.4546,44,HoodImpact_600_EuroNCAP,444,44,selected_50
1181,8,45,41,-217.2723,155.3432,575.3034,-38.3616,2.0056,1.6502,1.5384,489.2593,45,HoodImpact_600_EuroNCAP,445,45,selected_50
1182,8,46,41,468.9599,55.3432,715.9621,102.2971,2.0056,-1.7614,0.0000,631.4564,46,HoodImpact_600_EuroNCAP,446,46,selected_50
1183,8,47,41,457.9314,-344.6568,701.9258,88.2608,2.0056,-0.9385,0.0000,617.4202,47,HoodImpact_600_EuroNCAP,447,47,selected_50
1184,8,48,41,458.2863,655.3432,701.9652,88.3002,2.0056,-1.1187,0.0000,617.4596,48,HoodImpact_600_EuroNCAP,448,48,selected_50
1185,8,49,41,260.9358,655.3432,669.8476,56.1826,2.0056,1.1726,0.0000,585.3420,49,HoodImpact_600_EuroNCAP,449,49,selected_50
1186,8,50,41,-125.5168,-344.6568,566.6832,-46.9818,2.0056,1.6501,0.6332,481.5444,50,HoodImpact_600_EuroNCAP,450,50,selected_50
1187,8,51,41,214.2609,-244.6568,669.3444,55.6794,2.0056,-0.5950,0.0000,584.8388,51,HoodImpact_1104_EuroNCAP_Remaining,737,1,remaining_92
1188,8,52,41,-219.4391,655.3432,534.7853,-78.8797,2.0056,1.6507,1.9682,448.3115,52,HoodImpact_1104_EuroNCAP_Remaining,738,2,remaining_92
1189,8,53,41,-23.5365,55.3432,632.8684,19.2034,2.0056,0.6946,0.0000,548.3628,53,HoodImpact_1104_EuroNCAP_Remaining,739,3,remaining_92
1190,8,54,41,179.9834,-44.6568,674.0653,60.4003,2.0056,-0.7711,0.0000,589.5597,54,HoodImpact_1104_EuroNCAP_Remaining,740,4,remaining_92
1191,8,55,41,116.1159,555.3432,649.8636,36.1986,2.0056,-0.1625,0.0000,565.3579,55,HoodImpact_1104_EuroNCAP_Remaining,741,5,remaining_92
1192,8,56,41,489.1986,-144.6568,714.7092,101.0442,2.0056,-1.6208,0.0000,630.2036,56,HoodImpact_1104_EuroNCAP_Remaining,742,6,remaining_92
1193,8,57,41,-286.1735,-144.6568,532.7077,-80.9573,2.0056,1.6503,2.6519,445.5502,57,HoodImpact_1104_EuroNCAP_Remaining,743,7,remaining_92
1194,8,58,41,81.9348,355.3432,654.4663,40.8013,2.0056,-0.0822,0.0000,569.9607,58,HoodImpact_1104_EuroNCAP_Remaining,744,8,remaining_92
1195,8,59,41,588.7217,455.3432,724.4534,110.7884,2.0056,-1.6904,0.0000,639.9478,59,HoodImpact_1104_EuroNCAP_Remaining,745,9,remaining_92
1196,8,60,41,-298.3486,355.3432,534.7772,-78.8878,2.0056,1.6501,2.7163,447.5553,60,HoodImpact_1104_EuroNCAP_Remaining,746,10,remaining_92
1197,8,61,41,-15.1327,-44.6568,630.4512,16.7862,2.0056,0.9164,0.0000,545.9455,61,HoodImpact_1104_EuroNCAP_Remaining,747,11,remaining_92
1198,8,62,41,267.4594,155.3432,691.7349,78.0699,2.0056,-1.3393,0.0000,607.2293,62,HoodImpact_1104_EuroNCAP_Remaining,748,12,remaining_92
1199,8,63,41,680.4156,855.3432,714.7480,101.0830,2.0056,-1.7868,0.0000,630.2424,63,HoodImpact_1104_EuroNCAP_Remaining,749,13,remaining_92
1200,8,64,41,680.2686,-544.6568,714.7103,101.0453,2.0056,-1.8029,0.0000,630.2047,64,HoodImpact_1104_EuroNCAP_Remaining,750,14,remaining_92
1201,8,65,41,610.4081,-244.6568,723.4530,109.7880,2.0056,-1.7548,0.0000,638.9474,65,HoodImpact_1104_EuroNCAP_Remaining,751,15,remaining_92
1202,8,66,41,610.3450,555.3432,723.4477,109.7827,2.0056,-1.7371,0.0000,638.9421,66,HoodImpact_1104_EuroNCAP_Remaining,752,16,remaining_92
1203,8,67,41,568.4976,55.3432,725.5597,111.8947,2.0056,-1.8641,0.0000,641.0541,67,HoodImpact_1104_EuroNCAP_Remaining,753,17,remaining_92
1204,8,68,41,568.4800,255.3432,725.5581,111.8931,2.0056,-1.8632,0.0000,641.0525,68,HoodImpact_1104_EuroNCAP_Remaining,754,18,remaining_92
1205,8,69,41,477.0333,355.3432,715.6325,101.9675,2.0056,-1.6919,0.0000,631.1269,69,HoodImpact_1104_EuroNCAP_Remaining,755,19,remaining_92
1206,8,70,41,588.7204,-144.6568,724.4533,110.7883,2.0056,-1.6912,0.0000,639.9477,70,HoodImpact_1104_EuroNCAP_Remaining,756,20,remaining_92
1207,8,71,41,457.2813,755.3432,685.3132,71.6482,2.0056,-0.8417,0.0000,600.8075,71,HoodImpact_1104_EuroNCAP_Remaining,757,21,remaining_92
1208,8,72,41,457.2813,-444.6568,685.3131,71.6481,2.0056,-0.8417,0.0000,600.8075,72,HoodImpact_1104_EuroNCAP_Remaining,758,22,remaining_92
1209,8,73,41,369.5754,255.3432,704.7385,91.0735,2.0056,-1.5130,0.0000,620.2329,73,HoodImpact_1104_EuroNCAP_Remaining,759,23,remaining_92
1210,8,74,41,580.8567,855.3432,705.3987,91.7337,2.0056,-1.7095,0.0000,620.8930,74,HoodImpact_1104_EuroNCAP_Remaining,760,24,remaining_92
1211,8,75,41,580.7079,-544.6568,705.3832,91.7182,2.0056,-1.7052,0.0000,620.8775,75,HoodImpact_1104_EuroNCAP_Remaining,761,25,remaining_92
1212,8,76,41,557.6210,655.3432,713.4521,99.7871,2.0056,-1.4439,0.0000,628.9465,76,HoodImpact_1104_EuroNCAP_Remaining,762,26,remaining_92
1213,8,77,41,557.2657,-344.6568,713.4169,99.7519,2.0056,-1.3327,0.0000,628.9113,77,HoodImpact_1104_EuroNCAP_Remaining,763,27,remaining_92
1214,8,78,41,477.0283,-44.6568,715.6319,101.9669,2.0056,-1.6941,0.0000,631.1262,78,HoodImpact_1104_EuroNCAP_Remaining,764,28,remaining_92
1215,8,79,41,489.1998,455.3432,714.7096,101.0446,2.0056,-1.6146,0.0000,630.2039,79,HoodImpact_1104_EuroNCAP_Remaining,765,29,remaining_92
1216,8,80,41,411.6493,-244.6568,701.4658,87.8008,2.0056,-1.2185,0.0000,616.9602,80,HoodImpact_1104_EuroNCAP_Remaining,766,30,remaining_92
1217,8,81,41,369.5929,55.3432,704.7406,91.0756,2.0056,-1.5123,0.0000,620.2350,81,HoodImpact_1104_EuroNCAP_Remaining,767,31,remaining_92
1218,8,82,41,377.7139,355.3432,704.0007,90.3357,2.0056,-1.3516,0.0000,619.4951,82,HoodImpact_1104_EuroNCAP_Remaining,768,32,remaining_92
1219,8,83,41,389.9580,-144.6568,702.4282,88.7632,2.0056,-1.4241,0.0000,617.9226,83,HoodImpact_1104_EuroNCAP_Remaining,769,33,remaining_92
1220,8,84,41,291.0185,455.3432,687.9254,74.2604,2.0056,-1.1056,0.0000,603.4198,84,HoodImpact_1104_EuroNCAP_Remaining,770,34,remaining_92
1221,8,85,41,411.5864,555.3432,701.4579,87.7929,2.0056,-1.2784,0.0000,616.9523,85,HoodImpact_1104_EuroNCAP_Remaining,771,35,remaining_92
1222,8,86,41,655.4782,755.3432,711.5162,97.8512,2.0056,-0.0407,0.0000,627.0105,86,HoodImpact_1104_EuroNCAP_Remaining,772,36,remaining_92
1223,8,87,41,382.3621,855.3432,681.0093,67.3443,2.0056,-1.1609,0.0000,596.5037,87,HoodImpact_1104_EuroNCAP_Remaining,773,37,remaining_92
1224,8,88,41,382.2140,-544.6568,680.9879,67.3229,2.0056,-1.1609,0.0000,596.4823,88,HoodImpact_1104_EuroNCAP_Remaining,774,38,remaining_92
1225,8,89,41,655.4760,-444.6568,711.5155,97.8505,2.0056,-0.0621,0.0000,627.0098,89,HoodImpact_1104_EuroNCAP_Remaining,775,39,remaining_92
1226,8,90,41,171.7092,55.3432,675.8738,62.2088,2.0056,-0.7662,0.0000,591.3682,90,HoodImpact_1104_EuroNCAP_Remaining,776,40,remaining_92
1227,8,91,41,270.4494,255.3432,691.5608,77.8958,2.0056,-1.1992,0.0000,607.0551,91,HoodImpact_1104_EuroNCAP_Remaining,777,41,remaining_92
1228,8,92,41,278.6578,-44.6568,690.2721,76.6071,2.0056,-1.0441,0.0000,605.7665,92,HoodImpact_1104_EuroNCAP_Remaining,778,42,remaining_92
1229,8,93,41,312.7848,-244.6568,686.4534,72.7884,2.0056,-0.8852,0.0000,601.9477,93,HoodImpact_1104_EuroNCAP_Remaining,779,43,remaining_92
1230,8,94,41,258.5349,-444.6568,663.1984,49.5334,2.0056,-0.7400,0.0000,578.6927,94,HoodImpact_1104_EuroNCAP_Remaining,780,44,remaining_92
1231,8,95,41,258.5295,755.3432,663.2350,49.5700,2.0056,-0.7665,0.0000,578.7293,95,HoodImpact_1104_EuroNCAP_Remaining,781,45,remaining_92
1232,8,96,41,359.2979,655.3432,687.8098,74.1448,2.0056,-0.5196,0.0000,603.3042,96,HoodImpact_1104_EuroNCAP_Remaining,782,46,remaining_92
1233,8,97,41,358.9454,-344.6568,687.7528,74.0878,2.0056,-0.5141,0.0000,603.2472,97,HoodImpact_1104_EuroNCAP_Remaining,783,47,remaining_92
1234,8,98,41,185.2867,855.3432,647.1045,33.4395,2.0056,-0.2806,0.0000,562.5989,98,HoodImpact_1104_EuroNCAP_Remaining,784,48,remaining_92
1235,8,99,41,185.1405,-544.6568,647.0732,33.4082,2.0056,-0.2140,0.0000,562.5676,99,HoodImpact_1104_EuroNCAP_Remaining,785,49,remaining_92
1236,8,100,41,116.1776,-244.6568,649.8783,36.2133,2.0056,-0.1275,0.0000,565.3727,100,HoodImpact_1104_EuroNCAP_Remaining,786,50,remaining_92
1237,8,101,41,214.1987,555.3432,669.3322,55.6672,2.0056,-0.6264,0.0000,584.8266,101,HoodImpact_1104_EuroNCAP_Remaining,787,51,remaining_92
1238,8,102,41,179.9884,355.3432,674.0662,60.4012,2.0056,-0.7707,0.0000,589.5605,102,HoodImpact_1104_EuroNCAP_Remaining,788,52,remaining_92
1239,8,103,41,192.4299,455.3432,671.1990,57.5340,2.0056,-0.6001,0.0000,586.6933,103,HoodImpact_1104_EuroNCAP_Remaining,789,53,remaining_92
1240,8,104,41,62.7183,755.3432,622.9677,9.3027,2.0056,0.5220,0.0000,538.4621,104,HoodImpact_1104_EuroNCAP_Remaining,790,54,remaining_92
1241,8,105,41,-2.7445,455.3432,627.7978,14.1328,2.0056,0.9492,0.0000,543.2922,105,HoodImpact_1104_EuroNCAP_Remaining,791,55,remaining_92
1242,8,106,41,73.5620,255.3432,656.6594,42.9944,2.0056,-0.1760,0.0000,572.1538,106,HoodImpact_1104_EuroNCAP_Remaining,792,56,remaining_92
1243,8,107,41,163.2816,655.3432,649.7084,36.0434,2.0056,1.6502,1.3744,563.8283,107,HoodImpact_1104_EuroNCAP_Remaining,793,57,remaining_92
1244,8,108,41,162.9343,-344.6568,649.6261,35.9611,2.0056,1.6502,1.3751,563.7454,108,HoodImpact_1104_EuroNCAP_Remaining,794,58,remaining_92
1245,8,109,41,62.7184,-444.6568,622.9668,9.3018,2.0056,0.5103,0.0000,538.4612,109,HoodImpact_1104_EuroNCAP_Remaining,795,59,remaining_92
1246,8,110,41,18.8582,-244.6568,626.9138,13.2488,2.0056,0.6276,0.0000,542.4082,110,HoodImpact_1104_EuroNCAP_Remaining,796,60,remaining_92
1247,8,111,41,18.7971,555.3432,626.8954,13.2304,2.0056,0.5888,0.0000,542.3898,111,HoodImpact_1104_EuroNCAP_Remaining,797,61,remaining_92
1248,8,112,41,-29.4757,655.3432,597.8684,-15.7966,2.0056,1.6502,2.7370,510.6257,112,HoodImpact_1104_EuroNCAP_Remaining,798,62,remaining_92
1249,8,113,41,-98.5662,-144.6568,599.5792,-14.0858,2.0056,1.6501,0.3544,514.7191,113,HoodImpact_1104_EuroNCAP_Remaining,799,63,remaining_92
1250,8,114,41,-119.2835,55.3432,604.4130,-9.2520,2.0056,1.6510,0.3629,519.5444,114,HoodImpact_1104_EuroNCAP_Remaining,800,64,remaining_92
1251,8,115,41,-119.3001,255.3432,604.4300,-9.2350,2.0056,1.6501,0.3861,519.5383,115,HoodImpact_1104_EuroNCAP_Remaining,801,65,remaining_92
1252,8,116,41,-15.1278,355.3432,630.4519,16.7869,2.0056,0.9164,0.0000,545.9463,116,HoodImpact_1104_EuroNCAP_Remaining,802,66,remaining_92
1253,8,117,41,-29.8161,-344.6568,597.7377,-15.9273,2.0056,1.6502,2.7114,510.5207,117,HoodImpact_1104_EuroNCAP_Remaining,803,67,remaining_92
1254,8,118,41,-33.5019,755.3432,595.7717,-17.8933,2.0056,1.5880,0.0000,511.2661,118,HoodImpact_1104_EuroNCAP_Remaining,804,68,remaining_92
1255,8,119,41,-128.1312,-444.6568,565.0961,-48.5689,2.0056,1.6502,1.6083,478.9822,119,HoodImpact_1104_EuroNCAP_Remaining,805,69,remaining_92
1256,8,120,41,-98.5645,455.3432,599.6840,-13.9810,2.0056,1.6501,0.4604,514.7180,120,HoodImpact_1104_EuroNCAP_Remaining,806,70,remaining_92
1257,8,121,41,-110.8401,-44.6568,602.0099,-11.6551,2.0056,1.6508,0.5091,516.9953,121,HoodImpact_1104_EuroNCAP_Remaining,807,71,remaining_92
1258,8,122,41,-125.1790,655.3432,566.7915,-46.8735,2.0056,1.6501,0.6305,481.6554,122,HoodImpact_1104_EuroNCAP_Remaining,808,72,remaining_92
1259,8,123,41,-219.7703,-344.6568,534.6976,-78.9674,2.0056,1.6502,2.0098,448.1822,123,HoodImpact_1104_EuroNCAP_Remaining,809,73,remaining_92
1260,8,124,41,-172.0244,555.3432,568.6828,-44.9822,2.0056,1.6502,1.4330,482.7441,124,HoodImpact_1104_EuroNCAP_Remaining,810,74,remaining_92
1261,8,125,41,-171.9654,-244.6568,568.6266,-45.0384,2.0056,1.6506,1.3537,482.7673,125,HoodImpact_1104_EuroNCAP_Remaining,811,75,remaining_92
1262,8,126,41,-286.1733,455.3432,532.7451,-80.9199,2.0056,1.6504,2.6865,445.5530,126,HoodImpact_1104_EuroNCAP_Remaining,812,76,remaining_92
1263,8,127,41,-193.0224,-144.6568,568.0870,-45.5780,2.0056,1.6503,1.6748,481.9065,127,HoodImpact_1104_EuroNCAP_Remaining,813,77,remaining_92
1264,8,128,41,-205.2019,355.3432,569.9713,-43.6937,2.0056,1.6501,1.5398,483.9259,128,HoodImpact_1104_EuroNCAP_Remaining,814,78,remaining_92
1265,8,129,41,-298.3532,-44.6568,534.8283,-78.8367,2.0056,1.6501,2.7693,447.5533,129,HoodImpact_1104_EuroNCAP_Remaining,815,79,remaining_92
1266,8,130,41,-213.6607,55.3432,572.6377,-41.0273,2.0056,1.6502,1.6272,486.5049,130,HoodImpact_1104_EuroNCAP_Remaining,816,80,remaining_92
1267,8,131,41,-213.6773,255.3432,572.6131,-41.0519,2.0056,1.6502,1.6086,486.4988,131,HoodImpact_1104_EuroNCAP_Remaining,817,81,remaining_92
1268,8,132,41,-310.2512,155.3432,539.7429,-73.9221,2.0056,1.6501,2.7680,452.4693,132,HoodImpact_1104_EuroNCAP_Remaining,818,82,remaining_92
1269,8,133,41,-26.9038,155.3432,634.8376,21.1726,2.0056,0.6373,0.0000,550.3320,133,HoodImpact_1104_EuroNCAP_Remaining,819,83,remaining_92
1270,8,134,41,168.6219,155.3432,676.5526,62.8876,2.0056,-0.9044,0.0000,592.0470,134,HoodImpact_1104_EuroNCAP_Remaining,820,84,remaining_92
1271,8,135,41,465.9969,155.3432,715.7879,102.1229,2.0056,-1.5995,0.0000,631.2822,135,HoodImpact_1104_EuroNCAP_Remaining,821,85,remaining_92
1272,8,136,41,81.9298,-44.6568,654.4656,40.8006,2.0056,-0.0851,0.0000,569.9600,136,HoodImpact_1104_EuroNCAP_Remaining,822,86,remaining_92
1273,8,137,41,94.3878,-144.6568,651.5287,37.8637,2.0056,-0.0036,0.0000,567.0231,137,HoodImpact_1104_EuroNCAP_Remaining,823,87,remaining_92
1274,8,138,41,192.4285,-144.6568,671.1994,57.5344,2.0056,-0.6079,0.0000,586.6937,138,HoodImpact_1104_EuroNCAP_Remaining,824,88,remaining_92
1275,8,139,41,73.5793,55.3432,656.6632,42.9982,2.0056,-0.1545,0.0000,572.1576,139,HoodImpact_1104_EuroNCAP_Remaining,825,89,remaining_92
1276,8,140,41,366.6202,155.3432,704.6502,90.9852,2.0056,-1.4877,0.0000,620.1446,140,HoodImpact_1104_EuroNCAP_Remaining,826,90,remaining_92
1277,8,141,41,70.3669,155.3432,657.9909,44.3259,2.0056,-0.2443,0.0000,573.4852,141,HoodImpact_1104_EuroNCAP_Remaining,827,91,remaining_92
1278,8,142,41,-122.8083,155.3432,606.7929,-6.8721,2.0056,1.6506,0.2425,522.0447,142,HoodImpact_1104_EuroNCAP_Remaining,828,92,remaining_92
1279,9,1,46,780.1084,855.3432,722.5654,108.9004,2.0056,-1.8514,0.0000,638.0598,1,HoodImpact_600_EuroNCAP,451,1,selected_50
1280,9,2,46,779.9595,-544.6568,722.5528,108.8878,2.0056,-1.8503,0.0000,638.0471,2,HoodImpact_600_EuroNCAP,452,2,selected_50
1281,9,3,46,160.1135,755.3432,645.6073,31.9423,2.0056,-0.3051,0.0000,561.1017,3,HoodImpact_600_EuroNCAP,453,3,selected_50
1282,9,4,46,-265.2894,555.3432,533.9590,-79.7060,2.0056,1.6501,2.7664,446.6869,4,HoodImpact_600_EuroNCAP,454,4,selected_50
1283,9,5,46,283.4247,-544.6568,665.4919,51.8269,2.0056,-0.7811,0.0000,580.9863,5,HoodImpact_600_EuroNCAP,455,5,selected_50
1284,9,6,46,-265.2296,-244.6568,533.9465,-79.7185,2.0056,1.6509,2.7339,446.7070,6,HoodImpact_600_EuroNCAP,456,6,selected_50
1285,9,7,46,510.8000,555.3432,713.9460,100.2810,2.0056,-1.5164,0.0000,629.4404,7,HoodImpact_600_EuroNCAP,457,7,selected_50
1286,9,8,46,510.8630,-244.6568,713.9525,100.2875,2.0056,-1.5389,0.0000,629.4469,8,HoodImpact_600_EuroNCAP,458,8,selected_50
1287,9,9,46,94.3893,455.3432,651.5279,37.8629,2.0056,-0.0261,0.0000,567.0223,9,HoodImpact_600_EuroNCAP,459,9,selected_50
1288,9,10,46,-33.5021,-444.6568,595.7718,-17.8932,2.0056,1.5817,0.0000,511.2662,10,HoodImpact_600_EuroNCAP,460,10,selected_50
1289,9,11,46,481.4907,855.3432,694.1675,80.5025,2.0056,-1.5248,0.0000,609.6619,11,HoodImpact_600_EuroNCAP,461,11,selected_50
1290,9,12,46,-128.1311,755.3432,565.0968,-48.5682,2.0056,1.6502,1.6090,478.9822,12,HoodImpact_600_EuroNCAP,462,12,selected_50
1291,9,13,46,-306.7720,255.3432,537.0431,-76.6219,2.0056,1.6502,2.5408,449.9967,13,HoodImpact_600_EuroNCAP,463,13,selected_50
1292,9,14,46,576.5633,355.3432,725.3049,111.6399,2.0056,-1.7397,0.0000,640.7993,14,HoodImpact_600_EuroNCAP,464,14,selected_50
1293,9,15,46,576.5583,-44.6568,725.3044,111.6394,2.0056,-1.7381,0.0000,640.7988,15,HoodImpact_600_EuroNCAP,465,15,selected_50
1294,9,16,46,278.6628,355.3432,690.2729,76.6079,2.0056,-1.0443,0.0000,605.7672,16,HoodImpact_600_EuroNCAP,466,16,selected_50
1295,9,17,46,-205.2068,-44.6568,569.9969,-43.6681,2.0056,1.6508,1.5666,483.9247,17,HoodImpact_600_EuroNCAP,467,17,selected_50
1296,9,18,46,556.6869,-444.6568,696.0199,82.3549,2.0056,0.8049,0.0000,611.5143,18,HoodImpact_600_EuroNCAP,468,18,selected_50
1297,9,19,46,260.5862,-344.6568,669.7750,56.1100,2.0056,1.1642,0.0000,585.2694,19,HoodImpact_600_EuroNCAP,469,19,selected_50
1298,9,20,46,-110.8354,355.3432,601.9975,-11.6675,2.0056,1.6508,0.4950,516.9969,20,HoodImpact_600_EuroNCAP,470,20,selected_50
1299,9,21,46,377.7089,-44.6568,704.0001,90.3351,2.0056,-1.3514,0.0000,619.4945,21,HoodImpact_600_EuroNCAP,471,21,selected_50
1300,9,22,46,312.7224,555.3432,686.4424,72.7774,2.0056,-1.0792,0.0000,601.9368,22,HoodImpact_600_EuroNCAP,472,22,selected_50
1301,9,23,46,-77.2524,-244.6568,599.4379,-14.2271,2.0056,1.6501,0.1049,514.8274,23,HoodImpact_600_EuroNCAP,473,23,selected_50
1302,9,24,46,-77.3130,555.3432,599.3848,-14.2802,2.0056,1.6502,0.0705,514.8087,24,HoodImpact_600_EuroNCAP,474,24,selected_50
1303,9,25,46,657.1662,655.3432,722.9742,109.3092,2.0056,-1.5653,0.0000,638.4685,25,HoodImpact_600_EuroNCAP,475,25,selected_50
1304,9,26,46,565.5359,155.3432,725.3718,111.7068,2.0056,-1.6729,0.0000,640.8661,26,HoodImpact_600_EuroNCAP,476,26,selected_50
1305,9,27,46,357.7544,755.3432,675.6093,61.9443,2.0056,-0.7090,0.0000,591.1036,27,HoodImpact_600_EuroNCAP,477,27,selected_50
1306,9,28,46,270.4669,55.3432,691.5633,77.8983,2.0056,-1.1981,0.0000,607.0577,28,HoodImpact_600_EuroNCAP,478,28,selected_50
1307,9,29,46,-306.7556,55.3432,537.0754,-76.5896,2.0056,1.6502,2.5664,450.0034,29,HoodImpact_600_EuroNCAP,479,29,selected_50
1308,9,30,46,160.1126,-444.6568,645.6116,31.9466,2.0056,-0.3600,0.0000,561.1059,30,HoodImpact_600_EuroNCAP,480,30,selected_50
1309,9,31,46,656.8107,-344.6568,722.9409,109.2759,2.0056,-1.5690,0.0000,638.4353,31,HoodImpact_600_EuroNCAP,481,31,selected_50
1310,9,32,46,66.2616,-344.6568,626.1068,12.4418,2.0056,1.6503,3.3946,538.2066,32,HoodImpact_600_EuroNCAP,482,32,selected_50
1311,9,33,46,66.6051,655.3432,626.2189,12.5539,2.0056,1.6503,3.4094,538.3038,33,HoodImpact_600_EuroNCAP,483,33,selected_50
1312,9,34,46,291.0172,-144.6568,687.9254,74.2604,2.0056,-1.0005,0.0000,603.4198,34,HoodImpact_600_EuroNCAP,484,34,selected_50
1313,9,35,46,171.6919,255.3432,675.8705,62.2055,2.0056,-0.7921,0.0000,591.3648,35,HoodImpact_600_EuroNCAP,485,35,selected_50
1314,9,36,46,389.9592,455.3432,702.4287,88.7637,2.0056,-1.4117,0.0000,617.9230,36,HoodImpact_600_EuroNCAP,486,36,selected_50
1315,9,37,46,-23.5537,255.3432,632.8642,19.1992,2.0056,0.6783,0.0000,548.3586,37,HoodImpact_600_EuroNCAP,487,37,selected_50
1316,9,38,46,481.3422,-544.6568,694.1494,80.4844,2.0056,-1.5308,0.0000,609.6437,38,HoodImpact_600_EuroNCAP,488,38,selected_50
1317,9,39,46,556.6876,755.3432,696.0364,82.3714,2.0056,0.8348,0.0000,611.5308,39,HoodImpact_600_EuroNCAP,489,39,selected_50
1318,9,40,46,-2.7459,-144.6568,627.7982,14.1332,2.0056,0.9576,0.0000,543.2926,40,HoodImpact_600_EuroNCAP,490,40,selected_50
1319,9,41,46,357.7543,-444.6568,675.6092,61.9442,2.0056,-0.7091,0.0000,591.1036,41,HoodImpact_600_EuroNCAP,491,41,selected_50
1320,9,42,46,283.5723,855.3432,665.5166,51.8516,2.0056,-0.9840,0.0000,581.0110,42,HoodImpact_600_EuroNCAP,492,42,selected_50
1321,9,43,46,-193.0211,455.3432,567.9550,-45.7100,2.0056,1.6501,1.5423,481.9070,43,HoodImpact_600_EuroNCAP,493,43,selected_50
1322,9,44,46,468.9423,255.3432,715.9602,102.2952,2.0056,-1.7589,0.0000,631.4546,44,HoodImpact_600_EuroNCAP,494,44,selected_50
1323,9,45,46,-217.2723,155.3432,575.3034,-38.3616,2.0056,1.6502,1.5384,489.2593,45,HoodImpact_600_EuroNCAP,495,45,selected_50
1324,9,46,46,468.9599,55.3432,715.9621,102.2971,2.0056,-1.7614,0.0000,631.4564,46,HoodImpact_600_EuroNCAP,496,46,selected_50
1325,9,47,46,457.9314,-344.6568,701.9258,88.2608,2.0056,-0.9385,0.0000,617.4202,47,HoodImpact_600_EuroNCAP,497,47,selected_50
1326,9,48,46,458.2863,655.3432,701.9652,88.3002,2.0056,-1.1187,0.0000,617.4596,48,HoodImpact_600_EuroNCAP,498,48,selected_50
1327,9,49,46,260.9358,655.3432,669.8476,56.1826,2.0056,1.1726,0.0000,585.3420,49,HoodImpact_600_EuroNCAP,499,49,selected_50
1328,9,50,46,-125.5168,-344.6568,566.6832,-46.9818,2.0056,1.6501,0.6332,481.5444,50,HoodImpact_600_EuroNCAP,500,50,selected_50
1329,9,51,46,214.2609,-244.6568,669.3444,55.6794,2.0056,-0.5950,0.0000,584.8388,51,HoodImpact_1104_EuroNCAP_Remaining,829,1,remaining_92
1330,9,52,46,-219.4391,655.3432,534.7853,-78.8797,2.0056,1.6507,1.9682,448.3115,52,HoodImpact_1104_EuroNCAP_Remaining,830,2,remaining_92
1331,9,53,46,-23.5365,55.3432,632.8684,19.2034,2.0056,0.6946,0.0000,548.3628,53,HoodImpact_1104_EuroNCAP_Remaining,831,3,remaining_92
1332,9,54,46,179.9834,-44.6568,674.0653,60.4003,2.0056,-0.7711,0.0000,589.5597,54,HoodImpact_1104_EuroNCAP_Remaining,832,4,remaining_92
1333,9,55,46,116.1159,555.3432,649.8636,36.1986,2.0056,-0.1625,0.0000,565.3579,55,HoodImpact_1104_EuroNCAP_Remaining,833,5,remaining_92
1334,9,56,46,489.1986,-144.6568,714.7092,101.0442,2.0056,-1.6208,0.0000,630.2036,56,HoodImpact_1104_EuroNCAP_Remaining,834,6,remaining_92
1335,9,57,46,-286.1735,-144.6568,532.7077,-80.9573,2.0056,1.6503,2.6519,445.5502,57,HoodImpact_1104_EuroNCAP_Remaining,835,7,remaining_92
1336,9,58,46,81.9348,355.3432,654.4663,40.8013,2.0056,-0.0822,0.0000,569.9607,58,HoodImpact_1104_EuroNCAP_Remaining,836,8,remaining_92
1337,9,59,46,588.7217,455.3432,724.4534,110.7884,2.0056,-1.6904,0.0000,639.9478,59,HoodImpact_1104_EuroNCAP_Remaining,837,9,remaining_92
1338,9,60,46,-298.3486,355.3432,534.7772,-78.8878,2.0056,1.6501,2.7163,447.5553,60,HoodImpact_1104_EuroNCAP_Remaining,838,10,remaining_92
1339,9,61,46,-15.1327,-44.6568,630.4512,16.7862,2.0056,0.9164,0.0000,545.9455,61,HoodImpact_1104_EuroNCAP_Remaining,839,11,remaining_92
1340,9,62,46,267.4594,155.3432,691.7349,78.0699,2.0056,-1.3393,0.0000,607.2293,62,HoodImpact_1104_EuroNCAP_Remaining,840,12,remaining_92
1341,9,63,46,680.4156,855.3432,714.7480,101.0830,2.0056,-1.7868,0.0000,630.2424,63,HoodImpact_1104_EuroNCAP_Remaining,841,13,remaining_92
1342,9,64,46,680.2686,-544.6568,714.7103,101.0453,2.0056,-1.8029,0.0000,630.2047,64,HoodImpact_1104_EuroNCAP_Remaining,842,14,remaining_92
1343,9,65,46,610.4081,-244.6568,723.4530,109.7880,2.0056,-1.7548,0.0000,638.9474,65,HoodImpact_1104_EuroNCAP_Remaining,843,15,remaining_92
1344,9,66,46,610.3450,555.3432,723.4477,109.7827,2.0056,-1.7371,0.0000,638.9421,66,HoodImpact_1104_EuroNCAP_Remaining,844,16,remaining_92
1345,9,67,46,568.4976,55.3432,725.5597,111.8947,2.0056,-1.8641,0.0000,641.0541,67,HoodImpact_1104_EuroNCAP_Remaining,845,17,remaining_92
1346,9,68,46,568.4800,255.3432,725.5581,111.8931,2.0056,-1.8632,0.0000,641.0525,68,HoodImpact_1104_EuroNCAP_Remaining,846,18,remaining_92
1347,9,69,46,477.0333,355.3432,715.6325,101.9675,2.0056,-1.6919,0.0000,631.1269,69,HoodImpact_1104_EuroNCAP_Remaining,847,19,remaining_92
1348,9,70,46,588.7204,-144.6568,724.4533,110.7883,2.0056,-1.6912,0.0000,639.9477,70,HoodImpact_1104_EuroNCAP_Remaining,848,20,remaining_92
1349,9,71,46,457.2813,755.3432,685.3132,71.6482,2.0056,-0.8417,0.0000,600.8075,71,HoodImpact_1104_EuroNCAP_Remaining,849,21,remaining_92
1350,9,72,46,457.2813,-444.6568,685.3131,71.6481,2.0056,-0.8417,0.0000,600.8075,72,HoodImpact_1104_EuroNCAP_Remaining,850,22,remaining_92
1351,9,73,46,369.5754,255.3432,704.7385,91.0735,2.0056,-1.5130,0.0000,620.2329,73,HoodImpact_1104_EuroNCAP_Remaining,851,23,remaining_92
1352,9,74,46,580.8567,855.3432,705.3987,91.7337,2.0056,-1.7095,0.0000,620.8930,74,HoodImpact_1104_EuroNCAP_Remaining,852,24,remaining_92
1353,9,75,46,580.7079,-544.6568,705.3832,91.7182,2.0056,-1.7052,0.0000,620.8775,75,HoodImpact_1104_EuroNCAP_Remaining,853,25,remaining_92
1354,9,76,46,557.6210,655.3432,713.4521,99.7871,2.0056,-1.4439,0.0000,628.9465,76,HoodImpact_1104_EuroNCAP_Remaining,854,26,remaining_92
1355,9,77,46,557.2657,-344.6568,713.4169,99.7519,2.0056,-1.3327,0.0000,628.9113,77,HoodImpact_1104_EuroNCAP_Remaining,855,27,remaining_92
1356,9,78,46,477.0283,-44.6568,715.6319,101.9669,2.0056,-1.6941,0.0000,631.1262,78,HoodImpact_1104_EuroNCAP_Remaining,856,28,remaining_92
1357,9,79,46,489.1998,455.3432,714.7096,101.0446,2.0056,-1.6146,0.0000,630.2039,79,HoodImpact_1104_EuroNCAP_Remaining,857,29,remaining_92
1358,9,80,46,411.6493,-244.6568,701.4658,87.8008,2.0056,-1.2185,0.0000,616.9602,80,HoodImpact_1104_EuroNCAP_Remaining,858,30,remaining_92
1359,9,81,46,369.5929,55.3432,704.7406,91.0756,2.0056,-1.5123,0.0000,620.2350,81,HoodImpact_1104_EuroNCAP_Remaining,859,31,remaining_92
1360,9,82,46,377.7139,355.3432,704.0007,90.3357,2.0056,-1.3516,0.0000,619.4951,82,HoodImpact_1104_EuroNCAP_Remaining,860,32,remaining_92
1361,9,83,46,389.9580,-144.6568,702.4282,88.7632,2.0056,-1.4241,0.0000,617.9226,83,HoodImpact_1104_EuroNCAP_Remaining,861,33,remaining_92
1362,9,84,46,291.0185,455.3432,687.9254,74.2604,2.0056,-1.1056,0.0000,603.4198,84,HoodImpact_1104_EuroNCAP_Remaining,862,34,remaining_92
1363,9,85,46,411.5864,555.3432,701.4579,87.7929,2.0056,-1.2784,0.0000,616.9523,85,HoodImpact_1104_EuroNCAP_Remaining,863,35,remaining_92
1364,9,86,46,655.4782,755.3432,711.5162,97.8512,2.0056,-0.0407,0.0000,627.0105,86,HoodImpact_1104_EuroNCAP_Remaining,864,36,remaining_92
1365,9,87,46,382.3621,855.3432,681.0093,67.3443,2.0056,-1.1609,0.0000,596.5037,87,HoodImpact_1104_EuroNCAP_Remaining,865,37,remaining_92
1366,9,88,46,382.2140,-544.6568,680.9879,67.3229,2.0056,-1.1609,0.0000,596.4823,88,HoodImpact_1104_EuroNCAP_Remaining,866,38,remaining_92
1367,9,89,46,655.4760,-444.6568,711.5155,97.8505,2.0056,-0.0621,0.0000,627.0098,89,HoodImpact_1104_EuroNCAP_Remaining,867,39,remaining_92
1368,9,90,46,171.7092,55.3432,675.8738,62.2088,2.0056,-0.7662,0.0000,591.3682,90,HoodImpact_1104_EuroNCAP_Remaining,868,40,remaining_92
1369,9,91,46,270.4494,255.3432,691.5608,77.8958,2.0056,-1.1992,0.0000,607.0551,91,HoodImpact_1104_EuroNCAP_Remaining,869,41,remaining_92
1370,9,92,46,278.6578,-44.6568,690.2721,76.6071,2.0056,-1.0441,0.0000,605.7665,92,HoodImpact_1104_EuroNCAP_Remaining,870,42,remaining_92
1371,9,93,46,312.7848,-244.6568,686.4534,72.7884,2.0056,-0.8852,0.0000,601.9477,93,HoodImpact_1104_EuroNCAP_Remaining,871,43,remaining_92
1372,9,94,46,258.5349,-444.6568,663.1984,49.5334,2.0056,-0.7400,0.0000,578.6927,94,HoodImpact_1104_EuroNCAP_Remaining,872,44,remaining_92
1373,9,95,46,258.5295,755.3432,663.2350,49.5700,2.0056,-0.7665,0.0000,578.7293,95,HoodImpact_1104_EuroNCAP_Remaining,873,45,remaining_92
1374,9,96,46,359.2979,655.3432,687.8098,74.1448,2.0056,-0.5196,0.0000,603.3042,96,HoodImpact_1104_EuroNCAP_Remaining,874,46,remaining_92
1375,9,97,46,358.9454,-344.6568,687.7528,74.0878,2.0056,-0.5141,0.0000,603.2472,97,HoodImpact_1104_EuroNCAP_Remaining,875,47,remaining_92
1376,9,98,46,185.2867,855.3432,647.1045,33.4395,2.0056,-0.2806,0.0000,562.5989,98,HoodImpact_1104_EuroNCAP_Remaining,876,48,remaining_92
1377,9,99,46,185.1405,-544.6568,647.0732,33.4082,2.0056,-0.2140,0.0000,562.5676,99,HoodImpact_1104_EuroNCAP_Remaining,877,49,remaining_92
1378,9,100,46,116.1776,-244.6568,649.8783,36.2133,2.0056,-0.1275,0.0000,565.3727,100,HoodImpact_1104_EuroNCAP_Remaining,878,50,remaining_92
1379,9,101,46,214.1987,555.3432,669.3322,55.6672,2.0056,-0.6264,0.0000,584.8266,101,HoodImpact_1104_EuroNCAP_Remaining,879,51,remaining_92
1380,9,102,46,179.9884,355.3432,674.0662,60.4012,2.0056,-0.7707,0.0000,589.5605,102,HoodImpact_1104_EuroNCAP_Remaining,880,52,remaining_92
1381,9,103,46,192.4299,455.3432,671.1990,57.5340,2.0056,-0.6001,0.0000,586.6933,103,HoodImpact_1104_EuroNCAP_Remaining,881,53,remaining_92
1382,9,104,46,62.7183,755.3432,622.9677,9.3027,2.0056,0.5220,0.0000,538.4621,104,HoodImpact_1104_EuroNCAP_Remaining,882,54,remaining_92
1383,9,105,46,-2.7445,455.3432,627.7978,14.1328,2.0056,0.9492,0.0000,543.2922,105,HoodImpact_1104_EuroNCAP_Remaining,883,55,remaining_92
1384,9,106,46,73.5620,255.3432,656.6594,42.9944,2.0056,-0.1760,0.0000,572.1538,106,HoodImpact_1104_EuroNCAP_Remaining,884,56,remaining_92
1385,9,107,46,163.2816,655.3432,649.7084,36.0434,2.0056,1.6502,1.3744,563.8283,107,HoodImpact_1104_EuroNCAP_Remaining,885,57,remaining_92
1386,9,108,46,162.9343,-344.6568,649.6261,35.9611,2.0056,1.6502,1.3751,563.7454,108,HoodImpact_1104_EuroNCAP_Remaining,886,58,remaining_92
1387,9,109,46,62.7184,-444.6568,622.9668,9.3018,2.0056,0.5103,0.0000,538.4612,109,HoodImpact_1104_EuroNCAP_Remaining,887,59,remaining_92
1388,9,110,46,18.8582,-244.6568,626.9138,13.2488,2.0056,0.6276,0.0000,542.4082,110,HoodImpact_1104_EuroNCAP_Remaining,888,60,remaining_92
1389,9,111,46,18.7971,555.3432,626.8954,13.2304,2.0056,0.5888,0.0000,542.3898,111,HoodImpact_1104_EuroNCAP_Remaining,889,61,remaining_92
1390,9,112,46,-29.4757,655.3432,597.8684,-15.7966,2.0056,1.6502,2.7370,510.6257,112,HoodImpact_1104_EuroNCAP_Remaining,890,62,remaining_92
1391,9,113,46,-98.5662,-144.6568,599.5792,-14.0858,2.0056,1.6501,0.3544,514.7191,113,HoodImpact_1104_EuroNCAP_Remaining,891,63,remaining_92
1392,9,114,46,-119.2835,55.3432,604.4130,-9.2520,2.0056,1.6510,0.3629,519.5444,114,HoodImpact_1104_EuroNCAP_Remaining,892,64,remaining_92
1393,9,115,46,-119.3001,255.3432,604.4300,-9.2350,2.0056,1.6501,0.3861,519.5383,115,HoodImpact_1104_EuroNCAP_Remaining,893,65,remaining_92
1394,9,116,46,-15.1278,355.3432,630.4519,16.7869,2.0056,0.9164,0.0000,545.9463,116,HoodImpact_1104_EuroNCAP_Remaining,894,66,remaining_92
1395,9,117,46,-29.8161,-344.6568,597.7377,-15.9273,2.0056,1.6502,2.7114,510.5207,117,HoodImpact_1104_EuroNCAP_Remaining,895,67,remaining_92
1396,9,118,46,-33.5019,755.3432,595.7717,-17.8933,2.0056,1.5880,0.0000,511.2661,118,HoodImpact_1104_EuroNCAP_Remaining,896,68,remaining_92
1397,9,119,46,-128.1312,-444.6568,565.0961,-48.5689,2.0056,1.6502,1.6083,478.9822,119,HoodImpact_1104_EuroNCAP_Remaining,897,69,remaining_92
1398,9,120,46,-98.5645,455.3432,599.6840,-13.9810,2.0056,1.6501,0.4604,514.7180,120,HoodImpact_1104_EuroNCAP_Remaining,898,70,remaining_92
1399,9,121,46,-110.8401,-44.6568,602.0099,-11.6551,2.0056,1.6508,0.5091,516.9953,121,HoodImpact_1104_EuroNCAP_Remaining,899,71,remaining_92
1400,9,122,46,-125.1790,655.3432,566.7915,-46.8735,2.0056,1.6501,0.6305,481.6554,122,HoodImpact_1104_EuroNCAP_Remaining,900,72,remaining_92
1401,9,123,46,-219.7703,-344.6568,534.6976,-78.9674,2.0056,1.6502,2.0098,448.1822,123,HoodImpact_1104_EuroNCAP_Remaining,901,73,remaining_92
1402,9,124,46,-172.0244,555.3432,568.6828,-44.9822,2.0056,1.6502,1.4330,482.7441,124,HoodImpact_1104_EuroNCAP_Remaining,902,74,remaining_92
1403,9,125,46,-171.9654,-244.6568,568.6266,-45.0384,2.0056,1.6506,1.3537,482.7673,125,HoodImpact_1104_EuroNCAP_Remaining,903,75,remaining_92
1404,9,126,46,-286.1733,455.3432,532.7451,-80.9199,2.0056,1.6504,2.6865,445.5530,126,HoodImpact_1104_EuroNCAP_Remaining,904,76,remaining_92
1405,9,127,46,-193.0224,-144.6568,568.0870,-45.5780,2.0056,1.6503,1.6748,481.9065,127,HoodImpact_1104_EuroNCAP_Remaining,905,77,remaining_92
1406,9,128,46,-205.2019,355.3432,569.9713,-43.6937,2.0056,1.6501,1.5398,483.9259,128,HoodImpact_1104_EuroNCAP_Remaining,906,78,remaining_92
1407,9,129,46,-298.3532,-44.6568,534.8283,-78.8367,2.0056,1.6501,2.7693,447.5533,129,HoodImpact_1104_EuroNCAP_Remaining,907,79,remaining_92
1408,9,130,46,-213.6607,55.3432,572.6377,-41.0273,2.0056,1.6502,1.6272,486.5049,130,HoodImpact_1104_EuroNCAP_Remaining,908,80,remaining_92
1409,9,131,46,-213.6773,255.3432,572.6131,-41.0519,2.0056,1.6502,1.6086,486.4988,131,HoodImpact_1104_EuroNCAP_Remaining,909,81,remaining_92
1410,9,132,46,-310.2512,155.3432,539.7429,-73.9221,2.0056,1.6501,2.7680,452.4693,132,HoodImpact_1104_EuroNCAP_Remaining,910,82,remaining_92
1411,9,133,46,-26.9038,155.3432,634.8376,21.1726,2.0056,0.6373,0.0000,550.3320,133,HoodImpact_1104_EuroNCAP_Remaining,911,83,remaining_92
1412,9,134,46,168.6219,155.3432,676.5526,62.8876,2.0056,-0.9044,0.0000,592.0470,134,HoodImpact_1104_EuroNCAP_Remaining,912,84,remaining_92
1413,9,135,46,465.9969,155.3432,715.7879,102.1229,2.0056,-1.5995,0.0000,631.2822,135,HoodImpact_1104_EuroNCAP_Remaining,913,85,remaining_92
1414,9,136,46,81.9298,-44.6568,654.4656,40.8006,2.0056,-0.0851,0.0000,569.9600,136,HoodImpact_1104_EuroNCAP_Remaining,914,86,remaining_92
1415,9,137,46,94.3878,-144.6568,651.5287,37.8637,2.0056,-0.0036,0.0000,567.0231,137,HoodImpact_1104_EuroNCAP_Remaining,915,87,remaining_92
1416,9,138,46,192.4285,-144.6568,671.1994,57.5344,2.0056,-0.6079,0.0000,586.6937,138,HoodImpact_1104_EuroNCAP_Remaining,916,88,remaining_92
1417,9,139,46,73.5793,55.3432,656.6632,42.9982,2.0056,-0.1545,0.0000,572.1576,139,HoodImpact_1104_EuroNCAP_Remaining,917,89,remaining_92
1418,9,140,46,366.6202,155.3432,704.6502,90.9852,2.0056,-1.4877,0.0000,620.1446,140,HoodImpact_1104_EuroNCAP_Remaining,918,90,remaining_92
1419,9,141,46,70.3669,155.3432,657.9909,44.3259,2.0056,-0.2443,0.0000,573.4852,141,HoodImpact_1104_EuroNCAP_Remaining,919,91,remaining_92
1420,9,142,46,-122.8083,155.3432,606.7929,-6.8721,2.0056,1.6506,0.2425,522.0447,142,HoodImpact_1104_EuroNCAP_Remaining,920,92,remaining_92
1421,10,1,51,780.1084,855.3432,722.5654,108.9004,2.0056,-1.8514,0.0000,638.0598,1,HoodImpact_600_EuroNCAP,501,1,selected_50
1422,10,2,51,779.9595,-544.6568,722.5528,108.8878,2.0056,-1.8503,0.0000,638.0471,2,HoodImpact_600_EuroNCAP,502,2,selected_50
1423,10,3,51,160.1135,755.3432,645.6073,31.9423,2.0056,-0.3051,0.0000,561.1017,3,HoodImpact_600_EuroNCAP,503,3,selected_50
1424,10,4,51,-265.2894,555.3432,535.9854,-77.6796,2.0056,1.6504,4.1340,447.3458,4,HoodImpact_600_EuroNCAP,504,4,selected_50
1425,10,5,51,283.4247,-544.6568,665.4919,51.8269,2.0056,-0.7811,0.0000,580.9863,5,HoodImpact_600_EuroNCAP,505,5,selected_50
1426,10,6,51,-265.2296,-244.6568,536.0765,-77.5885,2.0056,1.6503,4.2029,447.3680,6,HoodImpact_600_EuroNCAP,506,6,selected_50
1427,10,7,51,510.8000,555.3432,715.6723,102.0073,2.0056,-1.7389,0.0000,631.1667,7,HoodImpact_600_EuroNCAP,507,7,selected_50
1428,10,8,51,510.8630,-244.6568,715.6765,102.0115,2.0056,-1.7048,0.0000,631.1709,8,HoodImpact_600_EuroNCAP,508,8,selected_50
1429,10,9,51,94.3893,455.3432,661.5833,47.9183,2.0056,-0.2598,0.0000,577.0776,9,HoodImpact_600_EuroNCAP,509,9,selected_50
1430,10,10,51,-33.5021,-444.6568,595.7718,-17.8932,2.0056,1.5817,0.0000,511.2662,10,HoodImpact_600_EuroNCAP,510,10,selected_50
1431,10,11,51,481.4907,855.3432,694.1675,80.5025,2.0056,-1.5248,0.0000,609.6619,11,HoodImpact_600_EuroNCAP,511,11,selected_50
1432,10,12,51,-128.1311,755.3432,565.0968,-48.5682,2.0056,1.6502,1.6090,478.9822,12,HoodImpact_600_EuroNCAP,512,12,selected_50
1433,10,13,51,-306.7720,255.3432,537.0431,-76.6219,2.0056,1.6502,2.5408,449.9967,13,HoodImpact_600_EuroNCAP,513,13,selected_50
1434,10,14,51,576.5633,355.3432,726.3085,112.6435,2.0056,-1.7660,0.0000,641.8029,14,HoodImpact_600_EuroNCAP,514,14,selected_50
1435,10,15,51,576.5583,-44.6568,726.3082,112.6432,2.0056,-1.7644,0.0000,641.8025,15,HoodImpact_600_EuroNCAP,515,15,selected_50
1436,10,16,51,278.6628,355.3432,695.8650,82.2000,2.0056,-1.3687,0.0000,611.3594,16,HoodImpact_600_EuroNCAP,516,16,selected_50
1437,10,17,51,-205.2068,-44.6568,572.1668,-41.4982,2.0056,1.6501,3.0858,484.5754,17,HoodImpact_600_EuroNCAP,517,17,selected_50
1438,10,18,51,556.6869,-444.6568,696.0199,82.3549,2.0056,0.8049,0.0000,611.5143,18,HoodImpact_600_EuroNCAP,518,18,selected_50
1439,10,19,51,260.5862,-344.6568,670.6570,56.9920,2.0056,1.6501,0.5616,585.5899,19,HoodImpact_600_EuroNCAP,519,19,selected_50
1440,10,20,51,-110.8354,355.3432,610.8729,-2.7921,2.0056,1.6504,2.0849,524.2824,20,HoodImpact_600_EuroNCAP,520,20,selected_50
1441,10,21,51,377.7089,-44.6568,707.8177,94.1527,2.0056,-1.5035,0.0000,623.3120,21,HoodImpact_600_EuroNCAP,521,21,selected_50
1442,10,22,51,312.7224,555.3432,691.2776,77.6126,2.0056,-0.9374,0.0000,606.7720,22,HoodImpact_600_EuroNCAP,522,22,selected_50
1443,10,23,51,-77.2524,-244.6568,608.5561,-5.1089,2.0056,1.6501,0.8809,523.1696,23,HoodImpact_600_EuroNCAP,523,23,selected_50
1444,10,24,51,-77.3130,555.3432,608.4884,-5.1766,2.0056,1.6501,0.8382,523.1447,24,HoodImpact_600_EuroNCAP,524,24,selected_50
1445,10,25,51,657.1662,655.3432,722.9931,109.3281,2.0056,-1.5800,0.0000,638.4875,25,HoodImpact_600_EuroNCAP,525,25,selected_50
1446,10,26,51,565.5359,155.3432,725.3718,111.7068,2.0056,-1.6729,0.0000,640.8661,26,HoodImpact_600_EuroNCAP,526,26,selected_50
1447,10,27,51,357.7544,755.3432,675.6093,61.9443,2.0056,-0.7090,0.0000,591.1036,27,HoodImpact_600_EuroNCAP,527,27,selected_50
1448,10,28,51,270.4669,55.3432,691.8196,78.1546,2.0056,-1.2215,0.0000,607.3139,28,HoodImpact_600_EuroNCAP,528,28,selected_50
1449,10,29,51,-306.7556,55.3432,537.0754,-76.5896,2.0056,1.6502,2.5664,450.0034,29,HoodImpact_600_EuroNCAP,529,29,selected_50
1450,10,30,51,160.1126,-444.6568,645.6116,31.9466,2.0056,-0.3600,0.0000,561.1059,30,HoodImpact_600_EuroNCAP,530,30,selected_50
1451,10,31,51,656.8107,-344.6568,722.9547,109.2897,2.0056,-1.5588,0.0000,638.4491,31,HoodImpact_600_EuroNCAP,531,31,selected_50
1452,10,32,51,66.2616,-344.6568,627.5279,13.8629,2.0056,1.6502,3.2975,539.7249,32,HoodImpact_600_EuroNCAP,532,32,selected_50
1453,10,33,51,66.6051,655.3432,627.6119,13.9469,2.0056,1.6502,3.2847,539.8216,33,HoodImpact_600_EuroNCAP,533,33,selected_50
1454,10,34,51,291.0172,-144.6568,694.0758,80.4108,2.0056,-1.1966,0.0000,609.5702,34,HoodImpact_600_EuroNCAP,534,34,selected_50
1455,10,35,51,171.6919,255.3432,676.1206,62.4556,2.0056,-0.7878,0.0000,591.6149,35,HoodImpact_600_EuroNCAP,535,35,selected_50
1456,10,36,51,389.9592,455.3432,706.7964,93.1314,2.0056,-1.4926,0.0000,622.2908,36,HoodImpact_600_EuroNCAP,536,36,selected_50
1457,10,37,51,-23.5537,255.3432,632.8642,19.1992,2.0056,0.6783,0.0000,548.3586,37,HoodImpact_600_EuroNCAP,537,37,selected_50
1458,10,38,51,481.3422,-544.6568,694.1494,80.4844,2.0056,-1.5308,0.0000,609.6437,38,HoodImpact_600_EuroNCAP,538,38,selected_50
1459,10,39,51,556.6876,755.3432,696.0364,82.3714,2.0056,0.8348,0.0000,611.5308,39,HoodImpact_600_EuroNCAP,539,39,selected_50
1460,10,40,51,-2.7459,-144.6568,639.8043,26.1393,2.0056,0.6238,0.0000,555.2987,40,HoodImpact_600_EuroNCAP,540,40,selected_50
1461,10,41,51,357.7543,-444.6568,675.6092,61.9442,2.0056,-0.7091,0.0000,591.1036,41,HoodImpact_600_EuroNCAP,541,41,selected_50
1462,10,42,51,283.5723,855.3432,665.5166,51.8516,2.0056,-0.9840,0.0000,581.0110,42,HoodImpact_600_EuroNCAP,542,42,selected_50
1463,10,43,51,-193.0211,455.3432,577.1297,-36.5353,2.0056,1.6502,3.7157,488.9084,43,HoodImpact_600_EuroNCAP,543,43,selected_50
1464,10,44,51,468.9423,255.3432,715.9637,102.2987,2.0056,-1.7600,0.0000,631.4581,44,HoodImpact_600_EuroNCAP,544,44,selected_50
1465,10,45,51,-217.2723,155.3432,575.3034,-38.3616,2.0056,1.6502,1.5384,489.2593,45,HoodImpact_600_EuroNCAP,545,45,selected_50
1466,10,46,51,468.9599,55.3432,715.9655,102.3005,2.0056,-1.7625,0.0000,631.4599,46,HoodImpact_600_EuroNCAP,546,46,selected_50
1467,10,47,51,457.9314,-344.6568,702.4139,88.7489,2.0056,-0.7618,0.0000,617.9083,47,HoodImpact_600_EuroNCAP,547,47,selected_50
1468,10,48,51,458.2863,655.3432,702.4506,88.7856,2.0056,-0.9284,0.0000,617.9450,48,HoodImpact_600_EuroNCAP,548,48,selected_50
1469,10,49,51,260.9358,655.3432,670.7298,57.0648,2.0056,1.6501,0.5627,585.6615,49,HoodImpact_600_EuroNCAP,549,49,selected_50
1470,10,50,51,-125.5168,-344.6568,567.0988,-46.5662,2.0056,1.6502,0.6015,481.9917,50,HoodImpact_600_EuroNCAP,550,50,selected_50
1471,10,51,51,214.2609,-244.6568,675.5406,61.8756,2.0056,-0.7967,0.0000,591.0350,51,HoodImpact_1104_EuroNCAP_Remaining,921,1,remaining_92
1472,10,52,51,-219.4391,655.3432,534.7854,-78.8796,2.0056,1.6507,1.9682,448.3115,52,HoodImpact_1104_EuroNCAP_Remaining,922,2,remaining_92
1473,10,53,51,-23.5365,55.3432,632.8684,19.2034,2.0056,0.6946,0.0000,548.3628,53,HoodImpact_1104_EuroNCAP_Remaining,923,3,remaining_92
1474,10,54,51,179.9834,-44.6568,681.5947,67.9297,2.0056,-1.0826,0.0000,597.0891,54,HoodImpact_1104_EuroNCAP_Remaining,924,4,remaining_92
1475,10,55,51,116.1159,555.3432,657.3416,43.6766,2.0056,-0.1328,0.0000,572.8360,55,HoodImpact_1104_EuroNCAP_Remaining,925,5,remaining_92
1476,10,56,51,489.1986,-144.6568,717.3312,103.6662,2.0056,-1.6573,0.0000,632.8256,56,HoodImpact_1104_EuroNCAP_Remaining,926,6,remaining_92
1477,10,57,51,-286.1735,-144.6568,535.1846,-78.4804,2.0056,1.6505,4.3439,446.3352,57,HoodImpact_1104_EuroNCAP_Remaining,927,7,remaining_92
1478,10,58,51,81.9348,355.3432,664.0485,50.3835,2.0056,-0.4394,0.0000,579.5428,58,HoodImpact_1104_EuroNCAP_Remaining,928,8,remaining_92
1479,10,59,51,588.7217,455.3432,725.7904,112.1254,2.0056,-1.9335,0.0000,641.2848,59,HoodImpact_1104_EuroNCAP_Remaining,929,9,remaining_92
1480,10,60,51,-298.3486,355.3432,534.7773,-78.8877,2.0056,1.6501,2.7164,447.5553,60,HoodImpact_1104_EuroNCAP_Remaining,930,10,remaining_92
1481,10,61,51,-15.1327,-44.6568,641.0745,27.4095,2.0056,0.8315,0.0000,556.5689,61,HoodImpact_1104_EuroNCAP_Remaining,931,11,remaining_92
1482,10,62,51,267.4594,155.3432,691.7349,78.0699,2.0056,-1.3393,0.0000,607.2293,62,HoodImpact_1104_EuroNCAP_Remaining,932,12,remaining_92
1483,10,63,51,680.4156,855.3432,714.7480,101.0830,2.0056,-1.7868,0.0000,630.2424,63,HoodImpact_1104_EuroNCAP_Remaining,933,13,remaining_92
1484,10,64,51,680.2686,-544.6568,714.7103,101.0453,2.0056,-1.8029,0.0000,630.2047,64,HoodImpact_1104_EuroNCAP_Remaining,934,14,remaining_92
1485,10,65,51,610.4081,-244.6568,724.2365,110.5715,2.0056,-1.7720,0.0000,639.7309,65,HoodImpact_1104_EuroNCAP_Remaining,935,15,remaining_92
1486,10,66,51,610.3450,555.3432,724.2311,110.5661,2.0056,-1.7287,0.0000,639.7255,66,HoodImpact_1104_EuroNCAP_Remaining,936,16,remaining_92
1487,10,67,51,568.4976,55.3432,725.5597,111.8947,2.0056,-1.8641,0.0000,641.0541,67,HoodImpact_1104_EuroNCAP_Remaining,937,17,remaining_92
1488,10,68,51,568.4800,255.3432,725.5581,111.8931,2.0056,-1.8632,0.0000,641.0525,68,HoodImpact_1104_EuroNCAP_Remaining,938,18,remaining_92
1489,10,69,51,477.0333,355.3432,717.8416,104.1766,2.0056,-1.6786,0.0000,633.3360,69,HoodImpact_1104_EuroNCAP_Remaining,939,19,remaining_92
1490,10,70,51,588.7204,-144.6568,725.7904,112.1254,2.0056,-1.9455,0.0000,641.2848,70,HoodImpact_1104_EuroNCAP_Remaining,940,20,remaining_92
1491,10,71,51,457.2813,755.3432,685.3132,71.6482,2.0056,-0.8417,0.0000,600.8075,71,HoodImpact_1104_EuroNCAP_Remaining,941,21,remaining_92
1492,10,72,51,457.2813,-444.6568,685.3131,71.6481,2.0056,-0.8417,0.0000,600.8075,72,HoodImpact_1104_EuroNCAP_Remaining,942,22,remaining_92
1493,10,73,51,369.5754,255.3432,704.8205,91.1555,2.0056,-1.4839,0.0000,620.3149,73,HoodImpact_1104_EuroNCAP_Remaining,943,23,remaining_92
1494,10,74,51,580.8567,855.3432,705.3987,91.7337,2.0056,-1.7095,0.0000,620.8930,74,HoodImpact_1104_EuroNCAP_Remaining,944,24,remaining_92
1495,10,75,51,580.7079,-544.6568,705.3832,91.7182,2.0056,-1.7052,0.0000,620.8775,75,HoodImpact_1104_EuroNCAP_Remaining,945,25,remaining_92
1496,10,76,51,557.6210,655.3432,713.6417,99.9767,2.0056,-1.3171,0.0000,629.1360,76,HoodImpact_1104_EuroNCAP_Remaining,946,26,remaining_92
1497,10,77,51,557.2657,-344.6568,713.6067,99.9417,2.0056,-1.3492,0.0000,629.1011,77,HoodImpact_1104_EuroNCAP_Remaining,947,27,remaining_92
1498,10,78,51,477.0283,-44.6568,717.8412,104.1762,2.0056,-1.6837,0.0000,633.3356,78,HoodImpact_1104_EuroNCAP_Remaining,948,28,remaining_92
1499,10,79,51,489.1998,455.3432,717.3322,103.6672,2.0056,-1.6883,0.0000,632.8266,79,HoodImpact_1104_EuroNCAP_Remaining,949,29,remaining_92
1500,10,80,51,411.6493,-244.6568,704.7255,91.0605,2.0056,-1.3200,0.0000,620.2199,80,HoodImpact_1104_EuroNCAP_Remaining,950,30,remaining_92
1501,10,81,51,369.5929,55.3432,704.8227,91.1577,2.0056,-1.4833,0.0000,620.3171,81,HoodImpact_1104_EuroNCAP_Remaining,951,31,remaining_92
1502,10,82,51,377.7139,355.3432,707.8183,94.1533,2.0056,-1.5272,0.0000,623.3127,82,HoodImpact_1104_EuroNCAP_Remaining,952,32,remaining_92
1503,10,83,51,389.9580,-144.6568,706.7953,93.1303,2.0056,-1.5135,0.0000,622.2897,83,HoodImpact_1104_EuroNCAP_Remaining,953,33,remaining_92
1504,10,84,51,291.0185,455.3432,694.0775,80.4125,2.0056,-1.1903,0.0000,609.5718,84,HoodImpact_1104_EuroNCAP_Remaining,954,34,remaining_92
1505,10,85,51,411.5864,555.3432,704.7167,91.0517,2.0056,-1.2995,0.0000,620.2111,85,HoodImpact_1104_EuroNCAP_Remaining,955,35,remaining_92
1506,10,86,51,655.4782,755.3432,711.5162,97.8512,2.0056,-0.0407,0.0000,627.0105,86,HoodImpact_1104_EuroNCAP_Remaining,956,36,remaining_92
1507,10,87,51,382.3621,855.3432,681.0093,67.3443,2.0056,-1.1609,0.0000,596.5037,87,HoodImpact_1104_EuroNCAP_Remaining,957,37,remaining_92
1508,10,88,51,382.2140,-544.6568,680.9879,67.3229,2.0056,-1.1609,0.0000,596.4823,88,HoodImpact_1104_EuroNCAP_Remaining,958,38,remaining_92
1509,10,89,51,655.4760,-444.6568,711.5155,97.8505,2.0056,-0.0621,0.0000,627.0098,89,HoodImpact_1104_EuroNCAP_Remaining,959,39,remaining_92
1510,10,90,51,171.7092,55.3432,676.1224,62.4574,2.0056,-0.7931,0.0000,591.6168,90,HoodImpact_1104_EuroNCAP_Remaining,960,40,remaining_92
1511,10,91,51,270.4494,255.3432,691.8181,78.1531,2.0056,-1.2215,0.0000,607.3125,91,HoodImpact_1104_EuroNCAP_Remaining,961,41,remaining_92
1512,10,92,51,278.6578,-44.6568,695.8662,82.2012,2.0056,-1.3456,0.0000,611.3606,92,HoodImpact_1104_EuroNCAP_Remaining,962,42,remaining_92
1513,10,93,51,312.7848,-244.6568,691.2866,77.6216,2.0056,-1.0251,0.0000,606.7810,93,HoodImpact_1104_EuroNCAP_Remaining,963,43,remaining_92
1514,10,94,51,258.5349,-444.6568,663.1984,49.5334,2.0056,-0.7400,0.0000,578.6927,94,HoodImpact_1104_EuroNCAP_Remaining,964,44,remaining_92
1515,10,95,51,258.5295,755.3432,663.2350,49.5700,2.0056,-0.7665,0.0000,578.7293,95,HoodImpact_1104_EuroNCAP_Remaining,965,45,remaining_92
1516,10,96,51,359.2979,655.3432,688.4467,74.7817,2.0056,0.1014,0.0000,603.9410,96,HoodImpact_1104_EuroNCAP_Remaining,966,46,remaining_92
1517,10,97,51,358.9454,-344.6568,688.3876,74.7226,2.0056,0.1024,0.0000,603.8819,97,HoodImpact_1104_EuroNCAP_Remaining,967,47,remaining_92
1518,10,98,51,185.2867,855.3432,647.1045,33.4395,2.0056,-0.2806,0.0000,562.5989,98,HoodImpact_1104_EuroNCAP_Remaining,968,48,remaining_92
1519,10,99,51,185.1405,-544.6568,647.0732,33.4082,2.0056,-0.2140,0.0000,562.5676,99,HoodImpact_1104_EuroNCAP_Remaining,969,49,remaining_92
1520,10,100,51,116.1776,-244.6568,657.3561,43.6911,2.0056,-0.1418,0.0000,572.8505,100,HoodImpact_1104_EuroNCAP_Remaining,970,50,remaining_92
1521,10,101,51,214.1987,555.3432,675.5287,61.8637,2.0056,-0.8733,0.0000,591.0231,101,HoodImpact_1104_EuroNCAP_Remaining,971,51,remaining_92
1522,10,102,51,179.9884,355.3432,681.5912,67.9262,2.0056,-1.1042,0.0000,597.0856,102,HoodImpact_1104_EuroNCAP_Remaining,972,52,remaining_92
1523,10,103,51,192.4299,455.3432,679.1649,65.4999,2.0056,-0.8098,0.0000,594.6593,103,HoodImpact_1104_EuroNCAP_Remaining,973,53,remaining_92
1524,10,104,51,62.7183,755.3432,622.9677,9.3027,2.0056,0.5220,0.0000,538.4621,104,HoodImpact_1104_EuroNCAP_Remaining,974,54,remaining_92
1525,10,105,51,-2.7445,455.3432,639.8027,26.1377,2.0056,0.5984,0.0000,555.2971,105,HoodImpact_1104_EuroNCAP_Remaining,975,55,remaining_92
1526,10,106,51,73.5620,255.3432,656.6926,43.0276,2.0056,-0.2067,0.0000,572.1869,106,HoodImpact_1104_EuroNCAP_Remaining,976,56,remaining_92
1527,10,107,51,163.2816,655.3432,650.7975,37.1325,2.0056,1.6505,1.8766,564.4153,107,HoodImpact_1104_EuroNCAP_Remaining,977,57,remaining_92
1528,10,108,51,162.9343,-344.6568,650.7051,37.0401,2.0056,1.6505,1.8655,564.3340,108,HoodImpact_1104_EuroNCAP_Remaining,978,58,remaining_92
1529,10,109,51,62.7184,-444.6568,622.9668,9.3018,2.0056,0.5103,0.0000,538.4612,109,HoodImpact_1104_EuroNCAP_Remaining,979,59,remaining_92
1530,10,110,51,18.8582,-244.6568,635.4796,21.8146,2.0056,0.7196,0.0000,550.9740,110,HoodImpact_1104_EuroNCAP_Remaining,980,60,remaining_92
1531,10,111,51,18.7971,555.3432,635.4651,21.8001,2.0056,0.8142,0.0000,550.9595,111,HoodImpact_1104_EuroNCAP_Remaining,981,61,remaining_92
1532,10,112,51,-29.4757,655.3432,599.0244,-14.6406,2.0056,1.6504,1.2883,513.2305,112,HoodImpact_1104_EuroNCAP_Remaining,982,62,remaining_92
1533,10,113,51,-98.5662,-144.6568,611.9453,-1.7197,2.0056,1.6503,0.7764,526.6633,113,HoodImpact_1104_EuroNCAP_Remaining,983,63,remaining_92
1534,10,114,51,-119.2835,55.3432,604.4130,-9.2520,2.0056,1.6510,0.3629,519.5444,114,HoodImpact_1104_EuroNCAP_Remaining,984,64,remaining_92
1535,10,115,51,-119.3001,255.3432,604.4300,-9.2350,2.0056,1.6501,0.3861,519.5383,115,HoodImpact_1104_EuroNCAP_Remaining,985,65,remaining_92
1536,10,116,51,-15.1278,355.3432,641.0731,27.4081,2.0056,0.7641,0.0000,556.5675,116,HoodImpact_1104_EuroNCAP_Remaining,986,66,remaining_92
1537,10,117,51,-29.8161,-344.6568,598.9693,-14.6957,2.0056,1.6502,1.3332,513.1305,117,HoodImpact_1104_EuroNCAP_Remaining,987,67,remaining_92
1538,10,118,51,-33.5019,755.3432,595.7717,-17.8933,2.0056,1.5880,0.0000,511.2661,118,HoodImpact_1104_EuroNCAP_Remaining,988,68,remaining_92
1539,10,119,51,-128.1312,-444.6568,565.0961,-48.5689,2.0056,1.6502,1.6083,478.9822,119,HoodImpact_1104_EuroNCAP_Remaining,989,69,remaining_92
1540,10,120,51,-98.5645,455.3432,612.0022,-1.6628,2.0056,1.6503,0.8457,526.6509,120,HoodImpact_1104_EuroNCAP_Remaining,990,70,remaining_92
1541,10,121,51,-110.8401,-44.6568,610.8443,-2.8207,2.0056,1.6503,2.0437,524.2951,121,HoodImpact_1104_EuroNCAP_Remaining,991,71,remaining_92
1542,10,122,51,-125.1790,655.3432,567.2404,-46.4246,2.0056,1.6501,0.6335,482.1013,122,HoodImpact_1104_EuroNCAP_Remaining,992,72,remaining_92
1543,10,123,51,-219.7703,-344.6568,534.6976,-78.9674,2.0056,1.6502,2.0098,448.1822,123,HoodImpact_1104_EuroNCAP_Remaining,993,73,remaining_92
1544,10,124,51,-172.0244,555.3432,575.4574,-38.2076,2.0056,1.6501,3.2204,487.7314,124,HoodImpact_1104_EuroNCAP_Remaining,994,74,remaining_92
1545,10,125,51,-171.9654,-244.6568,575.4658,-38.1992,2.0056,1.6508,3.2088,487.7514,125,HoodImpact_1104_EuroNCAP_Remaining,995,75,remaining_92
1546,10,126,51,-286.1733,455.3432,535.1889,-78.4761,2.0056,1.6505,4.3570,446.3263,126,HoodImpact_1104_EuroNCAP_Remaining,996,76,remaining_92
1547,10,127,51,-193.0224,-144.6568,577.1514,-36.5136,2.0056,1.6502,3.7295,488.9163,127,HoodImpact_1104_EuroNCAP_Remaining,997,77,remaining_92
1548,10,128,51,-205.2019,355.3432,572.1291,-41.5359,2.0056,1.6502,3.0320,484.5914,128,HoodImpact_1104_EuroNCAP_Remaining,998,78,remaining_92
1549,10,129,51,-298.3532,-44.6568,534.8283,-78.8367,2.0056,1.6501,2.7693,447.5533,129,HoodImpact_1104_EuroNCAP_Remaining,999,79,remaining_92
1550,10,130,51,-213.6607,55.3432,572.6377,-41.0273,2.0056,1.6502,1.6272,486.5049,130,HoodImpact_1104_EuroNCAP_Remaining,1000,80,remaining_92
1551,10,131,51,-213.6773,255.3432,572.6131,-41.0519,2.0056,1.6502,1.6086,486.4988,131,HoodImpact_1104_EuroNCAP_Remaining,1001,81,remaining_92
1552,10,132,51,-310.2512,155.3432,539.7429,-73.9221,2.0056,1.6501,2.7680,452.4693,132,HoodImpact_1104_EuroNCAP_Remaining,1002,82,remaining_92
1553,10,133,51,-26.9038,155.3432,634.8376,21.1726,2.0056,0.6373,0.0000,550.3320,133,HoodImpact_1104_EuroNCAP_Remaining,1003,83,remaining_92
1554,10,134,51,168.6219,155.3432,676.5526,62.8876,2.0056,-0.9044,0.0000,592.0470,134,HoodImpact_1104_EuroNCAP_Remaining,1004,84,remaining_92
1555,10,135,51,465.9969,155.3432,715.7879,102.1229,2.0056,-1.5995,0.0000,631.2822,135,HoodImpact_1104_EuroNCAP_Remaining,1005,85,remaining_92
1556,10,136,51,81.9298,-44.6568,664.0449,50.3799,2.0056,-0.4917,0.0000,579.5393,136,HoodImpact_1104_EuroNCAP_Remaining,1006,86,remaining_92
1557,10,137,51,94.3878,-144.6568,661.5866,47.9216,2.0056,-0.3235,0.0000,577.0810,137,HoodImpact_1104_EuroNCAP_Remaining,1007,87,remaining_92
1558,10,138,51,192.4285,-144.6568,679.1623,65.4973,2.0056,-0.8003,0.0000,594.6567,138,HoodImpact_1104_EuroNCAP_Remaining,1008,88,remaining_92
1559,10,139,51,73.5793,55.3432,656.6966,43.0316,2.0056,-0.1845,0.0000,572.1910,139,HoodImpact_1104_EuroNCAP_Remaining,1009,89,remaining_92
1560,10,140,51,366.6202,155.3432,704.6502,90.9852,2.0056,-1.4877,0.0000,620.1446,140,HoodImpact_1104_EuroNCAP_Remaining,1010,90,remaining_92
1561,10,141,51,70.3669,155.3432,657.9909,44.3259,2.0056,-0.2443,0.0000,573.4852,141,HoodImpact_1104_EuroNCAP_Remaining,1011,91,remaining_92
1562,10,142,51,-122.8083,155.3432,606.7929,-6.8721,2.0056,1.6506,0.2425,522.0447,142,HoodImpact_1104_EuroNCAP_Remaining,1012,92,remaining_92
1563,11,1,56,780.1084,855.3432,722.5654,108.9004,2.0056,-1.8514,0.0000,638.0598,1,HoodImpact_600_EuroNCAP,551,1,selected_50
1564,11,2,56,779.9595,-544.6568,722.5528,108.8878,2.0056,-1.8503,0.0000,638.0471,2,HoodImpact_600_EuroNCAP,552,2,selected_50
1565,11,3,56,160.1135,755.3432,645.6073,31.9423,2.0056,-0.3051,0.0000,561.1017,3,HoodImpact_600_EuroNCAP,553,3,selected_50
1566,11,4,56,-265.2894,555.3432,535.9854,-77.6796,2.0056,1.6504,4.1340,447.3458,4,HoodImpact_600_EuroNCAP,554,4,selected_50
1567,11,5,56,283.4247,-544.6568,665.4919,51.8269,2.0056,-0.7811,0.0000,580.9863,5,HoodImpact_600_EuroNCAP,555,5,selected_50
1568,11,6,56,-265.2296,-244.6568,536.0765,-77.5885,2.0056,1.6503,4.2029,447.3680,6,HoodImpact_600_EuroNCAP,556,6,selected_50
1569,11,7,56,510.8000,555.3432,715.6723,102.0073,2.0056,-1.7389,0.0000,631.1667,7,HoodImpact_600_EuroNCAP,557,7,selected_50
1570,11,8,56,510.8630,-244.6568,715.6765,102.0115,2.0056,-1.7048,0.0000,631.1709,8,HoodImpact_600_EuroNCAP,558,8,selected_50
1571,11,9,56,94.3893,455.3432,661.5833,47.9183,2.0056,-0.2598,0.0000,577.0776,9,HoodImpact_600_EuroNCAP,559,9,selected_50
1572,11,10,56,-33.5021,-444.6568,595.7718,-17.8932,2.0056,1.5817,0.0000,511.2662,10,HoodImpact_600_EuroNCAP,560,10,selected_50
1573,11,11,56,481.4907,855.3432,694.1675,80.5025,2.0056,-1.5248,0.0000,609.6619,11,HoodImpact_600_EuroNCAP,561,11,selected_50
1574,11,12,56,-128.1311,755.3432,565.0968,-48.5682,2.0056,1.6502,1.6090,478.9822,12,HoodImpact_600_EuroNCAP,562,12,selected_50
1575,11,13,56,-306.7720,255.3432,537.0431,-76.6219,2.0056,1.6502,2.5408,449.9967,13,HoodImpact_600_EuroNCAP,563,13,selected_50
1576,11,14,56,576.5633,355.3432,726.3085,112.6435,2.0056,-1.7660,0.0000,641.8029,14,HoodImpact_600_EuroNCAP,564,14,selected_50
1577,11,15,56,576.5583,-44.6568,726.3082,112.6432,2.0056,-1.7644,0.0000,641.8025,15,HoodImpact_600_EuroNCAP,565,15,selected_50
1578,11,16,56,278.6628,355.3432,695.8650,82.2000,2.0056,-1.3687,0.0000,611.3594,16,HoodImpact_600_EuroNCAP,566,16,selected_50
1579,11,17,56,-205.2068,-44.6568,572.1668,-41.4982,2.0056,1.6501,3.0858,484.5754,17,HoodImpact_600_EuroNCAP,567,17,selected_50
1580,11,18,56,556.6869,-444.6568,696.0199,82.3549,2.0056,0.8049,0.0000,611.5143,18,HoodImpact_600_EuroNCAP,568,18,selected_50
1581,11,19,56,260.5862,-344.6568,670.6570,56.9920,2.0056,1.6501,0.5616,585.5899,19,HoodImpact_600_EuroNCAP,569,19,selected_50
1582,11,20,56,-110.8354,355.3432,610.8729,-2.7921,2.0056,1.6504,2.0849,524.2824,20,HoodImpact_600_EuroNCAP,570,20,selected_50
1583,11,21,56,377.7089,-44.6568,707.8177,94.1527,2.0056,-1.5035,0.0000,623.3120,21,HoodImpact_600_EuroNCAP,571,21,selected_50
1584,11,22,56,312.7224,555.3432,691.2776,77.6126,2.0056,-0.9374,0.0000,606.7720,22,HoodImpact_600_EuroNCAP,572,22,selected_50
1585,11,23,56,-77.2524,-244.6568,608.5561,-5.1089,2.0056,1.6501,0.8809,523.1696,23,HoodImpact_600_EuroNCAP,573,23,selected_50
1586,11,24,56,-77.3130,555.3432,608.4884,-5.1766,2.0056,1.6501,0.8382,523.1447,24,HoodImpact_600_EuroNCAP,574,24,selected_50
1587,11,25,56,657.1662,655.3432,722.9931,109.3281,2.0056,-1.5800,0.0000,638.4875,25,HoodImpact_600_EuroNCAP,575,25,selected_50
1588,11,26,56,565.5359,155.3432,725.3718,111.7068,2.0056,-1.6729,0.0000,640.8661,26,HoodImpact_600_EuroNCAP,576,26,selected_50
1589,11,27,56,357.7544,755.3432,675.6093,61.9443,2.0056,-0.7090,0.0000,591.1036,27,HoodImpact_600_EuroNCAP,577,27,selected_50
1590,11,28,56,270.4669,55.3432,691.8196,78.1546,2.0056,-1.2215,0.0000,607.3139,28,HoodImpact_600_EuroNCAP,578,28,selected_50
1591,11,29,56,-306.7556,55.3432,537.0754,-76.5896,2.0056,1.6502,2.5664,450.0034,29,HoodImpact_600_EuroNCAP,579,29,selected_50
1592,11,30,56,160.1126,-444.6568,645.6116,31.9466,2.0056,-0.3600,0.0000,561.1059,30,HoodImpact_600_EuroNCAP,580,30,selected_50
1593,11,31,56,656.8107,-344.6568,722.9547,109.2897,2.0056,-1.5588,0.0000,638.4491,31,HoodImpact_600_EuroNCAP,581,31,selected_50
1594,11,32,56,66.2616,-344.6568,627.5279,13.8629,2.0056,1.6502,3.2975,539.7249,32,HoodImpact_600_EuroNCAP,582,32,selected_50
1595,11,33,56,66.6051,655.3432,627.6119,13.9469,2.0056,1.6502,3.2847,539.8216,33,HoodImpact_600_EuroNCAP,583,33,selected_50
1596,11,34,56,291.0172,-144.6568,694.0758,80.4108,2.0056,-1.1966,0.0000,609.5702,34,HoodImpact_600_EuroNCAP,584,34,selected_50
1597,11,35,56,171.6919,255.3432,676.1206,62.4556,2.0056,-0.7878,0.0000,591.6149,35,HoodImpact_600_EuroNCAP,585,35,selected_50
1598,11,36,56,389.9592,455.3432,706.7964,93.1314,2.0056,-1.4926,0.0000,622.2908,36,HoodImpact_600_EuroNCAP,586,36,selected_50
1599,11,37,56,-23.5537,255.3432,632.8642,19.1992,2.0056,0.6783,0.0000,548.3586,37,HoodImpact_600_EuroNCAP,587,37,selected_50
1600,11,38,56,481.3422,-544.6568,694.1494,80.4844,2.0056,-1.5308,0.0000,609.6437,38,HoodImpact_600_EuroNCAP,588,38,selected_50
1601,11,39,56,556.6876,755.3432,696.0364,82.3714,2.0056,0.8348,0.0000,611.5308,39,HoodImpact_600_EuroNCAP,589,39,selected_50
1602,11,40,56,-2.7459,-144.6568,639.8043,26.1393,2.0056,0.6238,0.0000,555.2987,40,HoodImpact_600_EuroNCAP,590,40,selected_50
1603,11,41,56,357.7543,-444.6568,675.6092,61.9442,2.0056,-0.7091,0.0000,591.1036,41,HoodImpact_600_EuroNCAP,591,41,selected_50
1604,11,42,56,283.5723,855.3432,665.5166,51.8516,2.0056,-0.9840,0.0000,581.0110,42,HoodImpact_600_EuroNCAP,592,42,selected_50
1605,11,43,56,-193.0211,455.3432,577.1297,-36.5353,2.0056,1.6502,3.7157,488.9084,43,HoodImpact_600_EuroNCAP,593,43,selected_50
1606,11,44,56,468.9423,255.3432,715.9637,102.2987,2.0056,-1.7600,0.0000,631.4581,44,HoodImpact_600_EuroNCAP,594,44,selected_50
1607,11,45,56,-217.2723,155.3432,575.3034,-38.3616,2.0056,1.6502,1.5384,489.2593,45,HoodImpact_600_EuroNCAP,595,45,selected_50
1608,11,46,56,468.9599,55.3432,715.9655,102.3005,2.0056,-1.7625,0.0000,631.4599,46,HoodImpact_600_EuroNCAP,596,46,selected_50
1609,11,47,56,457.9314,-344.6568,702.4139,88.7489,2.0056,-0.7618,0.0000,617.9083,47,HoodImpact_600_EuroNCAP,597,47,selected_50
1610,11,48,56,458.2863,655.3432,702.4506,88.7856,2.0056,-0.9284,0.0000,617.9450,48,HoodImpact_600_EuroNCAP,598,48,selected_50
1611,11,49,56,260.9358,655.3432,670.7298,57.0648,2.0056,1.6501,0.5627,585.6615,49,HoodImpact_600_EuroNCAP,599,49,selected_50
1612,11,50,56,-125.5168,-344.6568,567.0988,-46.5662,2.0056,1.6502,0.6015,481.9917,50,HoodImpact_600_EuroNCAP,600,50,selected_50
1613,11,51,56,214.2609,-244.6568,675.5406,61.8756,2.0056,-0.7967,0.0000,591.0350,51,HoodImpact_1104_EuroNCAP_Remaining,1013,1,remaining_92
1614,11,52,56,-219.4391,655.3432,534.7854,-78.8796,2.0056,1.6507,1.9682,448.3115,52,HoodImpact_1104_EuroNCAP_Remaining,1014,2,remaining_92
1615,11,53,56,-23.5365,55.3432,632.8684,19.2034,2.0056,0.6946,0.0000,548.3628,53,HoodImpact_1104_EuroNCAP_Remaining,1015,3,remaining_92
1616,11,54,56,179.9834,-44.6568,681.5947,67.9297,2.0056,-1.0826,0.0000,597.0891,54,HoodImpact_1104_EuroNCAP_Remaining,1016,4,remaining_92
1617,11,55,56,116.1159,555.3432,657.3416,43.6766,2.0056,-0.1328,0.0000,572.8360,55,HoodImpact_1104_EuroNCAP_Remaining,1017,5,remaining_92
1618,11,56,56,489.1986,-144.6568,717.3312,103.6662,2.0056,-1.6573,0.0000,632.8256,56,HoodImpact_1104_EuroNCAP_Remaining,1018,6,remaining_92
1619,11,57,56,-286.1735,-144.6568,535.1846,-78.4804,2.0056,1.6505,4.3439,446.3352,57,HoodImpact_1104_EuroNCAP_Remaining,1019,7,remaining_92
1620,11,58,56,81.9348,355.3432,664.0485,50.3835,2.0056,-0.4394,0.0000,579.5428,58,HoodImpact_1104_EuroNCAP_Remaining,1020,8,remaining_92
1621,11,59,56,588.7217,455.3432,725.7904,112.1254,2.0056,-1.9335,0.0000,641.2848,59,HoodImpact_1104_EuroNCAP_Remaining,1021,9,remaining_92
1622,11,60,56,-298.3486,355.3432,534.7773,-78.8877,2.0056,1.6501,2.7164,447.5553,60,HoodImpact_1104_EuroNCAP_Remaining,1022,10,remaining_92
1623,11,61,56,-15.1327,-44.6568,641.0745,27.4095,2.0056,0.8315,0.0000,556.5689,61,HoodImpact_1104_EuroNCAP_Remaining,1023,11,remaining_92
1624,11,62,56,267.4594,155.3432,691.7349,78.0699,2.0056,-1.3393,0.0000,607.2293,62,HoodImpact_1104_EuroNCAP_Remaining,1024,12,remaining_92
1625,11,63,56,680.4156,855.3432,714.7480,101.0830,2.0056,-1.7868,0.0000,630.2424,63,HoodImpact_1104_EuroNCAP_Remaining,1025,13,remaining_92
1626,11,64,56,680.2686,-544.6568,714.7103,101.0453,2.0056,-1.8029,0.0000,630.2047,64,HoodImpact_1104_EuroNCAP_Remaining,1026,14,remaining_92
1627,11,65,56,610.4081,-244.6568,724.2365,110.5715,2.0056,-1.7720,0.0000,639.7309,65,HoodImpact_1104_EuroNCAP_Remaining,1027,15,remaining_92
1628,11,66,56,610.3450,555.3432,724.2311,110.5661,2.0056,-1.7287,0.0000,639.7255,66,HoodImpact_1104_EuroNCAP_Remaining,1028,16,remaining_92
1629,11,67,56,568.4976,55.3432,725.5597,111.8947,2.0056,-1.8641,0.0000,641.0541,67,HoodImpact_1104_EuroNCAP_Remaining,1029,17,remaining_92
1630,11,68,56,568.4800,255.3432,725.5581,111.8931,2.0056,-1.8632,0.0000,641.0525,68,HoodImpact_1104_EuroNCAP_Remaining,1030,18,remaining_92
1631,11,69,56,477.0333,355.3432,717.8416,104.1766,2.0056,-1.6786,0.0000,633.3360,69,HoodImpact_1104_EuroNCAP_Remaining,1031,19,remaining_92
1632,11,70,56,588.7204,-144.6568,725.7904,112.1254,2.0056,-1.9455,0.0000,641.2848,70,HoodImpact_1104_EuroNCAP_Remaining,1032,20,remaining_92
1633,11,71,56,457.2813,755.3432,685.3132,71.6482,2.0056,-0.8417,0.0000,600.8075,71,HoodImpact_1104_EuroNCAP_Remaining,1033,21,remaining_92
1634,11,72,56,457.2813,-444.6568,685.3131,71.6481,2.0056,-0.8417,0.0000,600.8075,72,HoodImpact_1104_EuroNCAP_Remaining,1034,22,remaining_92
1635,11,73,56,369.5754,255.3432,704.8205,91.1555,2.0056,-1.4839,0.0000,620.3149,73,HoodImpact_1104_EuroNCAP_Remaining,1035,23,remaining_92
1636,11,74,56,580.8567,855.3432,705.3987,91.7337,2.0056,-1.7095,0.0000,620.8930,74,HoodImpact_1104_EuroNCAP_Remaining,1036,24,remaining_92
1637,11,75,56,580.7079,-544.6568,705.3832,91.7182,2.0056,-1.7052,0.0000,620.8775,75,HoodImpact_1104_EuroNCAP_Remaining,1037,25,remaining_92
1638,11,76,56,557.6210,655.3432,713.6417,99.9767,2.0056,-1.3171,0.0000,629.1360,76,HoodImpact_1104_EuroNCAP_Remaining,1038,26,remaining_92
1639,11,77,56,557.2657,-344.6568,713.6067,99.9417,2.0056,-1.3492,0.0000,629.1011,77,HoodImpact_1104_EuroNCAP_Remaining,1039,27,remaining_92
1640,11,78,56,477.0283,-44.6568,717.8412,104.1762,2.0056,-1.6837,0.0000,633.3356,78,HoodImpact_1104_EuroNCAP_Remaining,1040,28,remaining_92
1641,11,79,56,489.1998,455.3432,717.3322,103.6672,2.0056,-1.6883,0.0000,632.8266,79,HoodImpact_1104_EuroNCAP_Remaining,1041,29,remaining_92
1642,11,80,56,411.6493,-244.6568,704.7255,91.0605,2.0056,-1.3200,0.0000,620.2199,80,HoodImpact_1104_EuroNCAP_Remaining,1042,30,remaining_92
1643,11,81,56,369.5929,55.3432,704.8227,91.1577,2.0056,-1.4833,0.0000,620.3171,81,HoodImpact_1104_EuroNCAP_Remaining,1043,31,remaining_92
1644,11,82,56,377.7139,355.3432,707.8183,94.1533,2.0056,-1.5272,0.0000,623.3127,82,HoodImpact_1104_EuroNCAP_Remaining,1044,32,remaining_92
1645,11,83,56,389.9580,-144.6568,706.7953,93.1303,2.0056,-1.5135,0.0000,622.2897,83,HoodImpact_1104_EuroNCAP_Remaining,1045,33,remaining_92
1646,11,84,56,291.0185,455.3432,694.0775,80.4125,2.0056,-1.1903,0.0000,609.5718,84,HoodImpact_1104_EuroNCAP_Remaining,1046,34,remaining_92
1647,11,85,56,411.5864,555.3432,704.7167,91.0517,2.0056,-1.2995,0.0000,620.2111,85,HoodImpact_1104_EuroNCAP_Remaining,1047,35,remaining_92
1648,11,86,56,655.4782,755.3432,711.5162,97.8512,2.0056,-0.0407,0.0000,627.0105,86,HoodImpact_1104_EuroNCAP_Remaining,1048,36,remaining_92
1649,11,87,56,382.3621,855.3432,681.0093,67.3443,2.0056,-1.1609,0.0000,596.5037,87,HoodImpact_1104_EuroNCAP_Remaining,1049,37,remaining_92
1650,11,88,56,382.2140,-544.6568,680.9879,67.3229,2.0056,-1.1609,0.0000,596.4823,88,HoodImpact_1104_EuroNCAP_Remaining,1050,38,remaining_92
1651,11,89,56,655.4760,-444.6568,711.5155,97.8505,2.0056,-0.0621,0.0000,627.0098,89,HoodImpact_1104_EuroNCAP_Remaining,1051,39,remaining_92
1652,11,90,56,171.7092,55.3432,676.1224,62.4574,2.0056,-0.7931,0.0000,591.6168,90,HoodImpact_1104_EuroNCAP_Remaining,1052,40,remaining_92
1653,11,91,56,270.4494,255.3432,691.8181,78.1531,2.0056,-1.2215,0.0000,607.3125,91,HoodImpact_1104_EuroNCAP_Remaining,1053,41,remaining_92
1654,11,92,56,278.6578,-44.6568,695.8662,82.2012,2.0056,-1.3456,0.0000,611.3606,92,HoodImpact_1104_EuroNCAP_Remaining,1054,42,remaining_92
1655,11,93,56,312.7848,-244.6568,691.2866,77.6216,2.0056,-1.0251,0.0000,606.7810,93,HoodImpact_1104_EuroNCAP_Remaining,1055,43,remaining_92
1656,11,94,56,258.5349,-444.6568,663.1984,49.5334,2.0056,-0.7400,0.0000,578.6927,94,HoodImpact_1104_EuroNCAP_Remaining,1056,44,remaining_92
1657,11,95,56,258.5295,755.3432,663.2350,49.5700,2.0056,-0.7665,0.0000,578.7293,95,HoodImpact_1104_EuroNCAP_Remaining,1057,45,remaining_92
1658,11,96,56,359.2979,655.3432,688.4467,74.7817,2.0056,0.1014,0.0000,603.9410,96,HoodImpact_1104_EuroNCAP_Remaining,1058,46,remaining_92
1659,11,97,56,358.9454,-344.6568,688.3876,74.7226,2.0056,0.1024,0.0000,603.8819,97,HoodImpact_1104_EuroNCAP_Remaining,1059,47,remaining_92
1660,11,98,56,185.2867,855.3432,647.1045,33.4395,2.0056,-0.2806,0.0000,562.5989,98,HoodImpact_1104_EuroNCAP_Remaining,1060,48,remaining_92
1661,11,99,56,185.1405,-544.6568,647.0732,33.4082,2.0056,-0.2140,0.0000,562.5676,99,HoodImpact_1104_EuroNCAP_Remaining,1061,49,remaining_92
1662,11,100,56,116.1776,-244.6568,657.3561,43.6911,2.0056,-0.1418,0.0000,572.8505,100,HoodImpact_1104_EuroNCAP_Remaining,1062,50,remaining_92
1663,11,101,56,214.1987,555.3432,675.5287,61.8637,2.0056,-0.8733,0.0000,591.0231,101,HoodImpact_1104_EuroNCAP_Remaining,1063,51,remaining_92
1664,11,102,56,179.9884,355.3432,681.5912,67.9262,2.0056,-1.1042,0.0000,597.0856,102,HoodImpact_1104_EuroNCAP_Remaining,1064,52,remaining_92
1665,11,103,56,192.4299,455.3432,679.1649,65.4999,2.0056,-0.8098,0.0000,594.6593,103,HoodImpact_1104_EuroNCAP_Remaining,1065,53,remaining_92
1666,11,104,56,62.7183,755.3432,622.9677,9.3027,2.0056,0.5220,0.0000,538.4621,104,HoodImpact_1104_EuroNCAP_Remaining,1066,54,remaining_92
1667,11,105,56,-2.7445,455.3432,639.8027,26.1377,2.0056,0.5984,0.0000,555.2971,105,HoodImpact_1104_EuroNCAP_Remaining,1067,55,remaining_92
1668,11,106,56,73.5620,255.3432,656.6926,43.0276,2.0056,-0.2067,0.0000,572.1869,106,HoodImpact_1104_EuroNCAP_Remaining,1068,56,remaining_92
1669,11,107,56,163.2816,655.3432,650.7975,37.1325,2.0056,1.6505,1.8766,564.4153,107,HoodImpact_1104_EuroNCAP_Remaining,1069,57,remaining_92
1670,11,108,56,162.9343,-344.6568,650.7051,37.0401,2.0056,1.6505,1.8655,564.3340,108,HoodImpact_1104_EuroNCAP_Remaining,1070,58,remaining_92
1671,11,109,56,62.7184,-444.6568,622.9668,9.3018,2.0056,0.5103,0.0000,538.4612,109,HoodImpact_1104_EuroNCAP_Remaining,1071,59,remaining_92
1672,11,110,56,18.8582,-244.6568,635.4796,21.8146,2.0056,0.7196,0.0000,550.9740,110,HoodImpact_1104_EuroNCAP_Remaining,1072,60,remaining_92
1673,11,111,56,18.7971,555.3432,635.4651,21.8001,2.0056,0.8142,0.0000,550.9595,111,HoodImpact_1104_EuroNCAP_Remaining,1073,61,remaining_92
1674,11,112,56,-29.4757,655.3432,599.0244,-14.6406,2.0056,1.6504,1.2883,513.2305,112,HoodImpact_1104_EuroNCAP_Remaining,1074,62,remaining_92
1675,11,113,56,-98.5662,-144.6568,611.9453,-1.7197,2.0056,1.6503,0.7764,526.6633,113,HoodImpact_1104_EuroNCAP_Remaining,1075,63,remaining_92
1676,11,114,56,-119.2835,55.3432,604.4130,-9.2520,2.0056,1.6510,0.3629,519.5444,114,HoodImpact_1104_EuroNCAP_Remaining,1076,64,remaining_92
1677,11,115,56,-119.3001,255.3432,604.4300,-9.2350,2.0056,1.6501,0.3861,519.5383,115,HoodImpact_1104_EuroNCAP_Remaining,1077,65,remaining_92
1678,11,116,56,-15.1278,355.3432,641.0731,27.4081,2.0056,0.7641,0.0000,556.5675,116,HoodImpact_1104_EuroNCAP_Remaining,1078,66,remaining_92
1679,11,117,56,-29.8161,-344.6568,598.9693,-14.6957,2.0056,1.6502,1.3332,513.1305,117,HoodImpact_1104_EuroNCAP_Remaining,1079,67,remaining_92
1680,11,118,56,-33.5019,755.3432,595.7717,-17.8933,2.0056,1.5880,0.0000,511.2661,118,HoodImpact_1104_EuroNCAP_Remaining,1080,68,remaining_92
1681,11,119,56,-128.1312,-444.6568,565.0961,-48.5689,2.0056,1.6502,1.6083,478.9822,119,HoodImpact_1104_EuroNCAP_Remaining,1081,69,remaining_92
1682,11,120,56,-98.5645,455.3432,612.0022,-1.6628,2.0056,1.6503,0.8457,526.6509,120,HoodImpact_1104_EuroNCAP_Remaining,1082,70,remaining_92
1683,11,121,56,-110.8401,-44.6568,610.8443,-2.8207,2.0056,1.6503,2.0437,524.2951,121,HoodImpact_1104_EuroNCAP_Remaining,1083,71,remaining_92
1684,11,122,56,-125.1790,655.3432,567.2404,-46.4246,2.0056,1.6501,0.6335,482.1013,122,HoodImpact_1104_EuroNCAP_Remaining,1084,72,remaining_92
1685,11,123,56,-219.7703,-344.6568,534.6976,-78.9674,2.0056,1.6502,2.0098,448.1822,123,HoodImpact_1104_EuroNCAP_Remaining,1085,73,remaining_92
1686,11,124,56,-172.0244,555.3432,575.4574,-38.2076,2.0056,1.6501,3.2204,487.7314,124,HoodImpact_1104_EuroNCAP_Remaining,1086,74,remaining_92
1687,11,125,56,-171.9654,-244.6568,575.4658,-38.1992,2.0056,1.6508,3.2088,487.7514,125,HoodImpact_1104_EuroNCAP_Remaining,1087,75,remaining_92
1688,11,126,56,-286.1733,455.3432,535.1889,-78.4761,2.0056,1.6505,4.3570,446.3263,126,HoodImpact_1104_EuroNCAP_Remaining,1088,76,remaining_92
1689,11,127,56,-193.0224,-144.6568,577.1514,-36.5136,2.0056,1.6502,3.7295,488.9163,127,HoodImpact_1104_EuroNCAP_Remaining,1089,77,remaining_92
1690,11,128,56,-205.2019,355.3432,572.1291,-41.5359,2.0056,1.6502,3.0320,484.5914,128,HoodImpact_1104_EuroNCAP_Remaining,1090,78,remaining_92
1691,11,129,56,-298.3532,-44.6568,534.8283,-78.8367,2.0056,1.6501,2.7693,447.5533,129,HoodImpact_1104_EuroNCAP_Remaining,1091,79,remaining_92
1692,11,130,56,-213.6607,55.3432,572.6377,-41.0273,2.0056,1.6502,1.6272,486.5049,130,HoodImpact_1104_EuroNCAP_Remaining,1092,80,remaining_92
1693,11,131,56,-213.6773,255.3432,572.6131,-41.0519,2.0056,1.6502,1.6086,486.4988,131,HoodImpact_1104_EuroNCAP_Remaining,1093,81,remaining_92
1694,11,132,56,-310.2512,155.3432,539.7429,-73.9221,2.0056,1.6501,2.7680,452.4693,132,HoodImpact_1104_EuroNCAP_Remaining,1094,82,remaining_92
1695,11,133,56,-26.9038,155.3432,634.8376,21.1726,2.0056,0.6373,0.0000,550.3320,133,HoodImpact_1104_EuroNCAP_Remaining,1095,83,remaining_92
1696,11,134,56,168.6219,155.3432,676.5526,62.8876,2.0056,-0.9044,0.0000,592.0470,134,HoodImpact_1104_EuroNCAP_Remaining,1096,84,remaining_92
1697,11,135,56,465.9969,155.3432,715.7879,102.1229,2.0056,-1.5995,0.0000,631.2822,135,HoodImpact_1104_EuroNCAP_Remaining,1097,85,remaining_92
1698,11,136,56,81.9298,-44.6568,664.0449,50.3799,2.0056,-0.4917,0.0000,579.5393,136,HoodImpact_1104_EuroNCAP_Remaining,1098,86,remaining_92
1699,11,137,56,94.3878,-144.6568,661.5866,47.9216,2.0056,-0.3235,0.0000,577.0810,137,HoodImpact_1104_EuroNCAP_Remaining,1099,87,remaining_92
1700,11,138,56,192.4285,-144.6568,679.1623,65.4973,2.0056,-0.8003,0.0000,594.6567,138,HoodImpact_1104_EuroNCAP_Remaining,1100,88,remaining_92
1701,11,139,56,73.5793,55.3432,656.6966,43.0316,2.0056,-0.1845,0.0000,572.1910,139,HoodImpact_1104_EuroNCAP_Remaining,1101,89,remaining_92
1702,11,140,56,366.6202,155.3432,704.6502,90.9852,2.0056,-1.4877,0.0000,620.1446,140,HoodImpact_1104_EuroNCAP_Remaining,1102,90,remaining_92
1703,11,141,56,70.3669,155.3432,657.9909,44.3259,2.0056,-0.2443,0.0000,573.4852,141,HoodImpact_1104_EuroNCAP_Remaining,1103,91,remaining_92
1704,11,142,56,-122.8083,155.3432,606.7929,-6.8721,2.0056,1.6506,0.2425,522.0447,142,HoodImpact_1104_EuroNCAP_Remaining,1104,92,remaining_92
